No,food,makanan,kalori,lemak,karbohidrat,gula,protein,serat,kolesterol,natrium,air,vitamin_A,vitamin_B1,vitamin_B11,vitamin_B12,vitamin_B2,vitamin_B3,vitamin_B5,vitamin_B6,vitamin_C,vitamin_D,vitamin_E,vitamin_K,kalsium,zat_besi,magnesium,fosfor,kalium,zinc,kepadatan_nutrisi
1,cream cheese,krim keju,51,5,0.8,0.5,0.9,0,14.6,16,7.6,0.2,33,64,92,97,84,52,96,4,0,0,0.1,8,82,27,91,15.5,39,07.07
2,neufchatel cheese,keju neufchatel,215,19.4,3.1,2.7,7.8,0,62.9,0.3,53.6,0.2,99,79,0.09,0.1,0.2,0.5,78,0,0,0.3,45,99.5,0.1,8.5,117.3,129.2,0.7,130.1
3,requeijao cremoso light catupiry,requeijao cremoso catupiry ringan,49,3.6,0.9,3.4,0.8,0.1,0,0,0,0,0,0,0,0,0,0,0,0,0,0,0,0,0,0,0,0,0,5.4
4,ricotta cheese,keju ricotta,30,2,1.5,91,1.5,0,9.8,17,14.7,75,19,79,91,27,41,16,7,6,0,1,11,97,97,96,24,30.8,35,5.196
5,cream cheese low fat,keju krim rendah lemak,30,2.3,1.2,0.9,1.2,0,8.1,46,10,16,0.08,62,49,26,0.08,0.1,3,0,36,9,19,22.2,8,1.2,22.8,37.1,53,27.007
6,cream cheese fat free,keju krim bebas lemak,19,0.2,1.4,1,2.8,0,2.2,0.1,12.9,63,0.02,89,92,21,25,0.2,38,0,0,49,59,63.2,53,4,94.1,50,0.3,67.679
7,gruyere cheese,keju gruyere,116,9.1,0.1,0.1,8.3,0,30.8,0.2,9.3,61,21,72,78,4,43,0.2,51,0,34,35,48,283.1,94,10.1,169.4,22.7,1.1,300.694
8,cheddar cheese,keju cheddar,113,9.3,0.9,0.1,6.4,0,27.7,0.2,10.3,54,31,5,73,0.1,0.01,0.1,5,0,0.06,0.2,35,198.8,77,7.6,127.4,21.3,1,215.53
9,parmesan cheese,keju parmesan,71,4.5,0.6,46,6.4,0,12.2,0.2,5.4,67,62,99,59,57,39,0.06,66,0,95,18,21,213.1,0.1,7.9,124.9,16.6,0.5,224.777
10,romano cheese,keju romano,19,1.3,0.2,88,1.6,0,5.2,8,1.5,64,58,26,45,59,55,25,29,0,73,78,4,53.2,0.03,2.1,38,4.3,0.1,56.38
11,parmesan cheese grated,keju parmesan parut,21,1.4,0.7,75,1.4,0,4.3,43,1.1,17,3,15,91,81,77,57,77,7,0,2,14,12,94,94,26,31.4,38,3.745
12,port salut cheese,keju port salut,465,37.2,0.8,0.8,31.4,0,162.4,0.7,60,0.4,12,35,67,0.3,19,0.3,0.08,0,57,0.3,94,858,0.6,31.7,475.2,179.5,3.4,928.4
13,swiss cheese,keju swiss,98,7.7,0.4,0,6.7,0,23.3,57,9.4,69,8,27,8,18,58,0.1,36,0,16,0.2,56,222.5,24,8.3,143.5,18,1.1,237.396
14,goat cheese hard,keju kambing keras,128,10.1,0.6,0.6,8.6,0,29.7,76,8.2,0.1,71,35,93,0.3,0.7,0.1,7,0,44,83,39,253.3,0.5,15.3,206.3,13.6,0.4,273.2
15,gouda cheese,keju gouda,100,7.7,0.6,0.6,7,0,31.9,0.2,11.6,53,16,42,0.01,9,81,11,53,0,0.04,26,74,196,0.06,8.1,152.9,33.9,1.1,211.424
16,pepper jack cheese lucerne,keju pepper jack dan alfalfa,75,6,0,0,5,2.5,0,0,0,0,0,0,0,0,0,0,0,0,0,0,0,0,0,0,0,0,0,13.5
17,caraway cheese,keju jintan,106,8.3,0.9,0,7.1,0,26.3,0.2,11.1,14,77,66,38,0.1,0.04,22,86,0,0,0,0,190.5,0.2,6.2,138.7,26.3,0.8,207.072
18,gjetost cheese,keju gjetost,1058,67,96.8,0,21.9,0,213.4,1.4,30.5,0.8,0.7,76,47,3.1,1.8,7.6,0.6,0,0,0,0,908,1.2,158.9,1007.9,3198.4,2.6,1095.7
19,tilsit cheese,keju tilsit,136,10.4,0.8,0,9.8,0,40.8,0.3,17.1,57,36,72,58,0.1,68,0.1,36,0,0,0,0,280,0.01,5.2,200,26,1.4,301.069
20,goat cheese,keju kambing,103,8.4,9,31,6.1,0,22.4,0.1,12.9,0.1,13,11,86,0.2,0.3,0.03,87,0,78,82,46,84.3,0.5,8.2,106.1,44.7,0.2,99.494
21,brick cheese,keju bata,111,8.9,0.8,0.2,7,0,28.2,0.2,12.3,16,42,59,74,0.1,85,86,33,0,42,72,64,202.2,0.1,7.2,135.3,40.8,0.8,219.002
22,asadero cheese,keju asadero,402,31.9,3.2,3.2,25.5,0,118.7,0.7,47.6,98,34,5,43,0.3,0.2,0.3,24,0,71,0.3,0.02,746.9,0.6,29.4,500.6,97.2,3.4,808.175
23,camembert cheese,keju camembert,90,7.3,0.1,0.1,5.9,0,21.6,0.3,15.5,91,54,43,34,0.1,0.2,0.4,17,0,93,14,24,116.4,63,6,104.1,56.1,0.7,129.826
24,provolone cheese reduced fat,keju provolone rendah lemak,310,19.9,4,0.6,27.9,0,62.2,1,57.2,0.2,0.05,63,79,0.4,0.2,0.5,61,0,27,0.2,76,854.3,0.6,31.6,560.5,155.9,3.6,906.9
25,roquefort cheese,keju roquefort,314,26,1.7,0,18.3,0,76.5,1.5,33.5,0.2,92,37,2,0.5,0.6,1.5,0.1,0,0,0,0,562.7,0.5,25.5,333.2,77.4,1.8,609.4
26,queso blanco cheese,keju queso blanco,366,28.7,3,2.1,24,0,82.6,0.8,57.5,0.2,97,0,22,0.3,38,0.5,0.1,0,0.05,0.6,61,814.2,0.2,34.2,551.1,148.7,3.6,870.3
27,queso seco cheese,keju queso seco,315,23.6,2,0.5,23.8,0,75.7,1.8,40.9,0.2,38,0,0.01,0.2,27,0.4,49,0,32,0.5,45,641.2,0.2,26.2,460.8,112.5,3.2,691
28,goat cheese soft,keju kambing lembut,75,6,0,0.3,5.2,0,13,0.1,17.2,49,57,37,12,0.1,0.1,0.2,36,0,92,0.01,93,39.6,0.5,4.5,72.4,7.4,0.3,51.311
29,mozzarella cheese,keju mozarella,90,6.6,0.7,0,6.7,0,23.7,0.1,15,37,88,88,81,71,13,89,16,0,44,1,8,151.5,0.1,6,106.2,22.8,0.9,165.648
30,chihuahua cheese,keju chihuahua,494,39.2,7.3,7.3,28.5,0,138.6,0.8,51.7,7,53,31,82,0.3,0.2,0.4,61,0,89,0.3,11,859.3,0.6,30.4,583.4,68.6,4.6,934.983
31,limburger cheese,Keju Limburger,98,8.2,0.1,0.1,6,0,27,0.2,14.5,0.1,21,95,82,0.2,9,0.4,2,0,4,55,46,149.1,11,6.3,117.9,38.4,0.6,163.575
32,muenster cheese,keju muenster,486,39.7,1.5,1.5,30.9,0,126.7,0.8,55.1,0.4,16,9,85,0.4,0.1,0.3,72,0,65,0.3,56,946.4,0.5,35.6,617.8,176.9,3.7,1019.4
33,queso fresco cheese,keju queso fresco,365,29.1,3.6,2.8,22.1,0,84.2,0.9,62.7,0.3,19,29,76,0.2,0.05,0.4,0.06,0,55,0.5,87,690.5,0.2,29.3,469.7,157.4,3.1,745.8
34,brie cheese,keju brie,100,8.3,0.1,0.1,6.2,0,30,0.2,14.5,14,0.04,25,73,0.2,0.1,0.2,1,0,68,78,56,55.2,0.2,6,56.4,45.6,0.7,70.096
35,pimento cheese,keju pimento,525,43.7,2.4,0.9,31,0.1,131.6,2,54.7,0.3,23,43,16,0.5,0.1,0.7,11,3.2,99,0.4,86,859.6,0.6,30.8,1041.6,226.8,4.2,940.9
36,mexican cheese,keju Meksiko,316,21.7,3.8,0.6,27.7,0,69.4,0.9,54,0.2,91,27,0.05,0.3,17,0,0.04,0,87,0.2,73,1283.5,0.1,39.2,653,104.2,4.8,1337
37,feta cheese,keju feta,80,6.4,1.2,0,4.3,0,26.7,0.3,16.6,14,63,21,76,0.3,0.3,0.3,0.1,0,0.06,36,57,147.9,0.2,5.7,101.1,18.6,0.9,160.058
38,mozzarella cheese fat free,Keju mozzarella bebas lemak,159,0,4,1.7,35.8,2,20.3,0.8,68,0.1,79,11,25,0.3,0.1,0,55,0,0,0.2,18,1085.9,0.4,37.3,741.3,119.8,4.4,1128.2
39,provolone cheese,keju provolone,463,35.1,2.8,0.7,33.8,0,91.1,1.2,54.1,0.3,13,17,5,0.4,0.2,0.6,52,0,28,0.3,1,997.9,0.7,37,654.7,182.2,4.3,1070.6
40,anejo cheese,keju anejo,492,39.6,6.1,6.1,28.3,0,138.6,1.5,50.2,98,69,81,77,0.3,88,0.3,11,0,32,0.3,78,897.6,0.6,37,586.1,114.8,3.9,972.205
41,honey,Sayang,64,0,17.3,17.2,0.08,25,0,11,3.6,0,0,22,0,3,12,0.03,4,0.1,0,0,0,1.3,17,0.4,0.8,10.9,8,18.892
42,apple butter,mentega apel,35,63,8.5,7.1,45,0.3,0,3,11.3,0,78,0.02,0,53,92,5,57,0.1,0,0.06,75,2.8,25,0.8,1.6,18.2,95,11.836
43,fruit jam,selai buah,56,95,13.8,9.7,0,0.2,0,52,6.1,0,83,76,0,24,0.07,45,37,1.8,0,62,0,4,0.07,0.8,3.8,15.4,0.03,19.919
44,chocolate hazelnut spread,selai coklat hazelnut,100,5.5,11.5,10,1,1,0,99,0.2,0,5,0.02,42,36,72,0.1,56,0,0,0.9,71,20,0.8,11.8,28.1,75.3,0.2,39.8
45,peanut butter,selai kacang,88,7.4,3.6,1,3.3,0.9,0,85,0.2,0,0,81,63,0,41,2,0.2,78,0,0,0.9,0,79,0.3,0.2,50.3,44,15.268
46,peanut spread,selai kacang,101,8.5,2.2,0.5,3.8,1.2,0,28,0.3,0,91,79,0,25,2.5,0.2,49,0,0,1.2,46,11.2,0.4,25.4,54.3,126.8,0.5,27.3
47,chicken spread,olesan ayam,88,9.8,2.3,0.3,10.1,0.2,31.4,0.4,32.1,76,0.06,48,64,3,1.5,0.2,16,0,0,0,0,9,0.5,6.7,49.8,59.4,0.6,31.972
48,cheese spread,olesan keju,708,68.6,8.4,8.4,17,0,216,1.2,140.4,0.7,71,27,11,0.5,2.3,0,51,0,91,1.8,98,170.4,2.7,14.4,218.4,268.8,1.2,267.8
49,tahini,tahini,86,7.2,3.9,0,2.7,1.4,0,98,0.5,0,0.2,34,0,86,0.9,0.1,36,0,0,0,0,63,0.4,14.4,112.8,62.1,0.7,78.6
50,orange marmalade,selai jeruk,49,0,13.3,12,14,0.1,0,16,6.6,0,98,0.06,0,75,65,28,46,1,0,89,0,7.6,53,0.4,0.8,7.4,46,22.119
51,american cheese spread,olesan keju amerika,46,3.4,1.4,1.2,2.6,0,8.8,0.3,7.6,43,12,66,22,76,89,0.1,86,0,14,22,46,89.9,79,4.6,140,38.7,0.4,97.357
52,apricot jam,selai aprikot,48,0.01,12.9,8.7,0.1,44,0,4,6.9,0,0,17,0,53,96,87,68,1.8,0,48,0,4,66,0.8,0.6,15.4,62,18.91
53,chunky peanut butter,selai kacang kental,94,8,3.5,1.3,3.8,1.3,0,0.03,0.2,0,18,94,0,13,2.2,0.2,72,0,0,1,16,7.2,0.3,25.6,51,119.2,0.4,24.1
54,corn rice,nasi jagung,110,0.3,25.2,3,1.8,0.4,0,0.2,1.1,0.2,1.8,0,0,1.1,8.6,7,1.7,11.2,0,35,0,2.9,9.9,5.5,22.3,30.5,2.2,51.9
55,hummus,bubur sumsum,435,21.1,49.5,0.7,12,9.8,0,0.6,159.6,0,0.2,0.1,0,0.1,1,0.7,1,19.4,0,1.8,59,120.5,3.8,71.3,270.6,425.6,2.7,236.1
56,ladyfingers,kue berbentuk jari,103,2.6,16.9,7.2,3,0.3,62.5,16,5.5,0,96,78,0.05,0.1,0.6,0.3,77,1,33,0.2,2,13.3,1,3.4,49,32,0.3,38.1
57,baked beans,kacang panggang,310,10.3,43.3,0,11.1,11,10,0.8,130.3,0,0,0.3,31,0,36,0.8,0.3,0.2,2.2,0,0,0,0.3,4,0.5,218,52,76.2
58,egg mix,campuran telur,30,2.2,98,91,2.4,0,81.5,12,0.1,78,92,91,85,69,93,73,0.3,34,0,49,0.2,78,55,0.4,15,31.5,43,4.876
59,beef stock,kaldu sapi,31,0.2,2.9,1.3,4.7,0,0,0.5,230.1,0,44,38,0,0.2,2.1,0,0.1,0,0,48,24,19.2,0.6,16.8,74.4,444,0.4,27.6
60,fish broth,kaldu ikan,39,1.5,1,0.2,4.9,0,0,0.5,234.2,68,0,55,22,89,3.3,0,57,0,0,0.4,94,73.2,0.5,2.4,73.2,209.8,0.2,81.193
61,ramen noodle soup dry,sup mie ramen kering,371,13.3,53.9,1.3,8.9,2,0,1.7,4.2,0,0.9,8,35,0.2,3.5,0.2,14,0.3,0,1.3,38,24.7,3.4,19.6,101.2,152.2,0.7,106.5
62,chicken broth,kaldu ayam,12,0.5,1,0,1,0,0,0.9,229.8,0,28,0,0,0.03,1.2,0.04,72,16.5,0,0,0,14.1,0.5,2.4,30.6,188,0.2,33.6
63,beef broth powder,bubuk kaldu sapi,8,0.3,0.6,0.6,0.6,0,0.4,0.9,0.1,0,29,73,8,75,0.2,75,44,0,0,68,16,2.2,0.03,1.8,11.5,16.1,0,3.739
64,chicken stock,kaldu ayam,86,2.9,8.5,3.8,6,0,7.2,0.3,221.2,9,73,59,0,0.2,3.8,0,0.1,0.5,0,46,81,7.2,0.5,9.6,64.8,252,0.3,25.696
65,sucker raw,pengisap mentah,146,3.7,0,0,26.6,0,65.2,0,126.7,41,95,28,63,0.1,1.9,1.2,0.3,0,0,0,0,111.3,2.1,47.7,333.9,604.2,1.2,143.779
66,northern pike raw,tombak utara mentah,348,2.7,0,0,76.3,0,154.4,0.2,312.5,59,0.2,77,78,0.2,9.1,3,0.5,15,25,0.8,89,225.7,2.2,122.8,871.2,1025.6,2.7,321.946
67,haddock cooked,ikan haddock yang dimasak,135,0.8,0,0,30,0,99,0.4,119.5,12,99,35,45,0.1,6.2,0.7,0.5,0,64,0.8,4,21,0.3,39,417,526.5,0.6,52.159
68,burbot cooked,ikan burbot yang dimasak,104,0.9,0,0,22.3,0,69.3,0.1,66.1,71,0.4,59,87,0.2,1.8,0.2,0.3,0,0,0,0,57.6,1,36.9,230.4,466.2,0.9,81.891
69,pollock cooked,ikan pollock yang dimasak,356,3.8,0,0,75.3,0,274.8,0.3,217.5,45,0.2,92,93,0.7,12,1.2,1,0,0,0,0,232.5,1.8,259.7,854.7,1377.1,1.8,313.428
70,rainbow smelt raw,ikan smelt pelangi mentah,27,0.7,0,0,5,0,19.8,19,22.3,36,71,57,56,24,0.4,0.2,95,0,45,0.1,68,17,0.3,8.5,65.1,82.1,0.5,23.004
71,whitefish cooked,ikan putih dimasak,265,11.6,0,0,37.7,0,118.6,0.1,100.2,82,0.3,0,27,0.2,5.9,1.3,0.5,0,0,0,0,50.8,0.7,64.7,532.8,625.2,2,100.864
72,walleye pike raw,walleye tombak mentah,148,1.9,0,0,30.4,0,136.7,11,126.1,83,0.4,32,6,0.3,3.7,1.2,0.2,0,0,0,0,174.9,2.1,47.7,333.9,618.5,1,209.316
73,carp cooked,ikan mas yang dimasak,275,12.2,0,0,38.9,0,142.8,0.1,118.4,0.02,0.2,56,0.09,0.1,3.6,1.5,0.4,2.7,0,0,0,88.4,2.7,64.6,902.7,725.9,3.2,144.989
74,wolffish cooked,ikan serigala dimasak,293,7.3,0,0,53.4,0,140.4,0.3,176.7,0.3,0.5,63,0.08,0.2,6.2,1.6,1.1,0,0,0,0,19,0.3,90.4,609.3,916.3,2.4,80.3
75,snapper cooked,ikan kakap masak,218,2.9,0,0,44.7,0,79.9,66,119.6,71,9,94,0.05,65,0.6,1.5,0.8,2.7,0,0,0,68,0.4,62.9,341.7,887.4,0.7,118.742
76,roe cooked,telur ikan yang sudah dimasak,58,2.3,0.5,0,8.1,0,135.6,55,16.6,66,1,55,56,0.3,0.6,0.3,85,4.6,0,0,0,7.9,0.2,7.4,145.7,80.1,0.4,23.609
77,anchovy raw,ikan teri mentah,37,1.4,0,0,5.8,0,17,12,20.8,97,55,29,32,9,4,0.2,67,0,0,0.2,15,41.6,0.9,11.6,49.2,108.4,0.5,49.714
78,herring raw,ikan haring mentah,291,16.6,0,0,33,0,110.4,0.2,132.6,27,0.2,84,16,0.4,5.9,1.2,0.6,1.3,5,2,33,104.9,2,58.9,434.2,601.7,1.8,157.898
79,cod raw,ikan kod mentah,189,1.5,0,0,41.1,0,99.3,0.1,187.6,45,0.2,16,61,0.2,4.8,0.4,0.6,2.3,83,1.5,21,37,0.9,73.9,468.9,954,1,82.88
80,tilapia raw,ikan nila mentah,111,2,0,0,23.3,0,58,9,90.6,0,94,0.09,0.02,36,4.5,0.6,0.2,0,19,0.5,68,11.6,0.6,31.3,197.2,350.3,0.4,37.5
81,whiting cooked,ikan whiting yang dimasak,84,1.2,0,0,16.9,0,60.5,18,53.8,64,0.04,75,45,0.05,1.2,0.2,0.1,0,27,0.3,75,44.6,0.3,19.4,205.2,312.5,0.4,63.037
82,skipjack tuna cooked,ikan cakalang yang dimasak,407,4,0,0,86.9,0,184.8,0.1,191.8,59,0.1,0.06,41,0.4,57.8,1.5,3,3.1,0,0,0,114,4.9,135.5,877.8,1607.8,3.2,212.936
83,salmon cooked,salmon dimasak,733,44,0,0,78.7,0,224.3,0.2,230.5,0.2,1.2,0.1,0.01,0.5,28.6,5.3,2.3,13.2,46,4.1,44,53.4,1.2,106.8,897.1,1367,1.5,190.7
84,swordfish raw,ikan todak mentah,196,9,0,0,26.7,0,89.8,0.1,99.8,0.04,0.1,36,0.02,71,10.6,0.5,0.7,0,82,2.7,23,6.8,0.5,39.4,346.8,568.5,0.9,43.072
85,rainbow trout cooked,ikan trout pelangi dimasak,119,5.2,0,0,16.9,0,49.7,41,48.8,0.09,24,0.1,35,11,77,4.7,1.4,0.3,2.1,92,2,3,93,0.3,43,191.7,59,22.557
86,fish sandwich with cheese,sandwich ikan dengan keju,374,19.6,35.4,4.9,15.1,0,49.6,0.6,61.3,0,0.3,0,7,0.3,3.1,0.3,44,2,0,0,0,160.8,2.1,36.2,183.6,294.8,0.8,235
87,jellyfish dried,ubur-ubur kering,21,0.8,0,0,3.2,0,2.9,5.6,39.4,24,82,33,0,0.05,0.1,0,54,0,0,0.05,59,1.2,1.3,1.2,11.6,1.7,0.2,6.517
88,mullet raw,mullet mentah,139,4.5,0,0,23,0,58.3,98,91.6,48,0.1,2,92,0.07,6.2,0.9,0.5,1.4,65,1.2,66,48.8,1.2,34.5,263,424.8,0.6,78.949
89,lingcod raw,lingcod mentah,213,2.7,0,0,44.2,0,130,0.1,202.6,79,67,0.04,93,0.3,4.8,1.9,0.8,0,0,0,0,35,0.8,65,502.5,1092.5,1.1,82.778
90,cisco raw,cisco mentah,77,1.5,0,0,15,0,39.5,42,62.4,22,98,16,23,24,2,0.6,0.2,0,0,0,0,9.5,0.3,13.4,120.1,279.7,0.3,26.367
91,snapper raw,ikan kakap mentah,218,2.9,0,0,44.7,0,80.7,0.1,167.6,0.01,0.1,28,0.06,49,0.6,1.6,0.9,3.5,54,2.1,98,69.8,0.4,69.8,431.6,909.1,0.8,121.32
92,fish sandwich,roti lapis ikan,565,27.4,58.7,7.8,22.6,0,77,1.3,106.6,0.2,0,0.5,0,0,0.3,4.7,0.8,0.2,4,0,0,0,0.2,3.3,0.6,255.2,0.1,109.3
93,haddock raw,ikan haddock mentah,143,0.9,0,0,31.5,0,104.2,0.4,160.9,98,0.01,5,12,0.1,6.5,0.8,0.5,0,25,0.9,79,21.2,0.3,40.5,438.1,552,0.6,53.952
94,ocean perch raw,ikan kerapu laut mentah,51,1,0,0,9.8,0,33.3,0.2,50.4,87,64,74,21,0.06,0.6,0.2,78,0,0.08,0.5,51,17.9,0.1,14.7,158.7,119.7,0.2,28.835
95,cuttlefish cooked,sotong dimasak,45,0.4,0.5,0,9.2,0,63.4,0.2,17.3,0.05,0.07,46,57,0.5,0.6,0.3,15,2.4,0,0,0,50.9,3.1,17,164.1,180.3,1,66.521
96,cod cooked,ikan kod yang dimasak,189,1.5,0,0,41.1,0,99,0.1,136.7,77,0.2,24,71,0.1,4.5,0.3,0.5,1.8,97,1.5,28,25.2,0.9,75.6,248.4,439.2,1,70.534
97,seatrout raw,ikan kakap mentah,248,8.6,0,0,39.8,0,197.5,0.1,185.9,56,0.1,85,83,0.4,5.7,1.8,1,0,0,0,0,40.5,0.6,73.8,595,811.6,1.1,89.528
98,flounder raw,ikan flounder mentah,114,3.1,0,0,20.2,0,73.4,0.5,137.9,36,53,48,72,91,1.7,0.3,0.2,0,59,1,74,34.2,0.3,29.3,410.8,260.8,0.5,57.837
99,spot cooked,dimasak di tempat,79,3.1,0,0,11.9,0,38.5,22,34.6,51,51,36,93,0.1,4.3,0.4,0.2,0,0,0,0,9,0.2,27,119,318,0.3,24.239
100,walleye pike cooked,ikan walleye pike yang dimasak,148,1.9,0,0,30.4,0,136.4,69,91.1,85,0.4,32,47,0.2,3.5,1.1,0.2,0,0,0,0,174.8,2.1,47.1,333.6,618.8,1,209.213
101,perch raw,bertengger mentah,55,0.6,0,0,11.6,0,54,37,47.5,52,0.03,41,34,1,0.9,0.5,91,1,84,0.1,92,48,0.5,18,120,161.4,0.7,61.715
102,pumpkin seed sunfish raw,biji labu ikan matahari mentah,43,0.3,0,0,9.3,0,32.2,0.06,38.2,96,31,87,0.07,64,0.6,0.4,24,0.5,0,0,0,38.4,0.6,14.4,86.4,168,0.7,49.154
103,salt mackerel,makarel asin,415,34.1,0,0,25.2,0,129.2,6.1,58.5,31,0.05,61,65,0.3,4.5,0,0.6,0,0.03,3.2,43,89.8,1.9,81.6,345.4,707.2,1.5,151.025
104,mackerel cooked,makarel yang dimasak,231,15.7,0,0,21,0,66,64,46.9,65,0.1,14,97,0.4,6,0.9,0.4,0.4,0,0,0,13.2,1.4,85.4,244.6,352.9,0.8,51.733
105,tilapia cooked,ikan nila yang dimasak,111,2.3,0,0,22.8,0,49.6,11,62.3,0,21,6,37,72,4.1,0.6,0.1,0,13,0.7,53,12.2,0.6,29.6,177.5,330.6,0.4,37.9
106,drum raw,drum mentah,236,9.8,0,0,34.7,0,126.7,0.1,153.1,0.1,0.1,0.07,0.03,0.3,4.7,1.5,0.6,2,0,0,0,118.8,1.8,59.4,356.4,544.5,1.3,167.2
107,atlantic croaker fried,ikan croaker atlantik goreng,192,11,6.6,0,15.8,0.3,73.1,0.3,52,4,6,44,32,0.1,3.7,0.6,0.2,0,0,0,0,27.8,0.7,36.5,188.8,295.8,0.5,62.209
108,pumpkin seed sunfish cooked,ikan sunfish biji labu dimasak,42,0.3,0,0,9.2,0,31.8,46,27.3,87,1,38,62,28,0.5,0.3,66,0.4,0,0,0,38.1,0.6,14.1,85.5,166.1,0.7,48.674
109,wolffish raw,ikan serigala mentah,294,7.3,0,0,53.6,0,140.8,0.3,244.5,0.3,0.6,62,74,0.2,6.5,1.7,1.2,0,0,0,0,18.4,0.3,91.8,612,918,2.4,79.9
110,bluefin tuna cooked,tuna sirip biru dimasak,276,9.4,0,0,44.9,0,73.5,0.02,88.6,1.1,0.4,34,62,0.5,15.8,2.1,0.8,0,0,0,0,15,2,96,489,484.5,1.2,72.4
111,scup cooked,tulang rusuk dimasak,68,1.8,0,0,12.1,0,33.5,61,34.2,93,4,51,37,44,2.5,0.4,0.2,0,0,0,0,25.5,0.3,14.5,118.5,184,0.3,39.718
112,herring cooked,ikan haring yang dimasak,290,16.6,0,0,32.9,0,110.1,0.2,91.7,76,0.2,67,0.06,0.4,5.9,1.1,0.5,1,0,2,74,105.8,2,58.6,433.3,599.2,1.8,158.304
113,bluefish raw,ikan bluefish mentah,186,6.4,0,0,30.1,0,88.5,28,106.3,0.2,33,51,32,0.1,8.9,1.2,0.6,0,0,0,0,10.5,0.7,49.5,340.5,558,1.2,47.9
114,sheepshead cooked,kepala domba yang dimasak,234,3,0,0,48.4,0,119,0.1,128.4,69,61,58,62,89,3.3,1.6,0.7,0,0,0,0,68.8,1.2,65.1,651,952.3,1.2,121.48
115,bass cooked,ikan bass dimasak,91,2.9,0,0,15,0,53.9,78,42.6,73,81,85,2,9,0.9,0.5,23,1.3,0,0,0,63.9,1.2,23.6,158.7,282.7,0.5,84.379
116,pout cooked,cemberut matang,279,3.2,0,0,58.4,0,183.6,0.2,208.5,62,0.3,77,17,0.2,7,0.5,0.8,0,0,0,0,35.6,1,46.6,701.4,1405.6,3.6,98.207
117,chinook salmon raw,salmon chinook mentah,709,41.3,0,0,78.9,0,198,0.2,283.7,0.5,0.2,0.1,77,0.4,33.3,3,1.6,15.8,0,4.8,0,103,1,376.2,1144.4,1560.2,1.7,240.5
118,rockfish raw,ikan karang mentah,172,2.6,0,0,35.1,0,95.5,0.1,151,7,39,45,92,0.4,4.6,0.6,0.4,0,27,0.7,0,26.7,0.6,51.6,391.6,737.3,0.7,65.002
119,tilefish raw,tilefish mentah,371,8.9,0,0,67.6,0,193,0.2,304.6,57,0.5,42,57,0.6,11.2,2.9,1,0,0,0,0,100.4,1,108.1,721.8,1671.4,1.4,177.901
120,scup raw,kulit mentah,174,4.5,0,0,31.3,0,86.3,82,125.1,37,0.2,0.02,14,0.2,6.8,1.2,0.5,0,77,0.8,1,66.4,0.9,38.2,307.1,476.4,0.8,103.111
121,sablefish cooked,ikan gabus yang dimasak,755,59.3,0,0,51.9,0,190.3,0.2,189.8,0.3,0.4,85,46,0.3,15.5,2.6,1,0,0,0,0,135.9,5,214.4,649.3,1386.2,1.2,252.4
122,tuna salad,salad ikan tuna,383,19,19.3,0,32.9,0,26.7,0.8,129.5,4,28,59,49,0.1,13.7,0.5,0.2,4.5,0,0,0,34.9,2.1,39,364.9,364.9,1.1,112.727
123,coho salmon cooked,salmon coho dimasak,255,11.8,0,0,34.7,0,90.1,0.06,95.8,63,0.1,64,86,0.2,10.6,1.8,0.8,2.1,0,0,0,17.2,0.6,48.6,474.8,657.8,0.7,66.478
124,roe raw,telur ikan mentah,20,0.9,0.2,0,3.1,0,52.4,52,9.5,28,25,68,4,0.1,0.3,0.1,72,2.2,0.02,1,18,3.1,85,2.8,56.3,30.9,0.1,9.553
125,sea bass raw,ikan bass laut mentah,125,2.6,0,0,23.8,0,52.9,84,101,1,0.1,79,64,0.2,2.1,1,0.5,0,71,1.1,91,12.9,0.4,52.9,250.3,330.2,0.5,39.739
126,pink salmon cooked,salmon merah muda dimasak,349,12,0,0,56,0,125.4,0.2,161.1,29,55,0.2,43,12,0.3,21.9,2.8,1.6,0,41,1.1,66,0.2,1,3,713.6,89,69.873
127,sockeye salmon cooked,salmon sockeye dimasak,493,17.3,0,0,82.1,0,189.1,0.3,208.7,87,0.2,0.5,35,0.04,0.8,31.4,4.3,2.6,0,16,3.1,89,0.2,1.6,96,945.5,0.1,102.315
128,whitefish raw,ikan putih mentah,265,11.6,0,0,37.8,0,118.8,0.1,144.1,92,0.3,89,95,0.2,5.9,1.5,0.6,0,95,0.4,61,51.5,0.7,65.3,534.6,627.7,2,101.603
129,greenland halibut cooked,ikan halibut greenland yang dimasak,760,56.4,0,0,58.6,0,187.6,0.3,196.8,93,0.2,0.07,4,0.3,6.1,0.9,1.5,0,0,0,0,12.7,2.7,104.9,667.8,1093.9,1.6,130.404
130,northern pike cooked,tombak utara dimasak,350,2.7,0,0,76.5,0,155,0.2,226.2,95,0.2,98,88,0.2,8.7,2.7,0.4,11.8,0,0,0,226.3,2.2,124,874.2,1026.1,2.7,319.506
131,salmon raw,salmon mentah,824,53.1,0,0,80.9,0,217.8,0.2,257,0,0.8,0.1,21,0.6,34.3,6.1,2.5,15.4,0,14.1,59,35.6,1.3,106.9,950.4,1437.5,1.4,186.3
132,turbot cooked,ikan turbot dimasak,388,12,0,0,65.4,0,197.2,0.6,224,0.02,0.2,0.04,26,0.3,8.5,2.1,0.8,5.4,0,0,0,73.1,1.5,206.7,524.7,969.9,0.9,157.453
133,surimi,surimi,28,0.3,1.9,0,4.3,0,8.5,42,21.6,84,72,6,35,78,62,55,64,0,0,0.2,3,2.5,57,12.2,79.8,31.7,26,9.072
134,chinook salmon cooked,salmon chinook dimasak,711,41.2,0,0,79.2,0,261.8,0.2,202,0.5,0.1,0.1,65,0.5,30.9,2.7,1.4,12.6,0,0,0,86.2,2.8,375.8,1142.7,1555.4,1.7,222.5
135,mullet cooked,mullet dimasak,140,4.5,0,0,23.1,0,58.6,1,65.6,53,22,34,84,0.09,5.9,0.8,0.5,1.1,0,0,0,28.8,1.3,30.7,226.9,425.9,0.8,58.866
136,chum salmon raw,salmon chum mentah,3,0.1,0,0,0.6,0,2.1,29,2.1,0.08,16,97,65,0.06,0.2,43,36,0,0,93,0,0.3,38,0.6,7.9,12,62,1.025
137,butterfish raw,ikan mentega mentah,47,2.6,0,0,5.5,0,20.8,72,23.7,31,73,0.04,48,77,1.4,0.2,0.03,0,0,0,0,7,0.2,8,76.8,120,0.2,15.332
138,sea bass cooked,ikan bass laut yang dimasak,125,2.6,0,0,23.9,0,53.5,58,72.9,53,0.1,48,46,0.2,1.9,0.9,0.5,0,0,0,0,13.1,0.4,53.5,250.5,331.3,0.5,40.067
139,greenland halibut raw,ikan halibut greenland mentah,759,56.5,0,0,58.6,0,187.7,0.3,286.7,9,0.2,69,5,0.3,6.1,1,1.7,0,0.1,3,91,12.2,2.7,106.1,669.1,1093.4,1.6,130.06
140,halibut raw,ikan halibut mentah,371,5.4,0,0,75.7,0,199.9,0.3,327.8,72,0.2,79,15,0.1,26.6,1.4,2.2,0,31,2.5,0,28.6,0.7,93.8,962.9,1774.8,1.5,110.481
141,sturgeon cooked,ikan sturgeon yang dimasak,184,7,0,0,28.2,0,104.7,19,95.1,0.4,0.1,72,87,0.1,13.7,1.2,0.3,0,73,0.9,39,23.1,1.2,61.2,368.6,495,0.7,59.9
142,fish fillet fried,fillet ikan goreng,211,11.2,15.4,0,13.3,0.5,30.9,0.5,48.7,95,43,0.05,54,89,1.9,0.2,66,0,0,0,0,16.4,1.9,21.8,155.6,291.2,0.4,58.716
143,rainbow trout raw,ikan trout pelangi mentah,111,4.9,0,0,15.8,0,46.6,22,58.3,44,32,56,57,91,4.4,1.3,0.3,2.3,56,1.8,94,19.8,0.2,19.8,178.5,297.8,0.4,43.047
144,pout raw,cemberut mentah-mentah,278,3.2,0,0,58.6,0,183,0.2,286.4,32,0.3,22,21,0.2,7.4,0.5,0.8,0,0,0,0,35.2,1,45.8,704,1408,3.6,98.078
145,rainbow smelt cooked,ikan smelt pelangi dimasak,35,0.9,0,0,6.4,0,25.5,47,20.6,5,72,21,89,83,0.5,0.2,41,0,0,0,0,21.8,0.3,10.8,83.5,105.3,0.6,29.428
146,monkfish raw,ikan monkfish mentah,22,0.4,0,0,4.1,0,7.1,59,23.6,5,92,82,21,81,0.6,25,77,0.3,0,0,0,2.3,59,5.9,56.6,113.2,0.1,7.21
147,trout raw,ikan trout mentah,117,5.2,0,0,16.4,0,45.8,51,56.4,0.1,0.3,41,27,0.3,3.6,1.5,0.2,0.4,32,0.2,3,34,1.2,17.4,193.6,285.2,0.5,57.297
148,shark raw,hiu mentah,37,1.3,0,0,5.9,0,14.4,3,20.8,12,9,79,85,17,0.8,0.2,0.1,0,46,0.3,7,9.6,0.2,13.9,59.4,45.3,0.1,17.064
149,burbot raw,burbot mentah,104,0.9,0,0,22.4,0,69.6,0.1,91.9,81,0.4,24,48,0.2,1.9,0.2,0.3,0,0,0,0,58,1,37.1,232,468.6,0.9,82.309
150,dolphinfish cooked,ikan lumba-lumba dimasak,173,1.4,0,0,37.7,0,149.5,0.2,113.2,46,92,96,86,0.1,11.8,1.4,0.7,0,0,0,0,30.2,2.3,60.4,291,847.5,0.9,71.625
151,crayfish cooked,udang karang yang dimasak,25,0.4,0,0,5,0,38.8,58,22.9,94,45,56,76,51,0.5,0.1,58,0.1,0,0,0,14.4,0.3,9.3,68.2,67.4,0.4,20.222
152,dolphinfish raw,ikan lumba-lumba mentah,173,1.4,0,0,37.7,0,148.9,0.2,158.2,0.1,0.05,5,0.04,0.1,12.4,1.5,0.8,0,0,0,0,30.6,2.3,61.2,291.7,848.6,0.9,72.1
153,perch cooked,bertengger dimasak,54,0.5,0,0,11.4,0,52.9,43,33.7,19,6,99,0.02,88,0.9,0.4,0.07,0.8,0,0,0,46.9,0.5,17.5,118.2,158.2,0.7,60.112
154,cusk raw,cusk mentah,106,0.8,0,0,23.2,0,50,86,93.1,38,33,38,37,0.2,3.3,0.3,0.5,0,0,0,0,12.2,1,37.8,248.9,478.2,0.5,37.228
155,bluefin tuna raw,tuna sirip biru mentah,41,1.4,0,0,6.6,0,10.8,13,19.3,0.2,37,41,8,42,2.4,0.3,0.1,0,77,0.3,0,2.3,0.3,14.2,71.9,71.3,0.2,10.8
156,milkfish cooked,ikan bandeng masak,54,2.4,0,0,7.4,0,19,76,17.7,27,69,0.08,61,58,2.3,0.2,0.1,0,0,0,0,18.4,0.1,10.8,58.9,105.8,0.3,28.341
157,carp raw,ikan mas mentah,277,12.2,0,0,38.9,0,143.9,0.1,166.4,42,0.3,94,87,0.1,3.6,1.6,0.4,3.5,42,1.4,16,89.4,2.7,63.2,904.7,725.9,3.2,146.793
158,sturgeon raw,ikan sturgeon mentah,30,1.1,0,0,4.6,0,17,7,21.7,16,58,39,39,82,2.3,0.2,13,0,8,0.1,0.03,3.7,0.2,9.9,59.7,80.4,0.1,9.612
159,orange roughy raw,jeruk roughy mentah,22,0.2,0,0,4.6,0,17,63,21.4,82,86,73,78,5,0.4,82,38,0,0,0.3,63,2.5,0.3,4.8,30.3,47.3,39,7.672
160,catfish fried,lele goreng,199,11.6,7,0,15.7,0.6,61.8,0.2,51.2,0,0.04,15,54,0.1,2,0.6,0.2,0,0,0,0,38.3,1.2,23.5,187.9,295.8,0.7,74.4
161,cuttlefish raw,sotong mentah,22,0.2,0.2,0,4.6,0,31.7,0.1,22.8,48,25,93,0.01,0.3,0.3,0.1,79,1.5,0,0,0,25.5,1.7,8.5,109.5,100.2,0.5,33.734
162,bass raw,bass mentah,90,2.9,0,0,14.9,0,53.7,55,59.8,4,91,46,3,46,1,0.6,52,1.6,0,0,0,63.2,1.2,23.7,158,281.2,0.5,83.837
163,flounder cooked,ikan flounder yang dimasak,109,3,0,0,19.4,0,71.1,0.5,103,47,67,94,14,18,2,1.6,0.3,0.1,0,5,1,0.1,99,0.3,77,392.4,49,22.622
164,milkfish raw,ikan bandeng mentah,42,1.9,0,0,5.8,0,14.7,98,20.1,99,91,0.09,12,27,1.8,0.2,0.1,0,0,0,0,14.4,57,8.5,45.8,82.6,0.2,22.203
165,eel raw,belut mentah,375,23.8,0,0,37.6,0,257,0.1,139.3,2.1,0.3,49,61,2,7.1,0.5,0.1,3.7,0.01,8.2,0,40.8,1,40.8,440.6,554.9,3.3,109
166,catfish raw,ikan lele mentah,189,9.4,0,0,24.2,0,87.5,0.2,125.7,0,22,83,3,0.1,3.3,1.1,0.2,0,84,1.3,22,12.7,0.4,30.2,324.4,480.2,0.8,46.7
167,fish sticks,tongkat ikan,78,4.5,6.1,0.5,3.1,0.4,7.8,0.1,13.9,55,6,37,39,0.3,82,0.4,0,38,0,0,1.9,89,0.3,0.2,0,53.5,72,14.563
168,coho salmon raw,salmon coho mentah,254,12.2,0,0,33.8,0,81.1,54,112,12,0.1,76,95,0.2,10.8,1.8,1,1.7,0,0,0,19.1,0.5,49.3,464.3,715.5,0.7,67.308
169,monkfish cooked,ikan monkfish yang dimasak,27,0.6,0,0,5.3,0,9.1,4,22.2,6,14,11,24,45,0.7,0.01,39,0.3,0,0,0,2.8,0.1,7.6,72.4,145.2,0.1,9.165
170,yellowtail cooked,ikan ekor kuning yang dimasak,546,19.6,0,0,86.6,0,207.3,0.1,196.6,45,0.5,85,34,0.1,25.5,2,0.5,8.5,0,0,0,84.7,1.8,111,586.9,1571,2,201.282
171,yellowfin tuna cooked,tuna sirip kuning dimasak,37,0.2,0,0,8.2,0,13.3,11,19.5,98,65,19,59,93,6.2,21,0.3,0,9,42,23,1.1,0.3,11.9,94.2,149.1,0.1,9.861
172,ling cooked,ling dimasak,168,1.2,0,0,36.8,0,77,0.3,111.6,25,0.2,9,0.06,0.3,4.2,0.6,0.5,0,0,0,0,66.4,1.3,122.3,383.5,733.9,1.5,105.731
173,eel cooked,belut dimasak,67,4.2,0,0,6.7,0,45.6,69,16.8,0.3,8,74,58,66,1.3,67,31,0.5,0,0,0,7.4,0.2,7.4,78.4,98.8,0.6,19.3
174,sablefish raw,ikan gabus mentah,753,59.1,0,0,51.8,0,189.1,0.2,274.1,0.4,0.4,94,0.1,0.3,15.4,2.9,1.2,0,0,0,0,135.1,4.9,212.3,648.5,1381.9,1.2,251.3
175,salmon nuggets,nugget ikan salmon,60,3.3,4,0,3.6,0,7.4,5,17.1,0,18,76,86,59,1.3,0.1,46,0,0,0,0,2.3,0.4,5.7,49.8,46.7,0.1,13.6
176,yellowtail raw,ekor kuning mentah,546,19.6,0,0,86.5,0,205.7,0.1,278.7,0.1,0.5,0.08,72,0.1,25.4,2.2,0.6,10.5,0,0,71,86,1.8,112.2,587.2,1570.8,1.9,204.5
177,butterfish cooked,ikan mentega yang dimasak,47,2.6,0,0,5.5,0,20.8,42,16.7,29,55,92,57,16,1.4,0.2,41,0,0,0,0,7,0.2,8,77,120.3,0.2,15.35
178,caviar,kaviar,42,2.9,0.6,0,3.9,0,94.1,0.2,7.6,54,37,38,83,3,51,0.6,5,0,0,0.3,65,44,1.9,48,57,29,0.2,53.325
179,pollock raw,ikan pollock mentah,355,3.8,0,0,75,0,274.1,0.3,301.8,68,0.2,68,62,0.7,12.6,1.4,1.1,0,12,0.9,14,231.6,1.8,258.6,853.1,1374.2,1.8,312.275
180,catfish cooked,ikan lele dimasak,206,10.3,0,0,26.4,0,94.4,0.2,106.7,66,45,44,66,21,0.1,3.6,1.2,0.3,0,35,1.4,0.01,98,0.4,11,353.2,0.03,37.141
181,whiting raw,ikan whiting mentah,83,1.2,0,0,16.8,0,61.6,16,73.8,92,66,57,0.07,59,1.2,0.2,0.1,0,89,0.3,86,44.2,0.3,19.3,204.2,229.1,0.8,62.592
182,pink salmon raw,salmon merah muda mentah,404,14,0,0,65.2,0,146.3,0.2,240.2,0.1,0.3,44,0.03,0.3,25.4,3.3,1.9,0,35,1.3,25,22.3,1.2,85.9,830,1163.9,1.2,102.8
183,yellowfin tuna raw,tuna sirip kuning mentah,31,0.1,0,0,6.9,0,11,49,21,48,0,84,63,35,5.2,12,0.3,0,17,63,0.09,1.1,0.2,9.9,78.7,124.8,0.1,8.322
184,mackerel raw,makarel mentah,230,15.6,0,0,20.8,0,78.4,0.1,71.2,19,0.2,7,47,0.3,10.2,1,0.4,0.4,0.03,1.7,25,13.4,1.8,85.1,243,351.7,0.7,52.063
185,turbot raw,turbot mentah,388,12,0,0,65.5,0,195.8,0.6,314,1,0.3,94,0.09,0.3,9,2.3,0.9,6.9,0,0,0,73.4,1.5,208.1,526.3,971,0.9,159.322
186,cusk cooked,cusk dimasak,106,0.8,0,0,23.1,0,50.4,47,66.2,16,97,15,7,0.2,3.1,0.3,0.4,0,0,0,0,12.4,1,38,248.9,477.9,0.5,37.306
187,atlantic croaker raw,ikan croaker atlantik mentah,82,2.5,0,0,14,0,48.2,14,61.6,39,79,28,66,38,3.3,0.6,0.2,0,5,1,68,11.9,0.3,31.6,165.9,272.6,0.3,28.709
188,sucker cooked,pengisap dimasak,148,3.7,0,0,26.6,0,65.7,19,91.7,6,53,43,26,0.1,1.8,1.1,0.3,0,0,0,0,111.6,2.1,47.1,333.6,603.9,1.2,144.006
189,spot raw,tempat mentah,79,3.1,0,0,11.8,0,38.4,22,48.6,5,0.1,63,42,0.1,4.5,0.5,0.3,0,0,0,0,9,0.2,26.9,119,317.4,0.3,24.113
190,drum cooked,drum yang dimasak,236,9.7,0,0,34.6,0,126.3,0.1,109.2,99,0.1,58,19,0.3,4.4,1.3,0.5,1.5,0,0,0,118.6,1.8,58.5,355.7,543.6,1.3,166.292
191,crayfish raw,udang karang mentah,3,48,0,0,0.6,0,4.3,24,3.4,98,15,0.1,82,24,56,48,47,78,0,0,0,1,53,1.2,8.7,10.4,9,1.788
192,tilefish cooked,ikan tile yang dimasak,441,14.1,0,0,73.5,0,192,0.2,210.7,22,0.4,67,0.01,0.6,10.5,2.6,0.9,0,0,0,0,78,0.9,99,708,1536,1.6,166.521
193,bluefish cooked,ikan bluefish dimasak,186,6.4,0,0,30.1,0,88.9,45,73.3,0.2,12,66,19,0.1,8.5,1.1,0.5,0,0,0,0,10.5,0.7,49.1,340.5,558.1,1.2,47.9
194,grouper cooked,kerapu masak,238,2.6,0,0,50.2,0,94.9,0.1,148.2,0.1,0.2,23,83,35,0.8,1.8,0.7,0,0,0,0,42.4,2.3,74.7,288.9,959.5,1,97.6
195,sheepshead raw,kepala domba mentah,257,5.7,0,0,48.1,0,119,0.2,185.6,22,82,19,67,73,3.6,1.8,0.7,0,0,0,0,50,1.1,76.2,744.9,961.5,0.9,104.93
196,herring kippered,ikan haring yang sudah dikipasi,87,4.9,0,0,9.8,0,32.8,0.4,23.9,5,0.07,0.02,68,0.1,1.8,0.4,0.2,0.4,4,0.6,86,33.6,0.6,18.4,130,178.8,0.5,49.314
197,grouper raw,kerapu mentah,238,2.6,0,0,50.2,0,95.8,0.1,205.2,0.1,0.2,77,45,13,0.8,1.9,0.8,0,0,0,0,69.9,2.3,80.3,419.6,1251,1.2,125.1
198,ocean perch cooked,ikan bertengger laut yang dimasak,48,0.9,0,0,9.3,0,31.5,0.2,37.1,11,31,71,95,44,18,0.6,0.2,21,0,42,0.5,69,73,0.1,75,150,4,10.368
199,ling raw,ling mentah,168,1.2,0,0,36.7,0,77.2,0.3,153.7,41,0.2,52,88,0.4,4.4,0.6,0.6,0,0,0,0,65.6,1.3,121.6,382.1,731.5,1.5,104.862
200,lingcod cooked,ikan lingcod yang dimasak,329,4.1,0,0,68.4,0,202.3,0.2,228.6,54,0.1,24,15,0.4,7,2.6,1,0,0,0,0,54.4,1.2,99.7,779.2,1691.2,1.8,128.139
201,florida pompano raw,ikan pompano florida mentah,184,10.6,0,0,20.7,0,56,81,79.7,91,0.6,38,8,0.1,3.4,0.8,0.2,0,98,0.2,41,24.6,0.7,30.2,218.4,426.7,0.8,56.69
202,rockfish cooked,ikan karang dimasak,162,2.4,0,0,33.1,0,90.9,0.1,111.3,12,6,81,68,55,0.3,4.3,0.6,0.4,0,4,0.7,0,46,0.5,13,369.5,0.1,35.955
203,seatrout cooked,ikan kakap laut yang dimasak,247,8.6,0,0,39.9,0,197.2,0.1,133.8,6,0.1,33,32,0.4,5.4,1.6,0.9,0,0,0,0,40.9,0.7,74.4,597.1,812.8,1.1,90.142
204,sockeye salmon raw,salmon sockeye mentah,562,22.2,0,0,84.4,0,209.9,0.4,289.7,0.2,0.7,73,65,0.5,32.2,4.6,2.4,0,86,3.8,21,39.6,1.7,118.8,1053.4,1358.3,1.7,148.1
205,swordfish cooked,ikan todak dimasak,182,8.4,0,0,24.9,0,82.7,0.1,72.4,75,78,94,48,5,0.01,9.8,0.4,0.7,0,38,2.6,22,45,0.5,41,322.2,28,34.203
206,american shad raw,ikan shad amerika mentah,362,25.3,0,0,31.2,0,138,1,125.5,9,0.3,96,57,0.4,15.5,1.4,0.7,0,97,2.2,19,86.5,1.8,55.2,500.5,706.6,0.7,144.868
207,sardine canned in oil,sarden kalengan dalam minyak,310,17.1,0,0,36.7,0,211.6,0.5,88.8,51,0.1,67,75,0.3,7.8,1,0.2,0,0.04,3,63,569.2,4.4,58.1,730.1,591.5,2,627.452
208,anchovy canned in oil,ikan teri kalengan dalam minyak,8,0.4,0,0,1.2,0,3.4,0.1,2,12,0,7,61,71,0.8,8,82,0,0.07,0.1,13,9.3,0.2,2.8,10.1,21.8,31,11.106
209,salmon canned,salmon kalengan,520,20.3,0,0,79.1,0,143.9,1.8,261.1,64,79,72,55,0.6,25.8,2.1,1.4,0,0,5.9,0.02,918.8,2.6,110.7,1306.3,1107,3.7,1.020.882
210,sardines in tomato sauce canned,sarden dalam saus tomat kalengan,165,9.3,0.5,0.4,18.6,9,54.3,0.4,59.5,36,14,93,98,0.2,3.7,0.6,0.1,0.9,17,1.2,12,213.6,2,30.3,325.7,303.5,1.2,244.978
211,sockeye salmon canned,salmon sockeye kalengan,563,24.9,0,0,79.5,0,266.2,1.4,229.4,0.2,0.1,96,14,0.7,25.7,1.8,0.4,0,0.09,7,18,781.8,2.2,104.5,1139.1,1058.2,2.8,888.6
212,tuna canned,tuna kalengan,102,2.4,0,0,18.9,0,33.6,0.3,58.6,17,32,87,75,79,4.6,86,0.2,0,0.07,0.7,99,11.2,0.8,26.4,173.6,189.6,0.4,33.32
213,pink salmon canned,salmon merah muda kalengan,530,20.4,0,0,80.9,0,226.1,1.7,304.3,25,61,54,31,0.8,26.9,2.3,1.2,0,18,2.6,44,883.7,2.6,123.3,1385.1,1413.8,3.1,987.651
214,cod canned,ikan kod kalengan,328,2.7,0,0,71,0,171.6,0.7,235.9,46,0.3,0.06,0.04,0.2,7.8,0.5,0.9,3.1,66,2.6,63,65.5,1.5,127.9,811.2,1647.4,1.8,143.814
215,eastern oyster canned,tiram timur kalengan,110,4,6.3,0,11.4,0,89.1,0.2,137.9,0.1,0.2,9,89,0.3,2,0.3,0.2,8.1,0,1.4,56,72.9,10.9,87.5,225.2,371,147.3,113.7
216,chum salmon canned,ikan salmon kalengan,520,20.3,0,0,79.1,0,143.9,0.3,261.1,14,92,54,12,0.6,25.8,2.1,1.4,0,0,0,0,918.8,2.6,110.7,1306.3,1107,3.7,1.020.805
217,tuna canned in oil,tuna kalengan dalam minyak,331,14.4,0,0,47.2,0,55.2,0.7,114,0.03,44,22,33,0.1,20.8,0.7,0.8,0,0,4.1,73,7.1,1.2,60.5,475.3,592.7,0.8,69.953
218,wild pink salmon oceans,ikan salmon merah muda liar di lautan,320,16,0,0,0,0,0,0,0,0,0,0,0,0,0,0,0,0,0,0,0,0,0,0,0,0,0,16
219,shrimp canned,udang kalengan,128,1.7,0,0,26.1,0,322.6,1.1,97.1,0,39,78,81,99,0.7,0.2,54,5.2,0,1.4,0,185.6,2.7,42.2,249.6,102.4,2.5,221.3
220,alaska king crab raw,kepiting raja alaska mentah,144,1,0,0,31.5,0,72.2,1.4,136.9,48,15,82,4,26,1.9,0.6,0.3,12,0,0,0,79.1,1,84.3,376.7,350.9,10.2,124.608
221,scallops fried,kerang goreng,64,3.2,6.4,0,2.6,0,18,0.2,11.5,59,49,81,89,0.1,0,75,13,0,0,0,0,3.1,0.3,5.3,48.7,49,0.2,15.698
222,shrimp cooked,udang masak,7,92,13,0,1.3,0,11.6,12,3.9,21,31,98,77,2,0.1,26,41,0,0.08,0.1,1,5,9,2,16.8,9.4,8,6.398
223,clams fried,kerang goreng,19,1,1,0,1.3,0,5.7,68,5.8,8,91,59,83,42,0.2,0.01,11,0.9,0,0,0,5.9,1.3,1.3,17.7,30.6,0.1,11.464
224,alaska king crab cooked,kepiting raja alaska dimasak,130,2.1,0,0,25.9,0,71,1.4,103.9,18,5,2,0.02,0.07,1.8,0.5,0.2,10.2,0,0,0,79.1,1,84.4,375.2,351.1,10.2,118.35
225,scallops cooked,kerang yang dimasak,11,58,0.5,0,2.1,0,4.1,0.06,7,0.05,91,11,15,67,49,0.1,4,32,0,0,0,0,57,41,4,42.6,42,2.732
226,squid fried,cumi goreng,140,6,6.2,0,14.4,0,208,0.2,51.6,35,48,0.06,0.05,0.4,2.1,0.4,33,3.4,0,0,0,31.2,0.8,30.4,200.8,223.2,1.4,62.028
227,oyster raw,tiram mentah,41,1.2,2.5,0,4.7,0,25,59,41,93,52,88,18,0.1,1,0.3,26,4,0,0,0,4,2.6,11,81,84,8.3,19.054
228,abalone,pauhi,89,0.6,5.1,0,14.5,0,72.3,0.3,63.4,56,0.2,38,57,0.09,1.3,2.6,0.1,1.7,0,3.4,43,26.4,2.7,40.8,161.5,212.5,0.7,51.092
229,queen crab raw,kepiting ratu mentah,25,0.3,0,0,5.2,0,15.6,0.2,22.8,93,32,1,82,63,0.7,24,59,2,0,0,0,7.4,0.7,13.9,37.6,49,0.8,15.607
230,whelk cooked,siput laut yang dimasak,78,0.2,4.4,0,13.5,0,36.8,0.1,9.1,13,76,57,84,55,0.6,0.1,0.2,1.9,0,0,0,32,2.8,48.7,79.8,196.4,0.9,54.806
231,oyster cooked,tiram yang dimasak,41,1.2,2.5,0,4.7,0,25,66,16,82,99,5,7,0.1,0.9,0.2,43,3.2,0,0.2,47,4,2.3,11,60.8,75.5,8.3,17.971
232,eastern oyster cooked,tiram timur dimasak,8,0.2,0.7,0,0.7,0,3.7,38,8,0.09,0.02,86,99,12,0.2,83,23,0.6,0,0,0,5.5,0.8,3.2,11.3,14.9,4.4,8.598
233,blue mussels cooked,kerang biru dimasak,344,9,14.8,0,47.6,0,112,0.7,122.3,0.2,0.6,0.2,26,0.8,6,1.9,0.2,27.2,0,0,0,66,13.4,74,570,536,5.3,178.2
234,octopus raw,gurita mentah,23,0.3,0.6,0,4.2,0,13.6,64,22.7,59,66,9,43,64,0.6,0.1,0.1,1.4,0,0.3,74,15,1.5,8.5,52.6,99.1,0.5,23.044
235,spiny lobster cooked,lobster berduri dimasak,233,3.2,5.1,0,43,0,146.7,0.4,108.8,0.06,97,32,68,16,8,0.7,0.3,3.4,0,0,0,102.7,2.3,83.1,373.3,339,11.9,159.731
236,blue mussels raw,kerang biru mentah,129,3.4,5.5,0,17.9,0,42,0.4,120.9,28,0.2,95,3,0.3,2.4,0.8,41,12,0,0.8,12,39,5.9,51,295.5,480,2.4,83.72
237,queen crab cooked,kepiting ratu dimasak,98,1.3,0,0,20.2,0,60.4,0.6,63.8,7,7,29,0.04,0.2,2.5,0.3,0.1,6.1,0,0,0,28.1,2.4,53.6,108.8,170,3.1,58.197
238,dungeness crab cooked,kepiting dungeness dimasak,140,1.6,1.2,0,28.3,0,96.5,0.5,93.1,0.06,24,54,39,0.3,4.6,0.5,0.2,4.6,0,0,0,74.9,0.5,73.7,222.3,518.2,6.9,111.171
239,dungeness crab raw,kepiting dungeness mentah,140,1.6,1.2,0,28.4,0,96.2,0.5,129.1,26,33,86,17,0.3,5.1,0.6,0.2,5.7,0,0,0,75,0.6,73.4,296.7,577,7,112.564
240,shrimp fried,udang goreng,52,3.2,4.8,86,1.3,0.1,9.9,0.2,7.2,0.01,37,29,75,65,0.2,0,21,0,0,0.4,0.04,4.9,0.1,2.7,31.5,13.9,69,14.433
241,shrimp raw,udang mentah,4,23,41,0,0.7,0,6.3,83,4.2,83,92,52,45,81,89,56,25,0,53,35,42,2.7,72,1.1,12.2,5.7,78,3.712
242,blue crab cooked,kepiting biru dimasak,71,0.6,0,0,15.2,0,82.5,0.3,67.7,4,29,36,48,96,33,2.3,0.8,0.1,2.8,0,1.6,27,0.7,0.4,87,198.9,76,16.719
243,shrimp imitation,tiruan udang,29,0.4,2.6,0,3.5,0,10.2,0.2,21.2,46,0.02,0.02,76,85,84,23,5,0,0,0,0,5.4,0.2,12.2,79.8,25.2,36,12.119
244,conch baked,keong panggang,165,1.5,2.2,0,33.4,0,82.6,0.2,88.1,99,69,0.2,88,0.1,1.3,0,95,0,0,8,16,124.5,1.8,302.3,275.6,207,2.2,163.446
245,squid raw,cumi mentah,26,0.4,0.9,0,4.4,0,65.9,0.09,22.2,77,14,43,27,0.1,0.6,0.1,33,1.3,0,0.3,0,9.1,0.2,9.3,62.5,69.6,0.4,16.386
246,scallop raw,kerang mentah,10,91,0.5,0,1.8,0,3.6,57,12.4,84,31,35,95,15,0.1,98,49,0,0,0,0,0.9,68,3.3,50.1,30.8,0.1,3.417
247,lobster raw,lobster mentah,116,1.1,0,0,24.8,0,190.5,0.6,121.4,92,25,33,5,86,2.4,2.2,0.2,0,0,1.3,0,126,0.4,57,241.5,300,5.3,152.362
248,scallop imitation,tiruan kerang,28,0.1,3,0,3.6,0,6.2,0.2,20.9,8,79,46,0.04,17,91,0.09,45,0,0,0,0,2.3,58,12.2,79.8,29.1,19,9.105
249,blue crab raw,kepiting biru mentah,18,0.2,18,0,3.8,0,16.4,79,16.6,69,98,82,9,21,0.6,79,73,0.6,0,0,0,18.7,0.2,7.1,48.1,69.1,0.7,23.615
250,whelk raw,siput mentah,39,0.1,2.2,0,6.7,0,18.4,73,18.7,43,89,27,21,88,0.3,37,97,1.1,0,13,28,16.1,1.4,24.3,39.9,98.2,0.5,27.678
251,spiny lobster raw,lobster berduri mentah,234,3.2,5.1,0,43.1,0,146.3,0.4,154.8,25,71,94,8,43,8.9,0.7,0.3,4.2,0,0,0,102.4,2.5,83.6,497.4,376.2,11.9,160.501
252,clams canned,kerang kalengan,227,2.5,9.4,0,38.8,0,80,0.2,104.4,0.2,31,99,0.01,0.1,0.9,0.4,71,0,63,1.8,37,104,4.3,51.2,523.2,1004.8,1.3,159.2
253,lobster cooked,lobster dimasak,134,1.3,0,0,28.5,0,219,0.7,117.2,77,74,77,71,99,31,2.7,2.5,0.2,0,0,1.5,0,2.3,0.4,49,277.5,0.1,32.314
254,eastern oyster fried,tiram goreng timur,29,1.8,1.7,0,1.3,0,10.4,15,9.4,0,26,3,16,84,0.2,81,7,0.6,0,0,0,9.1,1,8.5,23.2,35.6,12.7,15.5
255,clams raw,kerang mentah,195,2.2,8.1,0,33.3,0,68.1,1.4,179.3,0.2,98,95,64,1,0.8,0.3,0,0,0,1.5,32,88.5,3.7,43.1,449.5,104.4,1.2,136
256,octopus cooked,gurita dimasak,139,1.8,3.7,0,25.3,0,81.6,0.4,51.4,0.09,75,16,31,79,3.2,0.8,0.6,6.8,0,1,88,90.1,8.1,51,237.2,535.5,2.9,135.853
257,eastern oyster raw,tiram timur mentah,8,0.2,0.8,0,0.7,0,3.5,21,12.1,69,86,13,95,12,0.2,76,77,0.7,0,0,0,6.2,0.8,4.6,13,17.4,5.3,9.448
258,oyster fried,tiram goreng,61,3,6.7,0,2.1,0,18.1,0.1,11.1,36,39,35,81,0.02,0.7,0.2,19,0.7,0,0,0,4.6,0.7,3.9,32.7,30.4,2.6,17.861
259,sturgeon smoked,ikan sturgeon asap,49,1.2,0,0,8.8,0,22.6,0.2,17.7,0.02,26,6,11,78,3.1,0.3,0.09,0,48,0.1,22,4.8,0.3,13.3,79.5,107.3,0.2,15.175
260,chinook salmon smoked,salmon chinook asap,159,5.9,0,0,24.9,0,31.3,1.1,97.9,19,0.01,19,7,0.1,6.4,1.2,0.4,0,0.09,1.8,39,15,1.2,24.5,223,238,0.4,47.038
261,cisco smoked,cisco merokok,50,3.4,0,0,4.6,0,9.1,0.1,19.8,0.05,79,31,0.04,0,0.7,9,0.08,0,47,98,94,7.4,0.1,4.8,42.5,82.9,76,15.576
262,haddock smoked,ikan haddock diasapi,33,0.3,0,0,7.1,0,21.8,0.2,20.2,87,0.05,79,0.08,94,1.4,94,0.1,0,74,0.2,78,13.9,0.4,15.3,71,117.4,0.1,21.719
263,whitefish smoked,ikan putih asap,147,1.3,0,0,31.8,0,44.9,1.4,96.3,86,0.08,82,17,0.1,3.3,0.1,0.5,0,78,0.3,97,24.5,0.7,31.3,179.5,575.3,0.7,58.398
264,red salmon sockeye filets smoked,filet salmon merah sockeye diasapi,373,12.3,0,0,65.5,0,167.4,65,25.8,47,0.5,78,88,0.6,24.6,3,0.9,0,0,1.3,0,62.6,1.1,62.6,702,1036.8,1.2,141.587
265,cottage cheese creamed,keju cottage krim,20,0.9,0.7,0.5,2.2,0,3.4,95,16,22,89,39,60,60,59,0.1,36,0,85,82,0,16.6,71,1.6,31.8,20.8,18,20.576
266,zaziki milfina,zaziki milfina,51,4.4,0.0,0.0,0.0,0.0,0.0,0.0,0.0,0.0,0.0,0.0,0.0,0.0,0.0,0.0,0.0,0.0,0.0,0.0,0.0,0.0,0.0,0.0,0.0,0.0,0.0,4.4
267,cottage cheese low fat,keju cottage rendah lemak,163,2.3,6.1,6.1,28,0,9,0.9,186.4,21,81,5,72,0.4,0.3,0.5,0.2,0,0,35,24,137.9,0.3,11.3,302.8,194.4,0.9,174.683
268,cottage cheese nonfat,keju cottage rendah lemak,104,0.4,9.7,2.7,15,0,10.2,0.5,117.5,93,63,13,6,0.3,0.2,0.6,39,0,0,96,0,124.7,0.2,16,275.5,198.7,0.7,150.072
269,vanilla yogurt low fat,yogurt vanila rendah lemak,208,3.1,33.8,33.8,12.1,0,12.3,0.2,193.6,51,0.1,54,10,0.5,0.3,1.4,0.1,2,0,29,24,419,0.2,39.2,330.8,536.6,2,470.265
270,classique yogurt plain 2 liberte,yogurt klasik polos 2 liberte,30,1.2,1.7,1.7,3.3,0,17,0.0,0.0,0.0,0.0,0.0,0.0,0.0,0.0,0.0,0.0,0.0,0.0,0.0,0.0,0.0,0.0,0.0,0.0,0.0,0.0,6.2
271,yoplait light strawberry yogurt yoplait,yoplait yogurt stroberi ringan yoplait,79,0,74,0.0,0.0,0.0,0.0,0.0,0.0,0.0,0.0,0.0,0.0,0.0,0.0,0.0,0.0,0.0,0.0,0.0,0.0,0.0,0.0,0.0,0.0,0.0,0.0,61
272,vanilla yogurt,yogurt vanila,145,2.1,23.5,23.5,8.4,0,8.5,0.1,134.3,5,91,68,26,0.3,0.2,0.9,94,1.4,0,3,37,290.7,0.1,27.2,229.5,372.3,1.4,326.243
273,chocolate yogurt,yogurt coklat,168,0,35.3,22.5,5.3,1.8,1.5,0.2,107.4,0,83,19,42,0.3,0.3,0,50,0,0,0,0,132,0.6,60,249,508.5,1.7,175.0
274,yogurt parfait,yogurt parfait,125,1.5,23.6,17.4,5,1.6,4.5,48,117.7,73,0.1,18,100,0.3,1.1,0,0.3,21.3,42,0.4,85,156.5,0.7,25.3,138.6,281.6,1.3,210.272
275,yogurt,yogurt,92,4.9,7,7,5.2,0,19.5,5,131.9,26,17,60,81,0.2,0.1,0.6,26,0.8,76,35,20,181.5,1,18,142.5,232.5,0.9,199.51
276,chocolate frozen yogurt,yogurt beku coklat,221,6.3,37.6,33.5,5.2,4,22.6,0.1,123.9,36,80,8,88,0.3,0.2,0,21,0,57,0.2,71,174,0.8,43.5,154.9,407.2,0.5,227.929
277,frozen yogurt,yogurt beku,221,6.3,37.6,34.7,5.2,0,22.6,0.1,123.9,13,62,95,50,0.3,0.1,0,72,1.2,10,0.2,54,174,0.8,17.4,154.9,271.4,0.5,225.163
278,yogurt low fat,yoghurt rendah lemak,154,3.8,17.2,17.2,12.9,0,14.7,0.2,208.4,21,0.1,45,34,0.5,0.3,1.4,0.1,2,0,7,7,448.4,0.2,41.7,352.8,573.3,2.2,484.517
279,vanilla yoghurt oikos,yoghurt vanila oikos,120,1.8,0.0,0.0,0.0,0.0,0.0,0.0,0.0,0.0,0.0,0.0,0.0,0.0,0.0,0.0,0.0,0.0,0.0,0.0,0.0,0.0,0.0,0.0,0.0,0.0,0.0,1.8
280,fruit yogurt,yogurt buah,149,1.7,28,28,6,0,7.5,13,113,6,81,32,87,0.2,0.1,0.7,99,0.9,0,79,31,207,66,19.5,163.5,265.5,1,243.671
281,danone low fat alsafi,danone rendah lemak alsafi,88,1.7,89,255,0.0,0.0,0.0,0.0,0.0,0.0,0.0,0.0,0.0,0.0,0.0,0.0,0.0,0.0,0.0,0.0,0.0,0.0,0.0,0.0,0.0,0.0,0.0,1.743
282,greek yogurt,yogurt Yunani,100,0.7,6.1,5.5,17.3,0,8.5,81,144.7,35,9,45,36,0.5,0.4,0.6,0.1,0,0,89,10,187,0.1,18.7,229.5,239.7,0.9,211.251
283,egg fried,telur goreng,90,6.8,0.4,0.2,6.3,0,184.5,43,32,16,49,35,29,0.2,93,0.8,93,0,81,0.6,79,28.5,0.9,6,98.9,69.9,0.6,42.904
284,sports drink,minuman olahraga,26,0,7.2,0,0,0,0,73,232.3,0,0,0,0,0,0,0,0,15.1,0,0,0,0,0.1,2.4,21.6,24,56,22.4
285,egg large,telur besar,138,9.3,0.0,0.0,0.0,0.0,0.0,0.0,0.0,0.0,0.0,0.0,0.0,0.0,0.0,0.0,0.0,0.0,0.0,0.0,0.0,0.0,0.0,0.0,0.0,0.0,0.0,9.3
286,boysenberries frozen,boysenberry beku,66,0.3,16.1,9.1,1.5,7,0,64,113.4,0,63,70,0,45,1,0.3,54,4.1,0,1.1,2,35.6,1.1,21.1,35.6,183.5,0.3,65.7
287,chocolate powder for milk,bubuk coklat untuk susu,88,0.5,19.9,18,1,1,0,12,0.2,0,41,79,0,90,64,0,0.2,6,0,38,41,100.1,0,11.7,18.9,61.6,1.5,128.5
288,vegetable fruit juice,jus buah sayur,9,17,2.2,0.6,71,0,0,43,27.2,0,47,0,0,75,23,25,50,9.6,0,0.5,36,0.9,13,0.3,0.6,5.6,69,12.912
289,cocoa powder unsweetened,bubuk kakao tanpa pemanis,12,0.7,3.1,87,1.1,1.8,0,62,0.2,0,49,78,0,58,0.1,54,28,0,0,85,56,6.9,0.7,26.9,39.6,82.3,0.4,14.3
290,coconut milk,santan,35,3.6,0.8,0.5,0.3,0.3,0,1,10.1,0,58,94,0,0,0.1,45,69,0.4,0,63,14,2.4,0.2,5.6,15,39.5,0.1,8.0
291,cocoa powder,coklat bubuk,28,0.3,5.9,4.6,0.5,0.3,0,34,0.1,66,45,96,51,33,48,66,85,16,0,94,1,9.3,75,5.8,22.1,49.8,0.1,16.393
292,rice drink,minuman beras,113,2.3,22,12.7,0.7,0.7,0,58,214.3,0,0.2,10,0,8,0.3,0.9,0.4,59,0,42,1.1,78,13,0.5,0.7,134.4,9,25.883
293,coconut water,air kelapa,46,0.5,8.9,6.3,1.7,2.6,0,0.3,228,0,2,50,0,0.1,0.2,0.1,82,5.8,0,0,0,57.6,0.7,60,48,600,0.2,77.8
294,instant coffee with water decaffeinated,kopi instan dengan air tanpa kafein,4,0,0.8,0,0.2,0,0,93,177.1,0,0,0,0,58,0.5,92,0,0,0,0,0,7.2,42,7.2,5.4,64.4,53,8.247
295,instant coffee powder,bubuk kopi instan,353,0.5,75.4,0,12.2,0,0,51,3.1,0,90,0,0,31,28.2,19,73,0,0,0,77,141,4.4,327,303,3535.00,0.4,233.5
296,instant coffee powder decaffeinated,bubuk kopi instan tanpa kafein,6,69,1.4,0,0.2,0,0,90,51,0,0,0,0,72,0.5,77,0,0,0,0,15,2.5,56,5.6,5.1,63,4,4.121
297,instant cappuccino powder,bubuk cappucino instan,53,0.7,11.2,9,0.4,0.2,0.3,74,0.2,0,73,67,37,87,0.3,37,11,100,0,80,62,17.3,36,5.6,23.8,108,58,29.908
298,coffee decaffeinated,kopi tanpa kafein,0,0,0,0,0.2,0,0,58,235.3,0,0,0,0,0,0.5,91,0,0,0,0,23,4.7,0.1,11.9,2.4,128,84,5.0
299,espresso decaffeinated,espresso tanpa kafein,3,11,0.5,0,65,0,0,11,29.3,0,87,54,0,3,1.6,86,35,26,0,0,47,0.6,87,24,2.1,34.5,36,1.391
300,instant coffee with water,kopi instan dengan air,4,0,0.6,0,0.2,0,0,15,177.4,0,0,0,0,73,0.4,89,0,0,0,0,0,7.2,15,7.2,5.4,53.7,13,8.027
301,coffee,kopi,2,69,0,0,0.3,0,0,75,235.6,0,34,76,0,0.2,0.5,0.6,22,0,0,68,25,4.7,51,7.1,7.1,116.1,39,05.09
302,espresso,espreso,3,86,0.5,0,21,0,0,83,29.3,0,88,73,0,80,1.6,75,99,99,0,5,27,0.6,49,24,2.1,34.5,20,1.263
303,tamarind nectar,sari asam jawa,143,0.3,37,31.9,0.2,1.3,0,46,213.3,0,77,55,0,24,0.2,25,48,17.8,0,0.3,69,25.1,1.9,10,5,67.8,89,83.6
304,apple juice,jus apel,114,0.3,28,23.9,0.2,0.5,0,38,218.8,0,0,83,0,0,19,0.2,0.1,25,2.2,0,57,0,65,0.3,0.2,17.4,39,29.087
305,limeade,jeruk nipis,128,0,34.1,32.8,0,0,0,71,212.6,0,47,58,0,34,50,6,51,7.7,0,0,0,4.9,0,4.9,2.5,24.7,24,46.7
306,guava nectar,sari jambu biji,158,0.2,40.8,32.5,0.2,2.5,0,63,209.6,0,0,60,75,0,73,0.4,0.2,57,53,0,0.1,87,55,1,0.1,5,0,43.83
307,orange grapefruit juice,jus jeruk bali,106,0.2,25.4,25.1,1.5,0.2,0,82,218.9,0,0.1,5,0,40,0.8,0.3,79,71.9,0,0.3,66,19.8,1.1,24.7,34.6,390.3,0.2,120.1
308,orange juice sainsburys,jus jeruk sainsburys,14,88,0.0,0.0,0.0,0.0,0.0,0.0,0.0,0.0,0.0,0.0,0.0,0.0,0.0,0.0,0.0,0.0,0.0,0.0,0.0,0.0,0.0,0.0,0.0,0.0,0.0,49
309,cranberry apple juice,jus apel cranberry,154,0.3,38.8,35.5,0,0,0,61,205.3,0,0,0,0,0,0,0,0,96.8,0,0.3,75,7.4,0.2,2.5,4.9,41.7,15,143.5
310,pineapple orange juice,jus jeruk nanas,125,0,29.5,29,3.3,0.3,0,69,217.3,0,35,46,0,20,0.5,0.1,0.1,56.3,0,79,85,12.5,0.7,15,10,115,0.2,102.6
311,pear nectar,sari buah pir,150,62,39.4,0,0.3,1.5,0,56,210,0,0,32,49,0,33,0.3,87,17,67.5,0,0,0,0.2,0.7,41,7.5,65,41.466
312,blackberry juice,jus buah blackberry,95,1.5,19.5,19.3,0.8,0.3,0,72,227.3,0,76,91,0,53,1.1,0,75,28.3,0,2.3,88,30,1.2,52.5,30,337.5,1,81.6
313,lemon juice,air jeruk,54,0.6,16.6,6.1,0.9,0.7,0,46,225.2,0,0,15,93,0,84,0.2,0.2,0.1,94.4,0,0.4,0,73,0.2,91,19.5,90,18.9
314,cranberry grape juice,jus anggur cranberry,137,0.2,34.3,0,0.5,0.2,0,79,209.7,0,94,90,0,56,0.3,0.1,27,78.4,0,0,0,19.6,40,7.4,9.8,58.8,55,133.2
315,citrus fruit juice,jus buah jeruk,114,57,28.3,20.2,0.8,0.2,0,51,217.8,0,43,21,0,96,0.2,0.2,54,67.2,0,0.1,42,22.3,2.8,14.9,24.8,277.8,11,121.7
316,prune juice,jus buah prem,182,6,44.7,42.1,1.6,2.6,0,100,208,0,38,0,0,0.2,2,0.3,0.6,10.5,0,0.3,7,30.7,3,35.8,64,706.6,0.5,93.105
317,guanabana nectar,nektar guanabana,148,0.4,37.5,32.8,0.3,0.3,0,61,212.6,0,86,50,0,27,0.3,0.2,50,27.9,0,36,0,17.6,0.9,7.5,5,62.8,11,84.9
318,fruit juice,jus buah,108,0.1,26.3,24.2,0.3,0.2,0,0.1,172.7,0,71,0.2,0,0,96,28,0,1,50.8,0,0.1,0,39,0.5,0,14,89,26.937
319,horchata,minuman keras,15,0.2,3.3,2.6,0.1,0,0,13,24.6,0,0,0,0,0,16,0,29,0,0,22,0,5.1,57,0.8,4.2,9.6,58,8.717
320,fruit punch,minuman buah,98,0.4,24.4,0,0.2,0,0,80,208.6,0,92,61,0,0.1,0.1,35,47,11.2,0,0,0,16.4,0.5,7,7,154.4,0.4,53.1
321,apricot nectar,nektar aprikot,139,0.2,35.7,34.2,0.9,1.5,0,25,210.5,0,44,59,0,14,0.6,0.2,36,1.5,0,0.8,8,17.4,0.9,12.4,22.3,282.7,0.2,58.1
322,orangensaft ja,jeruk nipis dan,86,0,1.4,24,0.0,0.0,0.0,0.0,0.0,0.0,0.0,0.0,0.0,0.0,0.0,0.0,0.0,0.0,0.0,0.0,0.0,0.0,0.0,0.0,0.0,0.0,0.0,1.4
323,fruchtcocktail granini,koktail buah granini,102,0.4,1,0,0.0,0.0,0.0,0.0,0.0,0.0,0.0,0.0,0.0,0.0,0.0,0.0,0.0,0.0,0.0,0.0,0.0,0.0,0.0,0.0,0.0,0.0,0.0,1.4
324,peach nectar,sari buah persik,125,1.3,29.7,27.8,0.5,0.2,0,77,217.3,0,38,0.1,5,0,49,0.5,0.2,91,75.2,0,1.5,0,0.2,0.2,58,12.5,71,31.949
325,orange pineapple juice,jus jeruk nanas,15,80,3.6,3.1,0.1,32,0,44,25.7,0,44,10,0,69,54,0,53,12,0,36,16,2.4,86,3,3.2,44.3,72,18.261
326,cranberry juice,jus cranberry,92,0.3,24.4,24.2,0.8,0.2,0,93,174.3,0,0,69,11,0,16,0.2,0,0.1,18.6,0,2.4,99,0.1,0.5,0,26,36,25.975
327,white grapefruit juice,jus jeruk bali putih,96,0.2,22.7,22.5,1.2,0.2,0,18,222.3,0,15,29,0,5,0.5,0.5,0.1,93.9,0,0.5,0,22.2,0.5,29.6,37.1,400.1,0.1,140.9
328,mango nectar,sari buah mangga,128,0.2,32.9,31.2,0.3,0.8,0,61,217.4,0,0,39,55,0,60,0.2,0.2,38,38.2,0,0.5,47,87,0.9,7,5,25,34.447
329,acerola cherry juice,jus ceri acerola,56,0.7,11.6,10.9,1,0.7,0,82,228.2,0,67,84,0,0.1,1,0.5,51,3872.00,0,0.4,57,24.2,1.2,29,21.8,234.7,0.2,3911.4
330,apple juice concentrate,konsentrat jus apel,350,0.8,86.5,81.9,1.1,0.8,0,49,120.3,0,29,5,0,0.1,0.3,0.5,0.2,4.4,0,22,0,42.2,1.9,35.9,52.8,945.3,0.3,137.7
331,papaya nectar,sari buah pepaya,143,0.4,36.3,34.8,0.4,1.5,0,82,212.6,0,0,53,39,0,77,0.4,0.1,17,7.5,0,0.6,76,29,0.9,12,0,72,38.657
332,apple juice martinellis,jus apel martinelli,122,0,0.0,0.0,0.0,0.0,0.0,0.0,0.0,0.0,0.0,0.0,0.0,0.0,0.0,0.0,0.0,0.0,0.0,0.0,0.0,0.0,0.0,0.0,0.0,0.0,0.0,0.0
333,lime juice,air jeruk nipis,61,0.2,20.4,4.1,1,1,0,14,219.7,0,15,10,0,78,0.3,0.3,40,72.6,0,0.5,74,33.9,0.2,19.4,33.9,283.1,0.2,129.3
334,grape juice,jus anggur,152,0.3,37.4,35.9,0.9,0.5,0,3,213.8,0,50,0,0,25,0.3,0.1,86,0.3,0,0,25,27.8,0.6,25.3,35.4,263.1,0.2,67.8
335,water dannon,air dannon,0,0,0,0,0,0,0,0,330.9,0,0,0,0,0,0,0,0,0,0,0,0,9.9,0,3.3,0,0,0,9.9
336,tap water,keran air,0,0,0,0,0,0,0,18,236.8,0,0,0,0,0,0,0,0,0,0,0,0,7.1,0,2.4,0,0,42,7.1
337,table water,air meja,0,0,0,0,0,0,0,44,499.5,0,0,0,0,0,0,0,0,0,0,0,0,70,0,0,0,0,0,70.0
338,fruit flavored water,air rasa buah,52,0,13,13,0,0,0,0,223.8,50,0,16,49,0,2,1,0.2,30.1,0,4.5,0,40.3,0,7.1,0,0,0.8,83.471
339,water,air,0,0,0,0,0,0,0,24,237,0,0,0,0,0,0,0,0,0,0,0,0,23.7,0,4.7,0,0,0,23.7
340,cola light coca cola,cola ringan coca cola,0,0,0,0,0,0,0,87,336.5,0.0,0.0,0.0,0.0,0.0,0.0,0.0,0.0,0.0,0.0,0.0,0.0,0.0,0.0,0.0,0.0,0.0,0.0,0.0
341,lemon lime soda,soda jeruk nipis,151,0,38.4,37.6,0.3,0,0,24,330.2,0,0,0,0,0,55,0,0,0,0,0,0,7.4,61,3.7,0,3.7,65,46.113
342,tonic water,air tonik,114,0,29.6,29.6,0,0,0,49,306.1,0,0,0,0,0,0,0,0,0,0,0,0,3.4,90,0,0,0,0.3,33.038
343,lemonade low calorie,limun rendah kalori,7,0,1.6,0,92,0,0,13,236.8,0,0,0,0,0,0,0,0,7.6,0,0,0,66.9,0.1,2.4,31.1,2.4,11,76.216
344,ginger ale,bir jahe,68,0,17.5,17.4,0,0,0,43,182.5,0,0,0,0,0,0,0,0,0,0,0,0,0,24,0.4,87,0,78,17.528
345,ice tea lemon flavor nestle,es teh rasa lemon nestle,88,0,22.3,22.3,0,0,0,63,223.4,0,0,0,0,0,0,0,0,0,0,0,0,7.4,0,2.5,88.2,46.6,0.1,29.7
346,sprite coca cola,sprite coca cola,80,63,20.3,18,0.1,0,0,21,179.6,0,0,0,0,0,0,32,0,0,0,0,0,0,42,0.2,17,0,0,20.538
347,cola coca cola,minuman bersoda,151,0,38.9,38.9,0,0,0,45,329.8,0,0,0,0,0,0,0,0,0,0,0,0,7.4,48,0,40.5,11,52,46.4
348,cola,minuman bersoda,74,70,19.1,17.9,0.1,0,0,72,180.6,0,0,0,0,0,0,0,0,0,0,0,0,0,12,0.2,81,20,38,19.336
349,cream soda,krim soda,252,0,65.7,65.7,0,0,0,98,428.3,0,0,0,0,0,0,0,0,0,0,0,0,24.7,0.2,4.9,0,4.9,0.3,90.6
350,club soda,minuman bersoda klub,0,0,0,0,0,0,0,46,199.8,0,0,0,0,0,0,0,0,0,0,0,0,0,15,78,52,0,0,25
351,pink lemonade,limun merah muda,86,0.3,21.6,20.6,0.1,0.2,0,10,177.8,0,3,78,0,0,47,35,61,6.2,0,62,0,8,92,4,4,34,93,36.488
352,grape soda,minuman bersoda anggur,160,0,41.7,0,0,0,0,42,330.3,0,0,0,0,0,0,0,0,0,0,0,0,11.2,0.3,3.7,0,3.7,0.3,53.2
353,cola without caffeine coca cola,cola tanpa kafein coca cola,151,0,38.9,38.9,0,0,0,40,329.8,0,0,0,0,0,0,0,0,0,0,0,0,7.4,26,0,40.5,11,32,46.381
354,white lemonade,limun putih,80,3,20.8,20,0.1,0,0,20,178.7,0,0,4,43,0,20,94,94,7,7.8,0,40,0,13,0.3,83,4,66,21.02
355,chocolate soda,coklat bubuk,207,0,52.6,52.6,0,0,0,31,438.9,0,0,0,0,0,0,0,0,0,0,0,0,19.7,0.5,4.9,4.9,246,0.8,72.8
356,sweet tea lipton,teh manis lipton,130,0,35,35,0,0,0.0,0.0,0.0,0.0,0.0,0.0,0.0,0.0,0.0,0.0,0.0,0.0,0.0,0.0,0.0,0.0,0.0,0.0,0.0,0.0,0.0,35.0
357,hibiscus tea,Teh kembang sepatu,74,1.3,14.8,12,0.9,0.6,0,91,179.3,0,2.6,30,0,0.2,0,0,0,36.8,0,0,0,2,17.3,2,6,18,0.2,73.7
358,instant lemon tea,teh lemon instan,2,0,0.3,47,0.1,0,0,46,199.2,0,0,0,0,0,3,23,60,9,0,0,0,0,26,20,0.8,2,0,494
359,pesca tea santal,teh ikan santal,116,0,0.0,0.0,0.0,0.0,0.0,0.0,0.0,0.0,0.0,0.0,0.0,0.0,0.0,0.0,0.0,0.0,0.0,0.0,0.0,0.0,0.0,0.0,0.0,0.0,0.0,0.0
360,instant lemon tea sweetened,teh lemon instan yang dimaniskan,91,0.2,22.3,21.6,71,0.3,0,89,236.2,0,83,0,0,0,6,0,44,0,0,0,0,5.2,0,2.6,0,38.9,48,28.147
361,tea with milk and sugar yorkshire,Teh dengan susu dan gula yorkshire,15,0.5,0.4,0.0,0.0,0.0,0.0,0.0,0.0,0.0,0.0,0.0,0.0,0.0,0.0,0.0,0.0,0.0,0.0,0.0,0.0,0.0,0.0,0.0,0.0,0.0,0.0,0.9
362,tea blueberry muffin tekanne,muffin blueberry teh tekanne,4,0.2,0.4,7,0.0,0.0,0.0,0.0,0.0,0.0,0.0,0.0,0.0,0.0,0.0,0.0,0.0,0.0,0.0,0.0,0.0,0.0,0.0,0.0,0.0,0.0,0.0,0.6
363,chamomile tea,Teh kamomil,2,0,0.4,0,0,0,0,3,199.4,0,60,50,0,22,0,27,0,0,0,0,0,4,0.2,2,0,18,6,4.6
364,black tea,teh hitam,2,0,0.7,0,0,0,0,91,236.3,0,0,41,0,18,0,40,0,0,0,0,0,0,88,7.1,2.4,87.7,81,0.72
365,herb tea,teh herbal,2,0,0.4,0,0,0,0,64,199.4,0,7,93,0,51,0,96,0,0,0,0,0,4,0.2,2,0,18,6,4.6
366,clam tomato juice,jus tomat kerang,80,0.3,18.2,5.5,1,0.7,0,0.6,145.1,0,15,79,0,64,0.4,0.1,0.1,8.3,0,0.2,0,13.3,0.2,8.3,18.3,147.7,0.1,42.0
367,tomato juice,jus tomat,41,0.7,8.6,6.3,2.1,1,0,63,229,0,69,0.2,3,0,0.2,1.6,0.6,0.2,170.3,0,0.8,56,0.1,0.9,0.2,46.2,67,12.742
368,vegetable juice,jus sayuran,53,0.2,11.1,7.9,1.5,1.9,0,0.1,226.3,0,0,95,39,0,91,1.8,0.6,0.3,67,0,0.8,7,0.5,1,0.2,41.1,26,15.538
369,tomato vegetable juice,jus tomat sayur,53,0.2,11.1,9.2,1.5,1.9,0,0.2,226.3,0,34,47,0,97,1.8,0,0.3,67,0,0.8,85,26.6,1,26.6,41.1,467.1,0.5,109.3
370,carrot juice,jus wortel,80,0.3,18.6,7.8,1.9,1.6,0,0.1,177.7,0,0.2,77,0,0.1,0.8,0.5,0.4,17,0,2.3,47,48,0.9,28,84,584,0.4,88.3
371,acorn dried,biji pohon ek kering,144,8.9,15.2,0,2.3,0,0,0,1.4,0,5,85,0,21,0.7,0.3,0.2,0,0,0,0,15.3,0.3,23.2,29.1,200.6,0.2,42.0
372,fenugreek seeds,biji kelabat,36,0.7,6.5,0,2.6,2.7,0,90,1,0,36,46,0,19,0.2,0,64,0.3,0,0,0,19.5,3.7,21.2,32.9,85.5,0.3,36.0
373,peanut topping mcdonalds,topping kacang mcdonalds,181,15,4.6,1.2,7.9,0,0,0,0.2,0,70,15,0,99,4.7,0.3,0.2,0,0,2.3,0,13,0.4,54.6,103,179.4,0.8,40.9
374,beechnuts dried,kacang beech kering,173,15,10.1,0,1.9,0,0,68,2,0,53,87,0,0.1,0.3,0.3,0.2,4.7,0,0,0,0.3,0.7,0,0,305.1,0.1,32.7
375,breadnut tree seeds raw,biji pohon kacang sukun mentah,61,0.3,13.1,0,1.7,0,0,84,12.7,0,40,77,0,53,0.2,0.3,0.1,7.8,0,0,0,27.7,0.6,19.2,19,334.8,0.3,51.2
376,cumin seeds,biji jintan,8,0.5,0.9,63,0.4,0.2,0,73,0.2,0,79,15,0,93,64,0,21,0.2,0,96,1,19.6,1.4,7.7,10.5,37.5,0.1,23.2
377,pili nuts dried,kacang pili kering,863,95.5,4.8,0,13,0,0,14,3.3,0,1.1,66,0,0.1,0.6,0.6,0.1,0.7,0,0,0,174,4.2,362.4,690,608.4,3.6,292.2
378,hazelnuts roasted,hazelnut panggang,194,18.7,5.3,1.5,4.5,2.8,0,0,0.8,0,0.1,31,0,74,0.6,0.3,0.2,1.1,0,4.6,0,36.9,1.3,51.9,93,226.5,0.8,70.6
379,lupins cooked,lupin dimasak,193,4.8,15.4,0,25.8,4.6,0,0.4,118,0,0.2,83,0,71,0.8,0.3,16,1.8,0,0,0,84.7,2,89.6,212.5,406.7,2.3,139.1
380,hazelnuts blanched,hazelnut yang sudah direbus,178,17.3,4.8,1,3.9,3.1,0,0,1.6,0,0.1,21,0,49,0.4,0.2,0.2,0.6,0,5,0,42.2,0.9,45.3,87.7,186.2,0.6,72.8
381,brazilnuts dried,kacang brazil kering,33,3.3,0.6,0.1,0.7,0.4,0,73,0.2,0,79,35,0,13,83,51,41,24,0,0.3,0,8,0.1,18.8,36.3,33,0.2,13.139
382,sunflower seeds dry roasted,biji bunga matahari panggang kering,47,4,1.9,0.2,1.5,0.9,0,67,76,0,87,72,0,86,0.6,0.6,10,0.1,0,2.1,37,5.6,0.3,10.3,92.4,68,0.4,14.3
383,ginkgo nuts canned,kacang ginkgo kalengan,172,2.5,34.3,0,3.5,14.4,0,0.5,113.1,0,0.2,60,0,52,5.6,0.2,0.3,14.1,0,0,0,6.2,0.4,24.8,83.7,279,0.3,75.4
384,peanuts cooked,kacang tanah yang dimasak,572,39.6,38.3,4.4,24.3,15.8,0,1.4,75.2,0,0.5,0.1,0,0.1,9.5,1.5,0.3,0,0,7.4,0,99,1.8,183.6,356.4,324,3.3,218.8
385,pumpkin squash seeds dried,biji labu siam kering,721,63.3,13.8,1.8,39,7.7,0,13,6.7,0,0.4,24,0,0.2,6.4,1,0.2,2.5,0,2.8,30,59.3,11.4,763.7,1590.60,1043.60,10.1,197.0
386,cashew nuts raw,kacang mete mentah,156,12.4,8.5,1.7,5.2,0.9,0,20,1.5,0,0.1,76,0,71,0.3,0.2,0.1,0.1,0,0.3,40,10.5,1.9,82.6,167.8,186.8,1.6,39.5
387,sunflower seeds dried,biji bunga matahari kering,269,23.7,9.2,1.2,9.6,4,0,14,2.2,0,0.7,0.1,0,0.2,3.8,0.5,0.6,0.6,0,16.2,0,35.9,2.4,149.5,303.6,296.7,2.3,85.4
388,lotus seeds dried,biji teratai kering,106,0.6,20.6,0,4.9,0,0,24,4.5,0,0.2,19,0,59,0.5,0.3,0.2,0,0,0,0,52.2,1.1,67.2,200.3,437.8,0.3,79.4
389,butternuts dried,kacang butternut kering,734,68.4,14.5,0,29.9,5.6,0,62,4,0,0.5,88,0,0.2,1.3,0.8,0.7,3.8,0,0,0,63.6,4.8,284.4,535.2,505.2,3.8,190.6
390,sesame seeds dried,biji wijen kering,52,4.5,2.1,31,1.6,1.1,0,49,0.4,0,37,50,0,57,0.4,82,96,0,0,99,0,87.8,1.3,31.6,56.6,42.1,0.7,98.4
391,breadfruit seeds,biji sukun,57,1.7,8.8,0,2.2,1.6,0,40,16.9,0,0.1,95,0,66,0.1,0.3,24,2,0,0,0,10.8,1.1,16.2,52.5,282.3,0.3,28.2
392,pinyon pine nuts dried,kacang pinus pinyon kering,1,73,10,0,83,5,0,70,45,0,20,66,0,40,27,0,48,4,0,0,0,22,7,0.2,98,0.6,49,359
393,pine nuts dried,kacang pinus kering,909,92.3,17.7,4.8,18.5,5,0,86,3.1,0,0.5,18,0,0.3,5.9,0.4,0.1,1.1,0,12.6,2,21.6,7.5,338.9,776.3,806,8.7,163.7
394,flaxseeds,biji rami,55,4.3,3,0.2,1.9,2.8,0,35,0.7,0,0.2,15,0,95,0.3,0.1,56,23,0,42,53,26.3,0.6,40.4,66.1,83.7,0.4,38.994
395,safflower seed kernels dried,biji bunga matahari kering,146,10.9,9.7,0,4.6,0,0,42,1.6,0,0.3,55,0,0.1,0.6,1.1,0.3,0,0,0,0,22.1,1.4,99.9,182.3,194.4,1.4,48.7
396,pistachio nuts raw,kacang pistachio mentah,691,55.8,33.8,9.4,24.9,12.7,0,37,4.8,0,1.1,87,0,0.2,1.6,0.6,2.1,6.9,0,2.8,0,129.2,4.8,148.8,602.7,1260.80,2.7,268.1
397,peanuts raw,kacang tanah mentah,828,71.9,23.5,5.8,37.7,12.4,0,38,9.5,0,0.9,0.4,0,0.2,17.6,2.6,0.5,0,0,12.2,0,134.3,6.7,245.3,549,1029.30,4.8,286.5
398,poppy seeds,biji bunga poppy,46,3.7,2.5,0.3,1.6,1.7,0,79,0.5,0,34,44,0,40,69,71,90,61,0,0.2,0,126.5,0.9,30.5,76.6,63.3,0.7,136.934
399,valencia peanuts raw,kacang tanah valencia mentah,832,69.5,30.5,0,36.6,12.7,0,94,6.2,0,0.9,0.4,0,0.4,18.8,2.6,0.5,0,0,0,0,90.5,3.1,268.6,490.6,484.7,4.9,242.9
400,spanish peanuts,kacang spanyol,832,72.4,23.1,0,38.2,13.9,0,36,9.3,0,1,0.4,0,0.2,23.3,2.6,0.5,0,0,0,0,154.8,5.7,274.5,566.5,1086.20,3.1,308.1
401,dill seeds,biji adas,20,1,3.6,0,1.1,1.4,0,37,0.5,0,11,85,0,59,0.2,0,1,1.4,0,0,0,100.1,1.1,16.9,18.3,78.3,0.3,109.7
402,caraway seeds,biji jintan,22,1,3.3,38,1.3,2.5,0,14,0.7,0,96,52,0,75,0.2,0,99,1.4,0,0.2,0,46.2,1.1,17.3,38.1,90.5,0.4,56.8
403,acorn raw,biji pohon ek mentah,110,6.8,11.5,0,1.7,0,0,0,7.9,0,16,60,0,45,0.5,0.2,0.1,0,0,0,0,11.6,0.2,17.5,22.4,152.5,0.1,31.8
404,almonds roasted,kacang almond panggang,182,16.6,5.3,1.4,6.4,3.2,0,29,0.8,0,55,32,0,0.2,1.1,49,65,0,0,7.8,0,87.3,1.1,82.2,139.8,209.7,0.9,119.9
405,lotus seeds raw,biji teratai mentah,25,0.1,4.9,0,1.2,0,0,20,21.8,0,73,52,0,70,0.1,88,74,0,0,0,0,12.5,0.3,15.8,47.5,103.9,43,19.0
406,chestnuts cooked,kastanye yang dimasak,37,0.4,7.9,0,0.6,0,0,46,19.3,0,95,99,0,53,0.2,46,21,7.6,0,0,0,13,0.5,15.3,28,202.3,20,30.0
407,alfalfa seeds,biji alfalfa,1,75,2,58,0.1,15,0,48,2.8,0,65,8,0,78,20,51,21,0.2,0,36,42,1,34,0.8,2.1,2.4,71,1.435
408,virginia peanuts roasted,kacang tanah virginia panggang,173,14.6,6,0,7.8,2.7,0,18,0.7,0,66,61,0,22,4.4,0.4,99,0,0,0,0,25.8,0.5,56.4,151.8,195.6,2,57.4
409,hazelnuts raw,hazelnut mentah,471,45.6,12.5,3.3,11.2,7.3,0,0,4,0,0.5,34,0,22,1.4,0.7,0.4,4.7,0,11.3,97,85.5,3.5,122.3,217.5,510,1.8,170.3
410,anise seeds,biji adas manis,7,0.3,1.1,0,0.4,0.3,0,100,0.2,0,58,2,0,91,90,58,10,0.4,0,0,0,13.6,0.8,3.6,9.2,30.3,0.1,16.9
411,macadamia nuts roasted,kacang macadamia panggang,215,22.8,4,1.2,2.3,2.4,0,64,0.5,0,0.2,2,0,86,0.7,0.2,0.1,0.2,0,0.2,0,21,0.8,35.4,59.4,108.9,0.4,53.5
412,studentenfutter alnatura,mahasiswa alnatura,139,7.8,13.2,11.7,3.1,31,1.7,0.0,0.0,0.0,0.0,0.0,0.0,0.0,0.0,0.0,0.0,0.0,0.0,0.0,0.0,0.0,0.0,0.0,0.0,0.0,0.0,24.152
413,pumpkin squash seeds roasted,biji labu siam panggang,46,3.9,1.2,0.1,2.4,0.5,0,45,0.2,0,46,41,0,46,0.4,20,12,0.1,0,49,2,4.2,0.6,44,93.9,63,0.6,12.9
414,water chestnut raw,kastanye air mentah,120,0.1,29.7,6,1.7,3.7,0,97,91.1,0,0.2,11,0,0.2,1.2,0.6,0.4,5,0,1.5,58,13.6,34,27.3,78.1,724.2,0.6,53.84
415,chestnuts roasted,kastanye panggang,37,0.3,7.9,1.6,0.5,0.8,0,43,6.1,0,80,96,0,11,0.2,46,75,3.9,0,80,8,4.4,0.1,5,16.1,88.8,86,17.9
416,ginkgo nuts raw,kacang ginkgo mentah,52,0.5,10.6,0,1.2,0,0,67,15.6,0,13,85,0,40,1.7,78,98,4.2,0,0,0,0.6,0.3,7.6,35.1,144.3,79,17.4
417,almonds raw,kacang almond mentah,9,0.7,0.3,26,0.3,0.2,0,43,26,0,79,73,0,66,52,68,29,0,0,0.4,0,4,82,4,7.3,10.6,61,5.554
418,peanuts roasted,kacang tanah panggang,180,15.8,4.6,1.3,8.4,2.8,0,69,0.4,0,57,51,0,20,4.1,0.4,0.1,0.2,0,2.1,0,18.3,0.5,52.8,119.1,217.8,1,50.6
419,sunflower seeds toasted,biji bunga matahari panggang,829,76.1,27.6,0,23.1,15.4,0,0.8,1.3,0,0.4,0.3,0,0.4,5.6,9.5,1.1,1.9,0,0,0,76.4,9.1,172.9,1551.70,657.9,7.1,229.6
420,sisymbrium seeds,Biji bunga sismbrium,235,3.4,43.1,0,9,0,0,47,4.5,0,0.1,72,0,0.3,12.5,0.7,0.6,22.7,0,0,0,1208.40,98,232.4,4.4,1576.20,0.2,1.286.643
421,breadnut tree seeds dried,biji pohon kacang sukun kering,587,2.7,127,0,13.8,23.8,0,91,10.4,0,40,0.2,0,0.2,3.4,3,1.1,74.6,0,0,0,150.4,7.4,184,284.8,3217.60,3.1,399.7
422,pecans raw,kacang pecan mentah,753,78.4,15.1,4.3,10,10.5,0,0,3.8,0,0.7,19,0,0.1,1.3,0.9,0.2,1.2,0,1.5,33,76.3,2.8,131.9,301.9,446.9,4.9,194.3
423,chia seeds dried,biji chia kering,138,8.7,11.9,0,4.7,9.7,0,47,1.6,0,0.2,98,0,80,2.5,0,0,0.5,0,0.1,0,178.6,2.2,94.8,243.4,115.2,1.3,216.3
424,lupins raw,lupin mentah,668,17.5,72.7,0,65.1,34,0,9,18.8,0,1.2,0.6,0,0.4,3.9,1.4,0.6,8.6,0,0,0,316.8,7.8,356.4,792,1823.40,8.6,522.5
425,mustard seeds ground,biji sesawi digiling,10,0.7,0.6,0.1,0.5,0.2,0,17,0.1,0,72,93,0,20,93,18,0,0.1,0,0.1,86,5.3,0.2,7.4,16.6,14.8,0.1,7.6
426,mixed nuts roasted,kacang campur sangrai,178,15.4,7.6,1.4,5.2,2.7,0,0.1,0.5,0,63,8,0,74,1.4,0.4,73,0.1,0,3.3,17,21,1.1,67.5,130.5,207.9,1.1,53.1
427,salat mix alestro,salad campur alestro,61,5.2,2.4,0.0,0.0,0.0,0.0,0.0,0.0,0.0,0.0,0.0,0.0,0.0,0.0,0.0,0.0,0.0,0.0,0.0,0.0,0.0,0.0,0.0,0.0,0.0,0.0,7.6
428,chestnuts raw,kastanye mentah,309,3.3,66,0,3.5,11.7,0,20,70.5,0,0.3,30,0,0.2,1.7,0.7,0.5,62.4,0,0,0,39.2,1.5,46.4,134.9,751.1,0.8,187.6
429,walnut,kenari,33,3.3,0.7,0.1,0.8,0.3,0,41,0.2,0,64,4,0,37,75,29,18,37,0,60,29,4.9,0.1,7.9,17.3,22.1,0.2,10.109
430,celery seeds,biji seledri,25,1.6,2.7,78,1.2,0.8,0,68,0.4,0,98,50,0,22,0.2,0,39,1.1,0,60,0,114.9,2.9,28.6,35.6,91,0.5,125.2
431,hickorynuts dried,kacang hickory kering,788,77.2,21.9,0,15.3,7.7,0,53,3.2,0,1,42,0,0.2,1.1,2.1,0.2,2.4,0,0,0,73.2,2.5,207.6,403.2,523.2,5.2,200.2
432,spanish peanuts roasted,kacang tanah panggang spanyol,851,72.1,25.7,0,41.2,13.1,0,0.6,2.6,0,0.5,0.2,0,0.1,22,2,0.4,0,0,0,0,147,3.4,247,568.9,1140.70,2.9,302.5
433,woca seeds dried,biji woca kering,102,0.3,22.6,0.1,2.2,5.4,0,48,2.6,0,29,92,0,42,1.2,0.4,0.3,0,0,10.1,0,7.6,0.4,24.3,64.8,156.5,1.8,38.5
434,pecans roasted,kacang pecan panggang,215,22.6,3.9,1.2,2.8,2.9,0,62,0.3,0,0.1,53,0,20,0.4,0.2,71,0.2,0,0.8,0,20.1,0.7,36.3,78.9,117.6,1.3,53.2
435,fennel seeds,biji adas,7,0.3,1,0,0.3,0.8,0,97,0.2,0,21,0,0,92,0.1,0,45,0.4,0,0,0,23.9,0.4,7.7,9.7,33.9,42,27.1
436,chinese chestnuts roasted,kastanye cina panggang,68,0.3,14.8,0,1.3,0,0,52,11.4,0,36,100,0,37,0.4,0.2,0.1,10.9,0,0,0,5.4,0.4,25.5,28.9,135,0.3,33.1
437,watermelon seed kernels dried,biji semangka kering,602,51.2,16.5,0,30.6,0,0,0.1,5.5,0,0.2,38,0,0.2,3.8,0.4,32,0,0,0,0,58.3,7.9,556.2,815.4,699.8,11.1,164.5
438,macadamia nuts raw,kacang macadamia mentah,38,4,0.7,0.2,0.4,0.5,0,11,11,0,32,61,0,42,0.1,66,35,62,0,58,0,4.5,0.2,6.8,9.9,19.3,34,10.387
439,pectin,pektin,163,0.2,45.2,0,0.2,4.3,0,0.1,4.4,0,42,25,0,21,17,23,63,0,0,0,0,3.5,1.4,0.5,1,3.5,0.2,54.8
440,black walnut dried,kenari hitam kering,31,3,0.5,18,1.2,0.3,0,28,0.2,0,14,83,0,97,36,56,67,32,0,91,29,3.1,0.2,10.1,25.7,26.2,0.2,8.347
441,water chestnut canned,kastanye air kalengan,70,15,17.2,3.4,1.2,3.5,0,11,121,0,35,16,0,30,0.5,0.3,0.2,1.8,0,0.7,43,5.6,1.2,7,26.6,165.2,0.5,30.594
442,ginkgo nuts dried,kacang ginkgo kering,98,0.6,20.5,0,2.9,0,0,45,3.5,0,0.1,54,0,10,3.3,0.4,0.2,8.3,0,0,0,5.7,0.5,15,76.1,282.4,0.2,38.5
443,virginia peanuts raw,kacang tanah virginia mentah,822,71.2,24.1,5.8,36.8,12.4,0,8,10.1,0,1,0.3,0,0.2,18.1,2.6,0.5,0,0,9.6,0,129.9,3.7,249.7,554.8,1007.40,6.5,278.1
444,valencia peanuts roasted,kacang tanah panggang valencia,177,15.4,4.9,0,8.1,2.7,0,4,0.6,0,52,3,0,68,4.3,0.4,72,0,0,0,0,16.2,0.5,48,95.7,183.6,0.9,47.8
445,nesfit diet cereal nestle,sereal diet nesfit nestle,75,0,0,0.0,0.0,0.0,0.0,0.0,0.0,0.0,0.0,0.0,0.0,0.0,0.0,0.0,0.0,0.0,0.0,0.0,0.0,0.0,0.0,0.0,0.0,0.0,0.0,0.0
446,corn grits cooked,bubur jagung dimasak,182,1.2,37.9,0.3,4.4,2.1,0,0.6,213.1,0,0.2,2,0,0.1,2.1,0.1,0.1,0,0,30,0,2.6,1.5,18,51.4,69.4,0.5,49.7
447,amaranth flakes,serpihan bayam,134,2.7,27,0.2,5.9,3.6,0,67,1.1,0,33,25,0,0,1,0,6,1,0,0.5,7,6.5,0.7,9.5,125.8,134.1,11,47.4
448,granola,granola,293,14.6,32.3,11.9,8.2,5.3,0,10,3.5,8,0.3,17,0,0.2,1.6,0.9,0.2,0.7,0,6.7,35,45.6,2.4,100.8,258.6,323.4,2.5,109.142
449,muesli with fruit nuts,muesli dengan buah dan kacang,231,3.4,45.7,14.2,4.3,5.8,0,0.1,5.1,0.2,0.4,177.6,47,0.5,5.5,2.8,0.5,0,28,1.4,38,25.8,5.9,72,176.4,229.2,1.6,91.1
450,muesli master crumble,remah muesli master,124,2.4,4.5,42,2.4,0.0,0.0,0.0,0.0,0.0,0.0,0.0,0.0,0.0,0.0,0.0,0.0,0.0,0.0,0.0,0.0,0.0,0.0,0.0,0.0,0.0,0.0,9.3
451,bran flakes,serpihan dedak,131,0.8,32.2,7.4,4,7.3,0,0.2,1.4,0,0.3,0.5,0.4,11,0.6,6.7,0.3,0.7,0,90,0.3,25,0.3,11.2,1.4,179.6,83,45.358
452,nut cereal,sereal kacang,245,5.9,46.2,17.2,4,3.6,0,0.3,2.6,0.2,0.5,0.3,0,0.6,6.5,0.3,0.7,10.7,2,0,0,75.6,10.3,39,106.8,134.4,3,156.5
453,corn flakes,serpihan jagung,108,0.3,24.6,2.2,1.7,0.8,0,0.2,0.9,0,0.3,1.3,26,56,0.5,5.9,22,0.5,18.2,11,11,0,83,5.4,60,9.2,77,27.947
454,corn grits dry,bubur jagung kering,36,0.2,7.7,8,0.7,0.4,0,54,1.1,0,0.1,80,0,32,0.4,72,97,0,0,70,0,0.4,0.3,3.5,10.8,13.7,46,9.7
455,eggnog,minuman telur kopyok,224,10.6,20.4,20.4,11.6,0,149.9,0.1,209.7,0.1,74,0.02,6,0.5,0.3,1.1,0.1,3.8,55,0.5,11,330.2,0.5,48.3,276.9,419.1,1.2,377.2
456,beer light,lampu bir,96,0,5.4,0.3,0.8,0,0,95,313.1,0,83,79,0,69,1.3,67,0.1,0,0,0,0,13.2,14,16.5,39.6,69.3,44,19.456
457,beer budweiser,bir budweiser,12,0,0.9,0,0.1,0,0,95,27.4,0,0,0,0,0,0,0,0,0,0,0,0,1.2,0,2.1,3.8,9.7,0,2.2
458,weizenbier erdinger,bir weizen erdinger,220,18,0,0,0,0,0,0,0,0,0,0,0,0,0,0,0,0,0,0,0,0,0,0,0,0,0,18
459,beer light budweiser,bir ringan budweiser,9,0,0.4,0,66,0,0,16,28,0,0,0,0,0,0,0,0,0,0,0,0,0.9,0,2.1,3.2,7.7,0,1.32
460,beer,bir,142,0,11.7,0,1.5,0,0,67,303.5,0,93,62,0,17,1.7,0.1,0.2,0,0,0,0,13.2,31,19.8,46.2,89.1,1,26.436
461,root beer,bir akar,202,0,52.3,52.3,0,0,0,68,440.2,0,0,0,0,0,0,0,0,0,0,0,0,0,37,0.2,59,0,95,52.334
462,tequila sunrise,matahari terbit tequila,232,0.2,23.8,0,0.6,0,0,0.1,166.3,0,85,0.01,0,15,0.4,0.2,0.1,40.7,0,0,0,0,38,14.8,21.1,21.1,1.3,65.357
463,daiquiri,minuman daiquiri,112,36,4.2,3.3,35,1,0,8,41.8,0,21,47,0,65,22,74,3,1,0,92,9,1.8,33,1.2,3,12.6,91,7.243
464,pina colada,minuman pina colada,245,2.7,32,31.5,0.6,0.4,0,89,91.6,0,0,38,38,0,2,0.2,0.01,19,6.9,0,56,0.08,0.1,0.3,0.7,9.9,64,35.877
465,whiskey,wiski,58,0,0.1,78,0,0,0,0,14.7,0,85,0,0,56,73,0,0,0,0,0,0,0,72,0,0.7,0.2,0.02,127
466,rum,rum,49,0,0,0,0,0,0,53,14,0,58,0,0,0,0,0,0,0,0,0,0,0,45,0,1.1,0.4,0.05,49
467,vodka smirnoff,minuman vodka,13,0.4,2,82,0,0,0,0,0,0,0,0,0,0,0,0,0,0,0,0,0,0,0,0,0,0,0,2.4
468,coffee liqueur,minuman keras kopi,96,38,13.8,13.7,41,0,0,93,9.1,0,42,0,0,75,45,0,0,0,0,0,0,0.3,0.02,0.9,1.8,8.9,97,14.241
469,gin,gin,53,0,0,0,0,0,0,29,12.4,0,0,0,0,0,0,0,0,0,0,0,0,0,0,0,0,0,0,0
470,dessert wine sweet,anggur pencuci mulut manis,165,0,14.1,8,0.2,0,0,47,72.6,0,81,0,0,3,0.2,79,0,0,0,0,0,8.2,0.2,9.3,9.3,94.8,74,22.7
471,chenin blanc white wine,anggur putih chenin blanc,118,0,4.9,0,0.1,0,0,0,128.4,0,0,0,0,0,0,0,0,0,0,0,0,0,0,0,0,0,0,5
472,gamay red wine,anggur merah gamay,115,0,3.5,0,0.1,14.4,0,0,0,128.6,0,0,0,0,0,0,0,0,0,0,0,0,0,0,0,0,0,146.6
473,late harvest white wine,anggur putih panen akhir,172,0,20.6,0,0.1,13.1,0,0,0,119.8,0,0,0,0,0,0,0,0,0,0,0,0,0,0,0,0,0,153.6
474,gewurztraminer white wine,anggur putih gewurztraminer,119,0,3.8,0,0.1,0,0,0,127.9,0,0,0,0,0,0,0,0,0,0,0,0,0,0,0,0,0,0,3.9
475,burgundy red wine,anggur merah burgundy,172,0,7.4,0,0.1,0,0,0,171.2,0,0,0,0,0,0,0,0,0,0,0,0,0,0,0,0,0,0,7.5
476,zinfandel red wine,anggur merah zinfandel,129,0,4.2,0,0.1,0,0,0,126,0,0,0,0,0,0,0,0,0,0,0,0,0,0,0,0,0,0,4.3
477,muller thurgau white wine,anggur putih muller thurgau,112,0,5.2,0,0.1,13.3,0,0,0,129.2,0,0,0,0,0,0,0,0,0,0,0,0,0,0,0,0,0,147.8
478,mouvedre red wine,anggur merah mouvedre,129,0,3.9,0,0.1,16.5,0,0,0,126.1,0,0,0,0,0,0,0,0,0,0,0,0,0,0,0,0,0,146.6
479,table wine,anggur meja,123,0,4,1.2,0.1,0,0,87,128.1,0,51,84,0,14,0.2,23,22,0,0,0,0,11.8,0.5,16.3,29.6,146.5,0.2,16.4
480,wine light,lampu anggur,73,0,1.7,1.7,0.1,0,0,46,136.5,0,0,35,0,39,0.1,0,97,0,0,0,0,13.3,0.6,14.8,22.2,130.2,0.1,15.7
481,white wine,anggur putih,121,0,3.8,1.4,0.1,0,0,98,127.7,0,0.04,81,0,3,0.2,94,34,0,0,0,71,13.2,0.4,14.7,26.5,104.4,0.2,17.5
482,petite sirah red wine,anggur merah petite sirah,125,0,3.9,0,0.1,15.7,0,0,0,126.7,0,0,0,0,0,0,0,0,0,0,0,0,0,0,0,0,0,146.4
483,non alcoholic wine,anggur non alkohol,2,0,0.3,0.3,0.1,0,0,95,29,0,0,27,0,19,93,0,64,0,0,0,0,2.7,0.1,3,4.4,26,88,3.2
484,pinot noir red wine,anggur merah pinot noir,121,0,3.4,0,0.1,0,0,0,127.8,0,0,0,0,0,0,0,0,0,0,0,0,0,0,0,0,0,0,3.5
485,pinot gris grigio white wine,anggur putih pinot gris grigio,122,0,3,0,0.1,0,0,0,127.9,0,0,0,0,0,0,0,0,0,0,0,0,0,0,0,0,0,0,3.1
486,riesling white wine,anggur putih riesling,118,0,5.5,0,0.1,0,0,0,128.1,0,0,0,0,0,0,0,0,0,0,0,0,0,0,0,0,0,0,5.6
487,barbera red wine,anggur merah barbera,170,0,5.6,0,0.1,0,0,0,172.6,0,0,0,0,0,0,0,0,0,0,0,0,0,0,0,0,0,0,5.7
488,lemberger red wine,anggur merah lemberger,118,0,3.6,0,0.1,15,0,0,0,127.9,0,0,0,0,0,0,0,0,0,0,0,0,0,0,0,0,0,146.6
489,merlot red wine,anggur merah merlot,122,0,3.7,0.9,0.1,0,0,11,127.3,0,87,64,0,0.01,0.3,81,61,0,0,0,0,11.8,0.7,17.6,33.8,186.7,0.2,16.3
490,sangiovese red wine,anggur merah sangiovese,126,0,3.9,0,0.1,0,0,0,126.7,0,0,0,0,0,0,0,0,0,0,0,0,0,0,0,0,0,0,4
491,sauvignon blanc white wine,anggur putih sauvignon blanc,119,0,3,0,0.1,0,0,0,128.1,0,0,0,0,0,0,0,0,0,0,0,0,0,0,0,0,0,0,3.1
492,syrah red wine,anggur merah syrah,122,0,3.8,0,0.1,0,0,0,127.2,0,0,0,0,0,0,0,0,0,0,0,0,0,0,0,0,0,0,3.9
493,carignane red wine,anggur merah carignane,370,0,12,0,0.4,0,0,0,439.4,0,0,0,0,0,0,0,0,0,0,0,0,0,0,0,0,0,0,12.4
494,pinot blanc white wine,anggur putih pinot blanc,119,0,2.9,0,0.1,0,0,0,128.1,0,0,0,0,0,0,0,0,0,0,0,0,0,0,0,0,0,0,3
495,semillon white wine,anggur putih semillon,121,0,4.6,0,0.1,14.9,0,0,0,128.1,0,0,0,0,0,0,0,0,0,0,0,0,0,0,0,0,0,147.7
496,dessert wine dry,anggur pencuci mulut kering,760,0,58.4,5.5,1,76.5,0,0,62,362.7,0,33,0,0,96,1.1,0.2,0,0,0,0,0,0.2,1.2,0.6,45,66,498.8
497,red wine,anggur merah,125,0,3.8,0.9,0.1,0,0,27,127.1,0,0.01,18,0,73,0.3,49,44,0,0,0,66,11.8,0.7,17.6,33.8,186.7,0.2,16.4
498,cabernet sauvignon red wine,anggur merah cabernet sauvignon,166,0,5.2,0,0.1,0,0,0,173.1,0,0,0,0,0,0,0,0,0,0,0,0,0,0,0,0,0,0,5.3
499,muscat white wine,anggur putih muskat,123,0,7.8,0,0.1,0,0,0,128.5,0,0,0,0,0,0,0,0,0,0,0,0,0,0,0,0,0,0,7.9
500,cooking wine,memasak anggur,2,0,0.3,0.09,28,0,0,2,4.4,0,0,77,0,16,94,0,72,0,0,0,0,0.4,0.1,0.5,0.7,4.3,85,879
501,chardonnay white wine,anggur putih chardonnay,168,0,4.3,1.9,0.1,0,0,27,173.7,0,92,2,0,39,0.2,0.09,0.1,0,0,0,0,18,0.5,20,36,142,0.2,22.9
502,claret red wine,anggur merah claret,122,0,4.4,0,0.1,15,0,0,0,127,0,0,0,0,0,0,0,0,0,0,0,0,0,0,0,0,0,146.5
503,rice sake,sake beras,197,0,7.4,0,0.7,0,0,46,115.2,0,0,0,0,0,0,0,0,0,0,0,0,7.4,0.1,8.8,8.8,36.8,92,15.6
504,fume blanc white wine,anggur putih fume blanc,121,0,3.3,0,0.1,15.4,0,0,0,127.9,0,0,0,0,0,0,0,0,0,0,0,0,0,0,0,0,0,146.7
505,cabarnet franc red wine,kabaret franc anggur merah,122,0,3.6,0,0.1,0,0,0,127.3,0,0,0,0,0,0,0,0,0,0,0,0,0,0,0,0,0,0,3.7
506,chocolate frosting,lapisan coklat,81,3.6,13,11.8,0.2,0.2,0,25,3.5,0,26,69,0,97,24,5,85,0,0,0.3,0,1.6,0.3,4.3,16.2,40.2,62,18.9
507,white sugar,gula putih,19,0,5,4.9,0,0,0,12,21,0,0,0,0,99,0,0,0,0,0,0,0,46,78,0,0,0.1,0.05,5.037
508,egg substitute,pengganti telur,115,0,4.8,4.8,24,0,0,0.5,208.8,0,0.3,65,39,0.9,0.3,4,0.3,1.2,6,3.8,63,175.2,4.8,36,172.8,511.2,2.4,210
509,agave syrup,sirup agave,21,81,5.3,4.7,25,0.01,0,0.09,1.6,0,0,0,0,0,0,0,0,0,0,0,0,88,42,34,9,0.3,8,5.456
510,splenda sweetener,pemanis splenda,336,0,91.2,80.3,0,0,0,0,8.8,0,0,0,0,0,0,0,0,0,0,0,0,0,0,0,0,4,0,91.2
511,vanilla extract,ekstrak vanili,12,69,0.5,0.5,0,0,0,61,2.2,0,41,0,0,83,2,39,79,0,0,0,0,0.5,19,0.5,0.3,6.2,65,1.213
512,egg yolk dried,kuning telur kering,27,2.3,54,2,1.3,0,92.3,71,0.1,0.01,41,36,92,25,65,0.4,78,0,65,0.2,74,12.3,0.4,1,41.6,10.6,0.3,16.368
513,granulated sugar,gula pasir,16,0,4.2,4.2,0,0,0,19,55,0,0,0,0,0.06,0,0,0,0,0,0,0,27,0.01,0,0,33,0.05,4.253
514,baking chocolate,coklat panggang,145,15.2,8.7,0.3,3.7,4.8,0,49,0.4,0,23,98,0,2,0.4,88,15,0,0,0.1,97,29.3,5,94.8,116,240.7,2.8,66.7
515,bakers yeast,ragi pembuat roti,18,0.3,3.1,0,1.4,1.4,0,66,11.7,0,0.3,0.1,0,0.2,2.1,0.8,5,0.04,0,0,0,3.2,0.6,6.8,57.1,102.2,1.7,10.078
516,fondant,kue fondant,106,9,26.4,25.2,0,0,0,22,1.9,0,62,0,0,62,0,0,0,0,0,0,0,0.8,0.09,0,0,1.1,37,27.396
517,brown sugar,gula merah,16,0,4.1,4.1,24,0,0,94,87,0,0,23,0,0,0,37,8,0,0,0,0,3.5,71,0.4,0.2,5.6,0.08,7.622
518,white frosting dry,frosting putih kering,768,0,196.4,0,4.8,0,0,0.5,3.9,0,18,77,0,0.1,2.1,0.1,31,0,0,0,0,8.3,0.2,6.2,14.5,242.2,0.01,209.7
519,maple sugar,gula maple,42,61,10.9,10.2,36,0,0,31,1,0,16,0,0,21,15,32,0.04,0,0,0,0,10.8,0.2,2.3,0.4,32.9,0.7,21.961
520,fructose sweetener,pemanis fruktosa,15,0,4.2,3.9,0,0,0,13,0,0,0,0,0,0,0,0,0,0,0,0,0,0,67,0,0,0,0,4.274
521,saccharin sweetener,pemanis sakarin,360,0,89.1,85.2,0.9,0,0,0.4,8.8,0,0,0,0,0,0,0,0,0,0,0,0,0,58,0,0,4,79,90.082
522,egg white raw,putih telur mentah,17,63,0.2,0.2,3.6,0,0,38,28.9,0,99,24,41,0.1,89,55,43,0,0,0,0,2.3,45,3.6,5,53.8,1,6.196
523,turbinado sugar,gula turbinado,18,0,4.6,4.6,0,0,0,8,82,0,0,0,0,0,0,0,0,0,0,0,0,0.6,18,16,52,1.3,3,5.24
524,vanilla frosting,lapisan gula vanila,1931,75,313.7,291.5,0,0,0,0.9,69.6,0,46,26,0,1.4,1,0.3,0,0,0,7.1,32,13.9,0.7,4.6,83.2,157.1,0.3,403.3
525,aspartame sweetener,pemanis aspartam,365,0,89.1,80.7,2.2,0,0,0,8.8,0,0,0,0,0,0,0,0,0,0,0,0,0,22,0,0,4,68,91.381
526,egg raw,telur mentah,80,5.3,0.4,0.2,7,0,208.3,0.08,42.6,66,11,48,13,0.3,18,0.9,99,0,38,0.6,16,31.4,1,6.7,110.9,77.3,0.7,45.156
527,pineapple topping,topping nanas,860,0.3,225.8,71.4,0.3,1.4,0,0.1,112.2,0,0.1,26,0,8,0.3,59,12,10.5,0,54,32,20.4,0.4,20.4,10.2,146.2,0.2,259.1
528,egg white dried,putih telur kering,26,87,0.3,0,5.8,0,0,52,0.6,0,41,0.06,77,0.2,49,0.1,59,0,0,0,0,6.2,28,5,6.2,78.1,0,12.343
529,egg yolk raw,kuning telur mentah,55,4.5,0.6,0.08,2.7,0,184.5,6,8.9,9,14,0.04,98,64,42,0.5,61,0,78,0.4,34,21.9,0.5,0.9,66.3,18.5,0.4,30.27
530,baking soda,soda kue,0,0,0,0,0,0,0,1.3,18,0,0,0,0,0,0,0,0,0,0,0,0,0,0,0,0,0,0,0
531,egg dried,telur kering,30,2.2,47,0.05,2.4,0,81.5,0.06,0.2,44,26,16,0.09,0.02,79,0.3,75,0,27,0.1,75,11.8,0.2,1.7,31.5,27,0.2,16.62
532,strawberry topping,topping stroberi,53,96,13.9,5.7,14,0.1,0,99,6.9,0,77,0.03,0,51,49,63,24,2.9,0,79,29,1.3,14,0.8,1.1,10.7,79,18.34
533,bakers yeast dry,ragi roti kering,13,0.3,1.6,0,1.6,1.1,0,81,0.2,0,0.4,2,14,0.2,1.6,0.5,8,38,0,0,88,1.2,51,2.2,25.5,38.2,0.3,5.927
534,almond paste,pasta almond,1040,63,108.5,82.3,20.4,10.9,0,51,32,0,0.2,0.2,0,0.9,3.2,0.3,51,0.2,0,30.7,0,390.4,3.6,295.1,585.7,712.8,3.4,597
535,cream of tartar,krim tartar,8,0,1.8,0,0,0.01,0,9,32,0,0,0,0,0,0,0,0,0,0,0,0,0.2,0.1,73,0.2,495,54,2.138
536,popover dry mix,campuran kering popover,631,7.3,120.7,0,17.7,0,0,1.5,19.9,0,0.7,0.2,8,0.2,5.7,0.8,72,0.2,0,0,0,54.4,5,42.5,170,170,1.5,205.3
537,egg substitute powder,bubuk pengganti telur,126,3.7,6.2,6.2,15.7,0,161.9,0.2,1.1,0.1,6,17,49,0.5,0.2,1,74,0.2,0,0.4,25,92.3,0.9,18.4,135.3,210.6,0.5,119.1
538,gelatin powder,bubuk gelatin,17,86,0,0,4.3,0,0,29,0.7,0,33,15,0,28,63,39,14,0,0,0,0,2.8,99,1.1,2,0.8,4,7.255
539,tapioca pearls,mutiara tapioka,544,93,134.8,5.1,0.3,1.4,0,77,16.7,0,16,1,0,0,0,0.2,91,0,0,0,0,30.4,2.4,1.5,10.6,16.7,0.2,169.318
540,baking powder,bubuk pengembang,2,0,1.3,0,0,0.03,0,0.5,0.2,0,0,0,0,0,0,0,0,0,0,0,0,270.3,0.5,1.2,100.8,0.9,91,272.196
541,egg boiled,telur rebus,93,6.4,0.7,0.7,7.5,0,223.8,42,44.8,0.04,69,72,15,0.3,38,0.8,56,0,19,0.6,69,30,0.7,6,103.2,75.6,0.6,45.338
542,millet flour,tepung millet,444,5.1,86.9,2,12.8,4.2,0,56,12.8,0,0.5,32,0,0.01,7.2,1.5,0.4,0,0,0.1,37,16.7,4.7,141.6,339.2,266.6,3.1,130.4
543,triticale flour,tepung triticale,439,2.4,95.1,0,17.1,19,0,96,13,0,0.5,12,0,0.2,3.7,2.8,0.5,0,0,1.2,0,45.5,3.4,198.9,417.3,605.8,3.5,182.5
544,corn flour white,tepung jagung putih,414,4.2,87.3,1.8,9.6,7.3,0,36,11.2,0,0.3,78,0,0.1,1.9,0.2,0.5,0,0,0.1,0,157.3,1.7,106,263.3,298.7,2.1,267.4
545,rice flour brown,tepung beras coklat,574,4.4,120.8,1.3,11.4,7.3,0,39,18.9,0,0.7,56,0,0.1,10,2.5,1.2,0,0,1.9,0,17.4,3.1,177,532.5,456.6,3.9,164.4
546,sorghum flour,tepung sorgum,437,4,93.7,2.3,9.5,8,0,23,12.2,0,0.3,58,0,14,6.3,1.1,0.4,0,0,0.6,79,14.5,3.6,145.2,348.5,376.3,1.7,133.3
547,cornmeal whole grain,tepung jagung gandum utuh,442,4.4,93.8,0.8,9.9,8.9,0,22,12.5,0,0.5,34,0,0.2,4.4,0.5,0.4,0,0,0.5,59,7.3,4.2,154.9,294,350.1,2.2,128.5
548,cornmeal white,tepung jagung putih,581,2.7,124.7,2.5,11.2,6.1,0,94,17.6,0,0.2,89,0,16,1.6,0.4,0.3,0,0,0.2,0,4.7,1.7,50.2,155.4,222.9,1,151.1
549,barley flour,tepung jelai,511,2.4,110.3,1.2,15.5,14.9,0,62,17.9,0,0.5,21,0,0.2,9.3,0.2,0.6,0,0,0.8,69,47.4,4,142.1,438.1,457.3,3,194.5
550,safflower seed meal,tepung biji bunga matahari,97,0.7,13.8,0,10.1,0,0,6,1.8,0,0.3,22,0,0.1,0.6,1.1,0.3,0,0,0,0,21.8,1.4,99.1,180.6,19.2,1.4,47.8
551,sesame flour,tepung wijen,658,46.4,33.3,0,38.5,0,0,41,1.1,0,3.4,73,0,0.4,16.7,3.7,0.2,0,0,0,0,198.8,19,451.3,1008.8,528.8,13.3,336
552,whole grain wheat flour,tepung gandum utuh,408,3,86.4,0.5,15.9,12.8,0,27,12.9,0,0.6,66,0,0.2,5.9,0.7,0.5,0,0,0.9,25,40.8,4.3,164.4,428.4,435.6,3.1,163.2
553,corn flour yellow,tepung jagung kuning,422,4.5,89.9,0.7,8.1,8.5,0,0.04,12.8,0,0.3,0.04,0,36,2.2,0.8,0.4,0,0,0.5,6,8.2,2.8,108.8,318.2,368.6,2,122
554,corn flour whole grain,tepung jagung gandum utuh,422,4.5,89.9,0.7,8.1,8.5,0,33,12.8,0,0.3,21,0,35,2.2,0.8,0.4,0,0,0.5,71,8.2,2.8,108.8,318.2,368.6,2,122
555,cottonseed flour low fat,tepung biji kapas rendah lemak,94,0.4,10.2,0,14.1,0,0,22,2,0,0.6,16,0,0.1,1.1,0.1,0.2,0.7,0,0,0,134.1,3.6,202.6,449.1,498.4,3.3,163.1
556,sunflower seed flour,tepung biji bunga matahari,13,13,1.4,0,1.9,0.2,0,73,0.3,0,0.1,0.02,0,6,0.3,0.3,22,3,0,0,0,4.6,0.3,13.8,27.6,2.7,0.2,8.557
557,sesame meal,tepung wijen,160,13.6,7.4,0,4.8,0,0,73,1.4,0,0.7,0.01,0,94,3.6,0.8,81,0,0,0,0,43.3,4.1,97.9,219,114.9,2.9,73.2
558,acorn flour,tepung biji ek,626,37.7,68.3,0,9.4,0,0,0,7.5,0,0.2,0.1,0,0.2,3,1.2,0.9,0,0,0,0,53.8,1.5,137.5,128.8,890,0.8,170.7
559,rice flour white,tepung beras putih,578,2.2,126.6,0.2,9.4,3.8,0,0,18.8,0,0.2,58,0,14,4.1,1.3,0.7,0,0,0.2,0,15.8,0.6,55.3,154.8,120.1,1.3,158.4
560,sesame flour low fat,tepung wijen rendah lemak,94,0.5,10,0,14.2,0,0,72,2,0,0.7,73,0,92,3.5,0.8,0.02,0,0,0,0,42.2,4,95.7,214.2,112.4,2.8,70.9
561,potato flour,tepung kentang,571,0.5,133,5.6,11,9.4,0,42,10.4,0,0,0.4,43,0,0.06,5.6,0.8,1.2,6.1,0,0.4,0,0.3,2.2,0.5,268.8,31,155.4
562,cornmeal yellow,tepung jagung kuning,581,2.7,124.7,2.5,11.2,6.1,0,11,17.6,0,0.2,72,0,85,1.6,0.4,0.3,0,0,0.2,0,4.7,1.7,50.2,155.4,222.9,1,151.1
563,rye flour,tepung gandum hitam,364,1.4,78.2,0.9,10,8.2,0,61,11.6,0,0.3,47,0,68,0.8,0.7,0.2,0,0,0.8,79,13.3,0.9,32.6,132.6,228.5,1.4,112
564,arrowroot flour,tepung garut,457,0.1,112.8,0,0.4,4.4,0,2,14.6,0,13,43,0,0,0,0.2,32,0,0,0,0,51.2,0.4,3.8,6.4,14.1,67,169.3
565,chickpea flour,tepung kacang arab,356,6.2,53.2,10,20.6,9.9,0,0.05,9.5,0,0.4,0.4,0,37,1.6,0.6,0.5,0,0,0.8,3,41.4,4.5,152.7,292.6,778.3,2.6,135.8
566,wheat flour,tepung terigu,455,1.2,95.4,0.3,12.9,3.4,0,61,14.9,0,1,0.2,0,0.6,7.4,0.5,1,0,0,95,51,18.8,5.8,27.5,135,133.8,0.9,137.5
567,cornstarch,kanji dr tepung jagung,488,0.03,116.8,0,0.3,1.2,0,93,10.6,0,0,0,0,0,0,0,0,0,0,0,0,2.6,0.6,3.8,16.6,3.8,81,121.535
568,carob flour,tepung carob,13,61,5.3,2.9,0.3,2.4,0,33,0.2,0,0.09,7,0,79,0.1,38,29,88,0,46,0,20.9,0.2,3.2,4.7,49.6,87,29.18
569,buckwheat flour,tepung soba,402,3.7,84.7,3.1,15.1,12,0,33,13.4,0,0.5,35,0,0.2,7.4,0.5,0.7,0,0,0.4,44,49.2,4.9,301.2,404.4,692.4,3.7,169.6
570,pecan pie,Pai kemiri,503,27.1,63.7,0,6,0,106.1,0.3,23.8,46,0.2,83,61,0.2,1,0.6,34,0.2,0,0,0,39,1.8,31.7,114.7,162.3,1.2,137.891
571,apple pie,pai apel,331,15.6,46.4,0,3,0,0,0.3,59.1,78,0.2,0.02,0,0.1,1.5,0.1,9,2.1,0,0,0,8.8,1.4,8.8,35,98.8,0.2,77.358
572,vanilla wafer pie crust,kulit pai wafer vanila,935,63.7,88.4,12.9,6.5,0.2,68.6,0.9,15,0.4,0.3,71,81,0.4,3.7,0.5,82,0.2,59,5.4,28,73.9,2.9,17.6,137.3,139,0.4,236.2
573,chocolate pie crust,kulit pai coklat,881,40.8,117.4,47.9,11.1,4.9,0,0.9,9.1,0,0.6,0.1,0,0.5,5.6,0.3,49,0,0,3.3,78,58.2,7.8,72.8,218.4,340.3,3.8,240.2
574,apple strudel,strudel apel,195,8,29.2,18.3,2.3,1.6,4.3,0.02,30.9,11,87,82,9,16,0.2,0.2,31,1.2,0,1,2,10.7,0.3,6.4,23.4,105.8,0.1,53.359
575,chocolate snack cake,kue coklat camilan,200,8,30.2,18.9,1.8,1.6,0,0.2,9.3,1,51,79,11,13,0.5,67,68,1,0,0.5,0.08,58,1.8,18,43.5,88,0.5,102.459
576,fruit fried pie,Pai buah goreng,404,20.6,54.5,27.4,3.8,3.3,0,0.4,48.1,65,0.2,46,74,0.1,1.8,0.1,19,1.7,0,2.2,35,28.2,1.6,12.8,55,83.2,0.3,113.776
577,pumpkin pie,Pai labu,316,14.4,40.9,0,7,0,65.1,0.3,90.7,0.1,0.1,91,86,0.3,1.2,0.7,77,2.6,0,0,0,145.7,2,29.5,151.9,288.3,0.7,212.686
578,corn cake,kue jagung,35,0.2,7.5,2.1,0.7,0.2,0,0.01,0.4,13,57,84,0,84,0.5,23,74,0,0,0,0,1.7,0.1,10.3,14.1,14.1,0.2,10.437
579,sponge snack cake,kue bolu,157,4.8,26.9,15.7,1.5,0.4,17.2,0.2,8.2,95,91,96,34,22,0.7,0.06,0,89,98,0.3,11,10.1,0.6,3.4,77.7,29.8,0.3,44.404
580,danish pastry with nuts,kue kering Denmark dengan kacang,280,16.4,29.7,16.8,4.6,1.3,29.9,0.2,13.3,54,0.1,91,88,0.2,1.5,0.5,62,1.1,0,0.5,18,61.1,1.2,20.8,71.5,61.8,0.6,115.451
581,chocolate cream pie,pai krim coklat,301,19.2,33.3,0,2.6,2,5,0.1,43.1,0,2,93,0,0.1,0.7,0.4,23,0,0,0,0,35.6,1.1,20.8,67.3,125.7,0.2,93.8
582,angel food cake,kue bolu malaikat,72,0.2,16.2,0,1.7,0.4,0,0.2,9.3,0,95,39,35,0.1,0.2,46,58,0,0,0,0,39.2,0.1,3.4,90.7,26,55,57.8
583,lemon meringue pie,Pai lemon meringue,362,16.4,49.7,0,4.8,0,67.3,0.3,55,11,0.1,9,43,0.2,1.2,0.3,34,4.2,0,0,0,15.2,1.3,7.6,53.3,82.6,0.4,91.632
584,danish pastry with cinnamon,kue kering Denmark dengan kayu manis,349,16.7,46.9,0,4.8,0,27.3,0.3,18.4,58,0.3,72,41,0.2,2.2,0.6,49,2.6,0,0,0,37,1.8,14.1,73.9,95.9,0.5,109.897
585,cinnamon coffeecake,kue kopi kayu manis,238,13.3,26.6,0,3.9,1.1,18.2,0.2,12.5,49,0.1,0.02,85,0.1,1,0.4,46,0.2,0,0,0,30.8,1.1,12.5,61.6,70.1,0.5,77.089
586,cheesecake,kue keju,257,18,20.4,17.4,4.4,0.3,44,0.4,36.5,0.1,61,11,0.03,0.2,0.2,0.5,0.1,0.3,78,0.4,93,40.8,0.5,8.8,74.4,72,0.4,84.8
587,fruitcake,kue buah,139,3.9,26.5,11.8,1.2,1.6,2.2,13,10.9,0.06,4,63,0,63,0.3,15,8,0.2,0,0.4,32,14.2,0.9,6.9,22.4,65.8,0.1,48.507
588,egg custard,puding telur,293,12.9,31,31,14.2,0,236.9,0.2,222.4,0.1,0.1,25,81,0.7,0.3,1.6,0.1,0,0,0.6,97,301.7,1,31,318.7,417.4,1.5,360.9
589,mince pie,kue pastel berisi manisan,477,17.8,79.2,46.7,4.3,4.3,0,0.4,61.7,0,0.2,74,0,0.2,2,0.2,0.1,9.7,0,0.2,71,36.3,2.5,23.1,69.3,335,0.4,154.1
590,yellow cake with chocolate frosting,kue kuning dengan lapisan coklat,546,25.6,79.7,56.5,4.6,2.2,23,0.4,32.2,0,32,0,0,0.1,1.2,0.2,0,0,0,6.5,89,46.1,2.9,28.8,198.7,269.3,0.6,161.1
591,danish pastry with fruit,kue kering Denmark dengan buah,335,15.9,45.1,0,4.8,0,18.8,0.3,27.3,43,0.3,93,16,0.2,1.8,0.6,5,1.6,0,0,0,21.6,1.4,14.1,68.6,110,0.5,90.454
592,white cake with coconut frosting,kue putih dengan frosting kelapa,399,11.5,70.8,64.3,4.9,1.1,1.1,0.3,23.2,15,0.1,58,91,0.2,1.2,0.2,26,0.1,47,0.1,19,100.8,1.3,13.4,78.4,110.9,0.4,190.574
593,danish pastry with cheese,kue kering Denmark dengan keju,353,24.6,28.7,0,5.8,0,20,0.3,30.8,57,0.3,35,95,0.2,2.5,0.6,82,2.6,0,0,0,70.1,1.8,15.5,80.1,116.5,0.6,133.666
594,graham cracker pie crust,kulit pai biskuit graham,917,45.4,117.7,33.2,9.3,3.5,0,0.9,8,0,0.3,0.1,0,0.4,5.9,0.3,0.1,0,0,3.4,58,53.1,4.8,42.1,214.1,206.8,2.3,233.8
595,blueberry pie,Pai bluberi,360,17.5,49.2,0,4,0,0,0.3,75.3,0,0.2,73,0,0.2,1.8,0.2,15,1,0,0,0,10.3,1.8,11.8,44.1,73.5,0.3,83.8
596,yellow cake with vanilla frosting,kue kuning dengan frosting vanila,239,9.3,37.6,0,2.2,0.2,35.2,0.2,14.1,27,18,64,16,99,0.3,0.2,1,0,0,0,0,39.7,0.7,3.8,91.5,33.9,0.2,89.788
597,pie crust,kulit pai,121,8,10.9,45,1.5,0.4,0,0.1,2.3,0,4,4,0,88,0.8,48,75,0,0,33,38,2.3,0.7,3.2,15.4,15.4,0.1,23.8
598,chocolate cake with chocolate frosting,kue coklat dengan lapisan coklat,537,27.7,72.9,55.1,4.8,3,30.4,0.5,30.4,95,0,98,0,61,1.1,0.3,0,0.1,0,6,0.02,41.4,4.2,42.8,189.1,372.6,0.8,154.164
599,cheese coffeecake,kue kopi keju,258,11.6,33.7,0,5.3,0.8,64.6,0.3,24.5,82,98,1,49,0.07,0.5,0.3,86,41,0,0,0,44.8,0.5,11.4,76.8,219.6,0.4,96.831
600,vanilla cream pie,Pai krim vanila,350,18.1,41.1,16,6,0.8,78.1,0.3,59.2,0.1,0.2,64,86,0.3,1.2,0.5,6,0.6,76,0.6,0.01,113.4,1.3,16.4,131,158.8,0.7,181.4
601,pineapple cake,kue nanas,367,13.9,58.1,0,4,0.9,25.3,0.4,37.1,78,0.2,69,91,0.2,1.4,0.2,29,1.4,0,0,0,138,1.7,15,94.3,128.8,0.4,218.024
602,peach pie,Pai persik,262,11.7,38.5,19,2.2,0.9,0,0.3,63.6,0.06,25,89,0,82,0.2,0.1,47,1.1,0,1.1,23,9.4,0.6,7,25.7,146.3,0.1,64.447
603,fruit coffeecake,kue kopi buah,156,5.1,25.8,0,2.6,1.3,3.5,0.2,15.9,0,89,42,0,37,1.3,0.3,13,0.4,0,0,0,22.5,1.2,8.5,59,45,0.3,58.9
604,pound cake,kue bolu,116,6,14.6,0,1.7,0.2,66.3,0.1,7.4,0.09,59,55,88,48,0.4,0.1,87,0,0,0,0,10.5,0.4,3.3,41.1,35.7,0.1,33.47
605,pound cake bread,roti bolu,215,9.6,28.2,10,3.9,0.9,0,0.2,12.3,0,41,0,0,28,2.6,0.3,0.08,0,0,0.8,0,25.3,1.2,10.5,165,115.5,0.3,69.1
606,white cake,kue putih,264,9.2,42.3,26.3,4,0.6,1.5,0.2,17.2,43,0.1,37,0.07,0.2,1.1,0.1,0.02,0.1,0,73,0.04,96.2,1.1,8.9,68.8,70.3,0.2,153.59
607,coffeecake with chocolate frosting,kue kopi dengan lapisan coklat,298,9.7,48.4,0,4.5,1.8,62.1,0.3,26.2,41,6,36,0.01,24,0.8,0.4,51,15,0,0,0,34.2,0.5,13.5,67.5,70.2,0.4,99.233
608,popcorn cake,kue jagung,38,0.3,8,1,1,0.3,0,0.05,0.5,0,79,68,0,0.06,0.6,2,76,0,0,73,5,0.9,0.2,15.9,27.7,32.7,0.4,10.7
609,banana cream pie,pai krim pisang,3190,161.3,390.2,143,52.2,8.3,604.9,2.8,568.1,0.7,1.6,0.3,6,2.5,12.5,4.6,1.6,19,9,4.7,69,889.5,12.3,189.8,1091.1,1956.9,5.7,1533.5
610,baked apple pie mcdonalds,pai apel panggang mcdonalds,91,4.4,12.3,4.9,0.9,0.6,0,76,10.5,0,93,53,0,45,0.7,36,27,9.1,0,0.5,0,5.4,0.6,2,10.2,17.8,0,33.3
611,sponge cake,kue bolu,187,2.7,36.4,0,4.6,0,107.1,0.1,18.5,71,0.1,76,56,0.2,0.8,0.3,0.07,0,0,0,0,26.5,1,5.7,63,88.8,0.4,71.264
612,yellow cake,kue kuning,245,9.9,36,0,3.6,0.5,36.7,0.2,17.1,94,0.1,86,16,0.2,1,0.2,38,0.1,0,0,0,99.3,1.1,8.2,79.6,61.9,0.3,150.51
613,shortcake,kue kering,98,4,13.7,0,1.7,0,0.8,0.1,8,5,58,27,99,39,0.7,5,55,0.07,0,0,0,58,0.7,4.5,40.5,30,0.1,78.182
614,cherry pie,pai berisi buah ceri,486,22,69.3,0,5,0,0,0.3,82.4,27,0.3,81,0,0.2,2.3,0.2,16,1.8,0,0,0,18,3.3,16.2,54,138.6,0.4,119.444
615,dutch apple pie,pai apel belanda,397,15.8,61,30.2,3,2.2,0,0.3,56.3,8,0.3,33,0,0.07,1.5,0.1,0,7.8,0,1.3,71,19.2,1.2,11,39.7,104.1,0.3,110.281
616,chocolate cake,kue coklat,352,14.3,50.7,0,5,1.5,55.1,0.3,23.2,0,0.1,12,27,0.2,1.1,0.3,38,0.2,0,0,0,57,1.5,30.4,100.7,133,0.7,130.2
617,marshmallow,permen marzipan,64,33,16.3,11.5,0.4,13,0,39,3.3,0,15,11,0,28,38,14,62,0,0,0,0,0.6,38,0.4,1.6,1,0.06,17.445
618,sugar apple,srikaya,72,0.2,18.2,0,1.6,3.4,0,45,56.4,0,0,66,24,0,93,0.7,0.2,0.2,28,0,0,0,75,0.5,0,24.6,83,23.644
619,toffee,permen toffee,67,3.9,7.8,7.6,0.1,0,12.5,44,0.04,33,74,59,21,76,1,98,44,99,79,0,0.1,97,92,94,82,3.8,31,12.023
620,vanilla fudge with nuts,fudge vanila dengan kacang,123,3.9,21.1,20.1,0.8,0.3,3.7,75,2.3,64,79,12,18,77,42,46,41,74,0,87,56,13.3,0.1,6.8,20.7,29.1,0.2,39.577
621,peanuts chocolate coated,kacang dilapisi coklat,21,1.3,2,1.5,0.5,0.2,0.4,63,8,0.09,23,14,19,78,0.2,27,26,0,0,1,54,4.2,37,3.8,8.5,20.1,0.1,8.305
622,caramel with nuts chocolate coated,karamel dengan kacang dilapisi coklat,66,2.9,8.5,5.8,1.3,0.6,0,41,0.9,28,67,66,0,4,0.7,0,0.05,0.2,0,0.2,24,10.9,0.2,11.3,23.2,62.3,0.3,24.683
623,gingerbread,roti jahe,263,12.1,36.4,0,2.9,0,23.7,0.2,20.7,36,0.1,88,27,0.1,1.3,0.3,0.1,82,0,0,0,52.5,2.1,51.8,40,324.9,0.3,106.123
624,rolo nestle,rol sarang,24,1,0.2,78,9,0,0,0,0,0,0,0,0,0,0,0,0,0,0,0,0,0,0,0,0,0,0,1.234
625,vanilla fudge,permen rasa vanila,108,1.5,23.2,22.6,0.3,0,4.2,0.04,3.1,63,13,56,76,12,93,15,95,0,0,67,26,10.8,36,0.8,8.5,13.9,89,35.944
626,halavah,halavah,328,15.1,42.3,0,8.7,3.2,0,0.1,2.6,0,0.3,16,0,36,2,0.1,0.2,97,0,0,0,23.1,3.2,152.6,424.9,130.9,3,95.618
627,praline,coklat batangan,189,10.1,23.2,21.8,1.3,1.4,0,16,4,0,66,96,0,71,0.2,0.1,21,0.1,0,0.2,33,16.8,0.5,19.1,40.6,84.6,0.7,53.4
628,fruit juice bar,bar jus buah,67,89,15.6,13.5,0.9,0.8,0,11,60.3,0,22,32,0,55,0.1,99,94,7.3,0,0,92,3.9,0.1,3.1,4.6,40.8,68,28.671
629,peanut brittle,rempeyek,138,5.4,20.2,14.5,2.1,0.7,3.4,0.1,0.2,51,15,46,0,98,0.7,0.1,29,0,0,0.7,0.06,7.6,0.3,11.9,30,47.5,0.2,36.343
630,butterscotch,permen butterscotch,21,0.2,4.8,4.3,79,0,0.5,39,0.3,76,8,0,0,87,93,75,0,0,0,59,92,0.2,0.02,0,0.04,0.2,1,5.351
631,chocolate coffee beans,biji kopi coklat,155,9.4,15.6,14.4,2.1,1.6,5.7,6,0.7,49,7,16,63,11,52,0.1,2,0,0,0.1,0.04,47.8,0.6,18.1,53.2,116.9,0.6,77.127
632,nougat with almonds,nougat dengan almond,56,0.2,12.9,11.7,0.5,0.5,0,61,0.3,0,58,44,0,45,83,44,1,96,0,0.4,0,4.5,82,4.5,7.7,14.7,51,18.658
633,carob,buah carob,135,7.8,14.1,8.5,2,1,0.3,15,0.4,0,0,0.02,87,86,27,0.3,0.2,7,0.1,0,0.4,51,11,0.3,59,31.5,87,25.013
634,peanut butter fudge,selai kacang,62,1.1,12.4,11.7,0.6,0.1,0.5,85,1.7,81,64,0.09,95,0.07,0.2,28,52,0,0,0.2,68,6.7,72,3.2,10.9,19,21,21.055
635,sugar coated almonds,kacang almond berlapis gula,17,0.6,2.4,2.2,0.4,13,0,21,94,0,0.08,33,0,98,46,29,92,0,0,0.4,0,3.5,61,4.8,5.8,8.9,85,6.936
636,chocolate coated marshmallow,marshmallow berlapis coklat,118,4.7,19,12.5,1.1,0.6,0,2,2.8,43,0.07,2,98,27,0.2,0.1,87,93,0,22,0.03,12.9,0.7,10.1,27.2,51,0.2,39.096
637,raisins chocolate coated,kismis dilapisi coklat,390,14.8,68.4,62.2,4.1,3.1,3,21,11.2,59,18,16,66,0.2,0.4,0.3,0.08,0.2,0,0.3,54,86,1.7,45,143,514,1.3,178.329
638,chewing gum sugarless,permen karet tanpa gula,5,13,1.9,0,0,78,0,1,67,0,0,0,0,0,0,0,0,0,0,0,0,0.4,0,0,0,0,0,2.378
639,chewing gum,permen karet,11,32,2.9,2,0,12,0,83,67,0,0,0,0,0,0,0,0,0,0,0,0,0,0,0,0,0.05,0,2.973
640,chocolate syrup,sirup coklat,109,0.4,25.4,19.4,0.8,1,0,61,12.1,0,55,96,0,99,0.1,96,89,9,0,86,49,5.5,0.8,25.4,50.3,87.4,0.3,33.955
641,chocolate fudge syrup,sirup coklat fudge,67,1.7,12,6.6,0.9,0.5,0.2,84,4.1,0.07,15,79,29,77,0.02,73,46,23,0,0.5,35,9.3,0.2,9.1,18.4,54,0.2,24.726
642,m ms milk chocolate mars,m ms coklat susu mars,207,8.9,29.9,26.7,1.8,1.2,5.9,18,0.7,86,97,16,63,0.08,0.1,0.1,15,0.2,0,0.2,32,44.1,0.5,18.5,61.3,109.6,0.7,86.651
643,milk chocolate with almonds,coklat susu dengan almond,216,14.1,21.9,18,3.7,2.5,7.8,51,0.6,49,0.02,0.06,93,0.2,0.3,0.2,47,84,0,1.3,16,91.8,0.7,36.9,108.2,182,0.5,134.811
644,chocolate fudge,coklat fudge,70,1.8,13,12.4,0.4,0.3,2.4,32,1.7,67,28,62,61,29,54,11,44,0,0,75,68,8.3,0.3,6.1,12.1,22.8,0.2,24.119
645,milk chocolate with rice cereal,coklat susu dengan sereal beras,0,0,0,0,0,0,0,0,0,0,0,0,0,0,0,0,0,0,0,0,0,0,0,0,0,0,0,0
646,m ms peanut chocolate mars,m ms kacang coklat mars,93,4.7,10.9,9.1,1.7,0.7,1.4,17,0.4,35,64,97,51,62,0.6,0.1,61,0,0,0.5,86,18.4,0.2,12.4,34.2,62.5,0.3,36.623
647,dark chocolate,coklat hitam,165,9.7,18,13.8,1.5,2.2,2.1,13,0.3,74,0,52,0,77,4,0.2,84,64,0,0,0.2,87,0.3,2.4,0.4,64.2,33,31.848
648,chocolate semisweet,coklat semimanis,806,50.4,107.4,91.6,7.1,9.9,0,42,1.2,0,23,94,0,0.2,0.7,0.2,36,0,0,0.4,66,53.8,5.3,193.2,221.8,613.2,2.7,233.9
649,after eight mints nestle,setelah delapan permen nestle,36,1,6.7,5.6,0.1,0.2,0,25,0.5,0,0,0,0,0,0,0,0,0,0,0,0,1.1,62,0,0,0,0,9.163
650,milk chocolate,coklat susu,37,2.1,4.2,3.6,0.5,0.2,1.6,45,0.1,49,97,33,0.01,66,79,87,89,0,0,3,17,13.2,0.2,4.4,14.6,26,0.2,20.464
651,white chocolate,coklat putih,162,9.6,17.8,17.7,1.8,81,6.3,9,0.4,72,72,51,22,91,0.2,0.2,42,0.2,0,0.3,82,59.7,25,3.6,52.8,85.8,0.2,89.212
652,chocolate,cokelat,208,14,24.8,21.1,1.6,2.3,0,1,0.2,0,94,69,0,26,0.3,19,91,0,0,0.1,74,9.8,1.1,46.3,60.3,118.9,0.6,53.6
653,twix mars,dua kali lipat mars,146,7.2,18.8,14,1.4,0.3,2,64,1.2,81,62,48,7,36,73,0.3,0.03,99,0.2,0,0.2,85,42,0.2,71,30.5,65,27.86
654,kit kat nestle,kitkat nestle,62,3.3,7.6,6.5,0.7,0.2,1.1,22,0.1,0,0,94,47,0,71,35,65,0,0.2,0,0,0,59,0.1,0,13.4,0,11.843
655,snickers mars,snickers mars,280,13.6,35.1,28.8,4.3,1.3,7.4,0.1,3.2,0.2,9,15,89,78,92,2.1,0.3,77,0.3,0,0.9,15,0.2,0.4,0.2,108.3,0,54.826
656,milky way mars,Bima Sakti Mars,264,10,41.3,34.6,2.3,0.6,5.2,21,3.7,0.1,65,85,79,11,81,0,0.09,68,0.4,72,0.5,38,47,0.3,95,38.9,73,54.438
657,clif bar,tebing bar,235,4,44.5,21.5,10,5,0,0.1,7.5,0,0.4,76,55,0.3,3,1.5,0.4,60,0,0.2,89,250.2,4.5,100,199.9,280.2,3,378.2
658,gum drops,tetes permen karet,18,42,4.4,3.5,0,0,0,8,0.6,0,0,0,0,0,0,0,0,0,0,0,0,0,0,0,0,0,0,4.418
659,skittles wild berry mars,skittles mars buah beri liar,249,2.6,56.3,47.1,0.1,0,0,36,2.4,0,0,0,0,0,0,0,0,41.6,0,0,0,0,0,0,0,0,0,100.6
660,skittles original mars,skittles mars asli,251,2.7,56.3,47,0.1,0,0,25,2.4,0,0,0,0,33,37,16,97,41.4,0,0.1,36,0,0,0.6,0.6,7.4,0.03,100.5
661,skittles tropical mars,skittles mars tropis,251,2.7,56.3,47,0.1,0,0,95,2.4,0,0,0,0,0,0,0,0,41.6,0,0,0,0,0,0,0,0,0,100.7
662,fruit leather,kulit buah,52,0.4,12,6.9,29,0,0,0,1.4,0,51,81,0,0.05,0.03,78,16,16.8,0,0.02,3,4.5,0.1,2.8,4.3,41.2,14,33.811
663,taffy,permen gula-gula,60,0.5,13.7,10.3,87,0,1.4,28,0.7,96,26,11,0,0,46,18,13,0,0,0,62,34,0,16,0,0.2,54,14.358
664,eisbonbons mac iver,kue kering mac iver,23,0,0,0,0,0,0,0,0,0,0,0,0,0,0,0,0,0,0,0,0,0,0,0,0,0,0,0
665,caramels,karamel,39,0.8,7.8,6.6,0.5,0,0.7,15,0.9,21,5,61,0.03,0.04,94,92,88,24,0,2,14,13.9,49,1.7,11.5,21.6,57,23.208
666,hard candy,permen,24,67,5.9,3.8,0,0,0,21,0.05,0,21,0,0,84,39,0.09,35,0,0,0,0,0.2,38,0.2,0.2,0.3,59,6.182
667,jellybeans,kacang jeli,4,43,1,0.8,0,83,0,76,51,0,0.04,0,0,17,99,98,0.09,0,0,0,0,0.08,29,55,27,0.4,32,1.216
668,jellies,jeli,56,69,14.7,10.8,5,0.2,0,16,6.3,0,55,98,0,0.1,39,45,46,0.2,0,0,63,1.5,84,1.3,1.3,11.3,41,16.779
669,wheat germ toasted,bibit gandum panggang,115,3.2,14.9,2.3,8.7,4.5,0,0.06,1.7,0,0.5,0.1,0,0.2,1.7,0.4,0.3,1.8,0,4.8,98,13.5,2.7,96,343.8,284.1,5,49.3
670,crispy brown rice,nasi merah renyah,124,1.1,27.5,2.9,2.3,2.3,0,86,1,0,34,46,0,84,0.7,0,51,0,0,43,0,9,0.4,28.2,90.6,76.2,0.5,42.6
671,bran flakes asda,serpihan dedak asda,109,0.6,0.2,0,0,0,0,0,0,0,0,0,0,0,0,0,0,0,0,0,0,0,0,0,0,0,0,0.8
672,amaranth cooked,bayam masak,251,3.9,46,0,9.3,5.2,0,95,184.9,0,48,25,0,33,0.6,0,0.3,0,0,0.5,0,115.6,5.2,159.9,364.1,332.1,2.1,185.2
673,triticale,triticale,645,4,138.5,0,25.1,0,0,49,20.2,0,0.8,0.1,0,0.3,2.7,2.5,0.3,0,0,1.7,0,71,4.9,249.6,687.4,637.4,6.6,243.5
674,barley raw,jelai mentah,42,0.1,9.3,94,1.2,1.9,0,16,1.2,0,17,2,0,96,0.6,35,34,0,0,52,61,3.5,0.3,9.5,26.5,33.6,0.3,16.3
675,bulgur dry,bulgur kering,171,0.7,37.9,0.2,6.1,9.2,0,71,4.5,0,0.1,76,0,18,2.6,0.5,0.2,0,0,93,44,17.5,1.2,82,150,205,1,72.6
676,cottonseed kernels roasted,biji kapas panggang,754,54.1,32.6,0,48.6,8.2,0,73,6.9,0,1.1,0.3,0,0.4,4.5,0.7,1.2,13.4,0,0,0,149,8,655.6,1192,2011.5,8.9,313.9
677,rice bran,dedak padi,373,24.6,58.6,1.1,15.8,24.8,0,36,7.2,0,3.2,28,0,0.3,40.1,8.7,4.8,0,0,5.8,51,67.3,21.9,921.6,1978.9,1752.3,7.1,213
678,chaptti roti indian bread,chaptti roti roti india,491,2.5,89,68.4,7,0,0,0,0,0,0,0,0,0,0,0,0,0,0,0,0,0,0,0,0,0,0,9.551
679,quinoa cooked,quinoa dimasak,222,3.6,39.4,1.6,8.1,5.2,0,26,132.5,0,0.2,84,0,0.2,0.8,0,0.2,0,0,1.2,0,31.5,2.8,118.4,281.2,318.2,2,90.6
680,dar vida swiss original,dar vida swiss asli,116,3.1,0.5,0,0,0,0,0,0,0,0,0,0,0,0,0,0,0,0,0,0,0,0,0,0,0,0,3.6
681,teff cooked,teff dimasak,255,1.6,50,0,9.8,7.1,0,53,188.8,0,0.5,16,0,56,2.3,0,0.2,0,0,0,0,123.5,5.2,126,302.4,269.6,2.8,197.2
682,couscous dry,kuskus kering,650,1.1,134,0,22.1,8.7,0,31,14.8,0,0.3,59,0,0.1,6,2.2,0.2,0,0,0,0,41.5,1.9,76.1,294.1,287.2,1.4,209.3
683,weetabix weetabix,weetabix weetabix,2078,11.5,0,0,0,0,0,0,0,0,0,0,0,0,0,0,0,0,0,0,0,0,0,0,0,0,0,11.5
684,oat bran cooked,dedak gandum yang dimasak,88,1.9,25.1,0,7,5.7,0,82,184,0,0.4,22,0,17,0.3,0.5,73,0,0,0,0,21.9,1.9,87.6,260.6,201.5,1.2,63.5
685,buckwheat cooked,soba yang dimasak,155,1,33.5,1.5,5.7,4.5,0,53,127.1,0,79,66,0,87,1.6,0.6,0.1,0,0,0.2,31,11.8,1.3,85.7,117.6,147.8,1,57.8
686,millet puffed,millet kembung,74,0.7,16.8,0.1,2.7,0.6,0,76,0.5,0,72,44,0,99,0.9,0,0.08,0,0,0.1,29,1.7,0.6,22.3,55.9,8.4,0.3,23.1
687,oat bran raw,dedak gandum mentah,23,0.5,4.9,0.1,1.3,1.2,0,36,32.4,0,0.5,91,0,0.06,84,17,0,0,5.6,44,0.4,18,40,0.2,0,0,0,65.9
688,popcorn oil popped,minyak popcorn meletus,64,4.8,5,27,0.8,0.9,0,18,0.1,0,74,52,0,99,0.1,0.1,67,86,0,0.3,0.08,0.4,0.2,8.7,21.9,20,0.3,12.109
689,kamut cooked,kamut dimasak,251,1.6,52.4,0,11.1,6.7,0,38,105.6,0,0.2,17,0,0.06,4.7,0,0.1,0,0,0,0,17.2,3.5,96.3,304.4,347.4,3,92.5
690,wheat bran,dedak gandum,125,2.5,37.4,0.2,9,24.8,0,15,5.7,0,0.3,5,0,0.3,7.9,1.3,0.8,0,0,0.9,0.01,42.3,6.1,354.4,587.5,685.6,4.2,122.1
691,cheese popcorn,popcorn keju,58,3.7,5.7,0,1,1.1,1.2,2,0.3,0.09,9,0.06,76,17,0.2,89,15,74,0,0,0,12.4,0.2,10,39.7,28.7,0.2,24.284
692,raisin bran crunch kelloggs,kismis bran crunch kelloggs,90,0.5,21.2,9,1.9,0,0,0,0,0,0,0,0,0,0,0,0,0,0,0,0,0,0,0,0,0,0,23.6
693,couscous cooked,kuskus dimasak,176,0.3,36.5,0.2,6,2.2,0,54,113.9,0,26,87,0,92,1.5,0.6,58,0,0,0.2,46,12.6,0.6,12.6,34.5,91.1,0.4,58.2
694,multigrain cheerios general mills,serealia multigrain cheerios pabrik umum,4,5,1,0.2,38,0.1,72,0,0,0,0,0,0,0,0,0,0,0,0,0,0,0,0,0,0,0,0,1.248
695,bulgur cooked,bulgur dimasak,151,0.4,33.8,0.2,5.6,8.2,0,49,141.5,0,0.1,22,0,17,1.8,0.6,0.2,0,0,51,93,18.2,1.7,58.2,72.8,123.8,1,67.9
696,popcorn air popped,popcorn yang meletus,31,0.4,6.2,86,1,1.2,0,16,0.3,0,31,99,0,92,0.2,97,57,0,0,97,71,0.6,0.3,11.5,28.6,26.3,0.2,9.7
697,teff raw,teff mentah,708,4.6,141.1,3.6,25.7,15.4,0,53,17,0,0.8,0,0,0.5,6.5,1.8,0.9,0,0,0.2,0.03,347.4,14.7,355.1,828,824.1,7,548.9
698,spelt cooked,dieja matang,246,1.6,51.3,0,10.7,7.6,0,41,129.1,0,0.2,66,0,87,5,0,0.2,0,0,0.5,0,19.4,3.2,95.1,291,277.4,2.4,93.8
699,millet raw,millet mentah,756,8.4,145.7,0,22,17,0,13,17.3,0,0.8,0.2,0,0.6,9.4,1.7,0.8,0,0,0.1,27,16,6,228,570,390,3.4,215.1
700,popcorn unpopped,popcorn yang belum dibuka,106,1.2,20.9,0.3,3.1,3.6,0,1,3,0,87,1,0,51,0.5,0.1,54,0,0,26,0,1.4,0.9,34.8,84.6,77.5,0.8,31.1
701,whole wheat cooked,gandum utuh yang dimasak,150,1,33.2,0.2,4.8,3.9,0,0.6,202.3,0,0.2,85,0,0.1,2.2,0.4,0.2,0,0,0.6,56,16.9,1.5,53.2,167,171.8,1.2,61.3
702,wheat sprouted,gandum bertunas,214,1.4,45.9,0,8.1,1.2,0,26,51.6,0,0.2,23,0,0.2,3.3,1,0.3,2.8,0,0,0,30.2,2.3,88.6,216,182.5,1.8,91.9
703,whole wheat dry,gandum utuh kering,96,0.6,21.1,0.1,3.1,2.7,0,36,2.8,0,0.1,53,0,87,1.4,0.3,0.1,0,0,0.4,92,11.2,0.9,34.2,106.1,108.9,0.7,39.6
704,caramel popcorn,popcorn karamel,122,3.6,22.4,15.1,1.1,1.5,1.4,69,0.8,66,44,79,0,86,0.6,18,52,0,0,0.3,94,12.2,0.5,9.9,23.5,30.8,0.2,41.396
705,wheat puffed,gandum mengembang,44,0.1,9.6,0,1.8,0.5,0,0.03,0.4,0,0.3,92,0,0.2,4.2,92,41,0,0,0,0,3.4,3.8,17.4,42.6,41.8,0.3,19.2
706,roggenmischbrot sonnenblumenkerne aldi,roggenmischbrot sonnenblumenkerne aldi,82,3.1,0,0,0,0,0,0,0,0,0,0,0,0,0,0,0,0,0,0,0,0,0,0,0,0,0,3.1
707,wheat germ,bibit gandum,112,3,16.1,0,7.2,4.1,0,37,3.4,0,0.6,87,0,0.2,2.1,0.7,0.4,0,0,0,0,12.1,1.9,74.1,261,276.5,3.8,44.4
708,microwave popcorn,popcorn gelombang mikro,465,26.3,49.8,0.3,7.3,8.7,0,0.6,0.8,0.7,72,73,34,0,73,1.4,0.2,0.3,0,0,2.5,52,0.2,1.8,0.7,239.3,4,93.352
709,millet cooked,millet dimasak,207,1.7,41.2,0.2,6.1,2.3,0,46,124.3,0,0.2,88,0,0.1,2.3,0.3,0.2,0,0,19,21,5.2,1.1,76.6,174,107.9,1.6,57.6
710,kamut raw,kamut mentah,627,4.1,130.9,15.2,27.3,16.9,0,12,20.4,35,0,1.1,0,0,0.3,11.8,1.7,0.5,0,0,1.1,43,1,8.2,5.3,718,0.1,180.788
711,wheat durum,gandum durum,651,4.7,136.6,0,26.3,0,0,32,21,0,0.8,54,0,0.2,12.9,1.8,0.8,0,0,0,0,65.3,6.8,276.5,975.4,827.5,8,239.7
712,sorghum,sorgum,651,6.3,143.3,0,21.7,12.1,0,45,17.7,0,0.5,0,0,0.3,5.6,0,0,0,0,0,0,53.8,8.4,0,551,672,0,245.6
713,white wheat,gandum putih,657,3.3,145.7,0.8,21.7,23.4,0,94,18.4,0,0.7,58,0,0.2,8.4,1.8,0.7,0,0,1.9,89,61.4,8.8,178.6,681.6,829.4,6.4,264.3
714,rye,gandum hitam,571,2.8,128.2,1.7,17.5,25.5,0,78,17.9,0,0.5,36,0,0.4,7.2,2.5,0.5,0,0,1.4,92,40.6,4.4,185.9,561.1,861.9,4.5,219
715,spelt raw,dieja mentah,588,4.2,122.1,11.9,25.4,18.6,0,76,19.2,0,0.6,56,0,0.2,11.9,1.9,0.4,0,0,1.4,37,47,7.7,236.6,697.7,675.1,5.7,225
716,buckwheat raw,soba mentah,41,0.4,8.6,0,1.6,1.2,0,54,1.2,0,54,0.03,0,15,0.8,0.1,5,0,0,0,0,2.2,0.3,27.7,41.6,55.2,0.3,14.3
717,honey cereali general mills,sereal madu pabrik umum,104,2,3,0,0,0,0,0,0,0,0,0,0,0,0,0,0,0,0,0,0,0,0,0,0,0,0,5
718,barley cooked,jelai yang dimasak,193,0.7,44.3,0.4,3.5,6,0,64,108,0,0.1,8,0,37,3.2,0.2,0.2,0,0,98,57,17.3,2.1,34.5,84.8,146,1.3,73.9
719,oats,gandum,39,0.7,6.6,0,1.7,1.1,0,74,0.8,0,0.01,85,0,26,16,0.1,32,0,0,0,0,5.4,0.5,17.7,52.3,42.9,0.4,16
720,amaranth raw,bayam mentah,37,0.7,6.5,0.2,1.4,0.7,0,77,1.1,0,84,65,0,4,73,0.1,24,0.4,0,0.1,0,15.9,0.8,24.8,55.7,50.8,0.3,26.4
721,semolina,bubur semolina,601,1.8,121.6,0,21.2,6.5,0,97,21.2,0,1.4,0.3,0,1,10,1,0.2,0,0,0.4,0,28.4,7.3,78.5,227.1,310.6,1.8,186.8
722,quinoa dry,quinoa kering,221,3.6,38.5,0,8.5,4.2,0,26,8,0,0.2,0.1,0,0.2,0.9,0.5,0.3,0,0,1.5,0,28.2,2.7,118.2,274.2,337.8,1.9,85.7
723,wheat shredded,gandum diparut,155,1,36.2,0.4,5.2,5.5,0,86,2.8,0,0.1,2,0,0.01,2.4,0.1,0.5,4.6,0,0,41,23,1.4,61.2,170.2,173,1.4,76.9
724,cattail,buluh,5,0,1,74,0.2,0.9,0,31,17.6,0,75,5,0,54,82,89,12,0.1,0,0,21,10.3,0.2,12,8.6,58.7,64,12.7
725,peanut granola bar,batangan granola kacang,116,5.7,15,8.2,2.4,0.7,0,6,0.6,62,6,0.01,0,8,0.5,0.1,23,12,0,1.3,95,9.8,0.6,13.2,33.4,69.8,0.3,34.218
726,vanilla bluberry bar kind,jenis batangan blueberry vanila,49,1.4,0.9,96,0,0,0,0,0,0,0,0,0,0,0,0,0,0,0,0,0,0,0,0,0,0,0,2.3
727,coconut granola bar,batangan granola kelapa,150,9.1,15.6,9.7,1.5,1.8,0,6,1.7,0,41,8,53,64,0.1,0,56,0.1,0,19,72,11.9,0.5,15.8,43.6,71.9,0.3,40.5
728,almond granola bar,batangan granola almond,119,6.1,14.9,0,1.8,1.2,0,67,0.7,0,31,9,0,0,0.1,0.1,77,0,0,0,0,7.7,0.6,19.4,54.7,65.5,0.4,32.3
729,chocolate chip granola bar,batangan granola dengan keping coklat,105,3.9,17.3,0,1.8,1.1,0,62,0.6,0,76,14,0,71,0.1,0.1,57,0.1,0,0,0,18.5,0.7,17.3,49,60.2,0.5,43.38
730,fruit granola bar,batangan granola buah,82,0.2,18.6,13.3,1.4,1.8,0,28,3.3,0,6,7,2,9,34,0,0.4,0.4,0,71,99,0.7,1,12,29.3,52.8,0.3,24.1
731,granola bar,batangan granola,99,4.2,13.5,6,2.1,1.1,0,84,0.8,0,59,11,0,61,0.3,0.2,3,0.2,0,0.4,22,12.8,0.6,20.4,58.2,70.6,0.4,34.5
732,peanut bar,batangan kacang,209,13.5,19,16.9,6.2,1.6,0,59,0.6,0,51,42,0,93,3.2,0.3,89,0,0,1.6,0,31.2,0.4,44,123.2,162.8,1.6,71.9
733,milk cereal bar,sereal susu batangan,103,2.7,18,11.5,1.6,0.1,1.5,87,2.2,85,0.2,94,46,0.2,2,0.1,0.2,3.9,27,0.1,2,102.5,1.5,5.3,38.8,63.5,0.2,130.334
734,almond rice bar,batangan nasi almond,128,5.7,18.1,0,2,1,0,0,1.9,0,0.4,0,0,0.4,4.9,0.2,0.5,3.2,0,0,0,20.7,1.8,19.9,46.8,64.1,1.5,52.5
735,fruit nut squares,kotak buah kacang,55,1.3,10.3,6.4,0.3,0.3,0,86,1.9,0,33,21,0,14,8,99,49,65,0,4,68,2.4,0.1,3.5,7.6,11.5,34,14.762
736,rice wheat cereal bar,sereal gandum beras,90,2,16,7,2,0.4,0,0.1,1.7,0,0.2,13,0,0.2,2,18,0.2,0,0,0.6,58,6.8,0.6,10.1,29.9,31.5,0.4,27.8
737,crisped rice bar,batangan nasi renyah,113,3.8,20.4,0,1.4,0.6,0,0.01,2,0,0.1,19,0,0.2,2,0,0.2,0,0,0,0,5.9,1.8,13.4,37.5,47,0.2,33.9
738,brown rice raw,beras merah mentah,685,5.4,142.9,1.6,14.7,6.5,0,86,19.2,0,0.7,14,0,0.2,9.4,2.8,0.9,0,0,2.2,24,42.6,2.7,264.6,616.1,412.6,3.7,214.8
739,rice pilaf cooked,nasi pilaf dimasak,352,8.8,61.1,0.6,7,1.4,0,1,158.2,55,0.4,0,0,12,4.4,0.6,0.3,0,0,0.6,0,69,2,26.2,114.2,164.2,0.9,149.399
740,beef flavored rice raw,nasi rasa daging sapi mentah,657,2.3,139.1,0,19.8,2.9,0,2.4,15.1,0,1.3,0,0,0.2,9.7,1,0.3,0,0,0.3,0,58.6,5.2,62.2,228.8,309.3,2.5,227.9
741,wild rice cooked,nasi liar dimasak,166,0.6,35,1.2,6.5,3,0,8,121.2,0,44,51,0,0.1,2.1,0.3,0.2,0,0,0.4,47,4.9,1,52.5,134.5,165.6,2.2,51
742,wild rice raw,beras liar mentah,571,1.7,119.8,4,23.6,9.9,0,51,12.4,0,0.2,0.2,0,0.4,10.8,1.7,0.6,0,0,1.3,4,33.6,3.1,283.2,692.8,683.2,9.5,191.7
743,congee with pork shrimp and squid plus egg,"bubur dengan daging babi, udang, dan cumi-cumi ditambah telur",178,0.3,0,0,0,0,0,0,0,0,0,0,0,0,0,0,0,0,0,0,0,0,0,0,0,0,0,0.3
744,white rice pasta cooked,pasta nasi putih dimasak,246,5.7,43.3,0,5.1,5.1,2,1.1,144.9,0,0.2,74,0,0.2,3.6,0.6,0.2,0.4,0,0,0,16.2,1.9,24.2,74.7,84.8,0.6,77.7
745,chicken flavored rice raw,nasi rasa ayam mentah,601,2.2,127.3,4,17.9,2,0,2.1,13.8,0,1,0,0,0.2,8.6,0.9,0.3,0,0,0.3,0,30.2,4.7,52.1,211.7,257,2.3,184.3
746,instant white rice raw,nasi putih instan mentah,361,0.9,78.2,26,7.4,1.8,0,39,8,0,0.9,0.3,0,44,6.7,0.4,0.1,0,0,79,95,20.9,6,13.3,112.1,25.7,1.4,115.2
747,rice crisps,keripik beras,107,0.4,24.1,2.3,1.8,0.2,0,0.2,1.1,0.2,0.6,0,0,0.7,7.3,6,0.8,12.9,0,3,0,1.4,2.9,6.7,26.9,30.2,0.3,43.9
748,parboiled white rice raw,nasi putih rebus mentah,692,1.9,149.6,0.6,13.9,3.3,0,55,18.2,0,1.1,0.5,0,54,9.3,1.2,0.8,0,0,88,78,131.4,6.2,50,283.1,321.9,1.9,306.3
749,instant white rice cooked,nasi putih instan matang,193,0.8,41.4,0,3.6,1,0,1,118.8,0,0.1,0.1,0,59,2.9,75,59,0,0,8,0,13.2,2.9,8.3,61.1,14.9,0.8,62.9
750,rice pilaf raw,nasi pilaf mentah,732,2.8,155.7,3.1,21.3,2.4,0,2.7,16.4,88,1.2,0,0,0.2,12.5,1.5,0.8,0,0,66,0,169.3,5,65.3,314.2,383.5,2.1,356.56
751,rice cracker cake,kue kerupuk beras,111,1.2,23,0.2,2,1.2,0,97,1.6,0,11,92,0,49,2.2,0,57,0,0,0.4,63,3.1,0.4,37.1,101.9,121.1,0.8,30.9
752,parboiled white rice cooked,nasi putih rebus matang,194,0.6,41.2,0.2,4.6,1.4,0,88,111.2,0,0.3,0.1,0,98,3.6,0.5,0.2,0,0,74,0,30,2.9,14.2,86.9,88.5,0.6,80.7
753,white rice steamed,nasi putih kukus,199,0.4,44.7,0,4.2,1.2,0,9,82.5,0,31,0.01,0,12,0.7,0,6,0,0,0,0,6.6,0.5,6.6,43.6,26.4,0.9,57.6
754,brown rice cake,kue beras merah,35,0.3,7.3,47,0.7,0.4,0,24,0.5,0,13,25,0,79,0.7,12,71,0,0,0.1,96,1,0.1,11.8,32.4,26.1,0.3,9.8
755,glutinous white rice raw,beras ketan putih mentah,685,1,151.1,0,12.6,5.2,0,15,19.4,0,0.3,17,0,0.1,4,1.5,0.2,0,0,0,0,20.4,3,42.6,131.4,142.5,2.2,193.3
756,white rice pasta raw,pasta nasi putih mentah,600,4,122.8,0,15.3,0,3.3,3,11.6,0,1.2,0.3,7,0.4,11.4,1.1,0.2,1,0,0,0,75,6.5,65.2,257.5,340.7,2,224.6
757,glutinous white rice cooked,nasi putih ketan matang,169,0.3,36.7,78,3.5,1.7,0,27,133.3,0,0.01,12,0,25,0.5,0.4,33,0,0,31,0,3.5,0.2,8.7,13.9,17.4,0.7,45.9
758,brown rice cooked,nasi merah matang,218,1.6,45.8,0.7,4.5,3.5,0,86,142.3,0,0.2,7,0,16,2.6,0.6,0.3,0,0,74,71,19.5,1,85.8,150.2,154.1,1.2,75.9
759,beef flavored rice cooked,nasi rasa daging sapi yang dimasak,319,7.9,54.4,0,7,1.5,0,0.9,175.2,0,0.4,0,0,0.04,3.3,0.4,22,0,0,0.7,0,24.7,2.2,24.7,81.5,118.6,1,97.7
760,white rice cooked,nasi putih matang,205,0.4,44.5,15,4.3,0.6,0,77,108.1,0,0.3,73,0,9,2.3,0.6,0.1,0,0,31,0,15.8,1.9,19,67.9,55.3,0.8,67.5
761,chicken flavored rice cooked,nasi rasa ayam matang,317,8,54.8,1.5,6.2,1.6,0,0.9,161.5,68,0.3,0,0,18,3.3,0.4,0.1,0,0,0.6,0,16.3,2.2,23.3,83.9,135.1,1.1,89.138
762,white rice raw,nasi putih mentah,675,1.2,147.9,0.2,13.2,2.4,0,81,21.5,0,1.1,0.4,0,91,7.8,1.9,0.3,0,0,0.2,0.08,51.8,8,46.3,212.8,212.8,2,224.5
763,cheese imitation,tiruan keju,441,36.2,1.1,1.1,28.3,0,17,0.8,42.9,0.1,53,98,34,0.4,93,0,34,0,0,0.3,37,796.7,0.8,33.9,598.9,62.2,3.4,863.2
764,cheshire cheese,keju cheshire,110,8.7,1.4,0,6.6,0,29.1,0.2,10.7,4,82,74,71,99,71,0.1,75,0,0,0,0,182,5,5.9,131.3,26.9,0.8,198.767
765,monterey cheese,keju monterey,421,34.2,0.8,0.6,27.7,0,100.6,0.7,46.3,0.2,68,2,22,0.4,0.1,0.2,72,0,89,0.3,36,843,0.8,30.5,501.7,91.5,3.4,906.7
766,edam cheese,keju edam,107,8.3,0.4,0,7.5,0,26.7,0.3,12.5,0.03,0.08,48,86,0.1,4,29,14,0,55,0.03,84,219.3,0.1,9,160.8,56.4,1.1,235.628
767,fontina cheese,keju fontina,420,33.6,1.7,1.7,27.6,0,125.3,0.9,41,0.3,18,0.1,44,0.2,0.2,0.5,72,0,44,0.3,21,594,0.2,15.1,373.7,69.1,3.8,657.4
768,monterey cheese low fat,keju monterey rendah lemak,350,24.4,0.8,0.6,31.9,0,73.5,0.6,52,0.2,0.04,49,7,0.4,0.1,0,77,0,2,0.2,74,796.7,0.8,30.5,501.7,91.5,3.4,854.8
769,colby cheese,keju colby,445,36.3,2.9,0.6,26.8,0,107.4,0.7,43.2,0.3,29,71,89,0.4,0.1,0.2,84,0,53,0.3,73,774.1,0.9,29.4,516.4,143.5,3.5,841.3
770,american cheese,keju amerika,93,7.9,0.9,0.6,4.5,0,25,0.4,9.9,36,64,69,12,68,23,0.1,0.06,0,7,0.2,93,261.3,0.2,6.5,160.3,33,0.6,274.886
771,blue cheese,keju biru,106,8.6,0.7,0.2,6.4,0,22.5,0.3,12.7,18,8,0.03,11,0.1,0.3,0.5,15,0,87,0.09,47,158.4,63,6.9,116.1,76.8,0.8,174.154
772,nectarine,buah nektarin,66,0.5,15.8,11.8,1.6,2.6,0,0,131.4,0,0,26,37,0,32,1.7,0.3,7,8.1,0,1.2,81,0.1,0.4,2,39,0,20.735
773,kiwifruit gold,kiwi emas,51,0.2,12.8,10,0.8,1.1,0,46,66.8,91,0,51,58,0.07,0.2,0.4,67,130.7,0,1.1,74,13.8,0.2,9.7,20.3,255.2,77,159.686
774,prickly pear raw,buah pir berduri mentah,8,72,1.9,0.2,1,1,0,65,17,0,58,0,0,38,0.04,0,78,2.1,0,0,18,34.2,21,13.1,2.1,24.7,73,39.263
775,pineapple,nanas,45,0.1,11.8,8.9,0.5,1.3,0,99,77.4,0,0,85,33,0,14,0.5,0.2,0.1,43,0,78,61,91,0.3,0.8,7.2,61,13.97
776,rowan,pohon rowan,253,4.6,54.5,32.1,5.2,14.1,0,83,162.8,0,0,0,0,0,0,0,0,58.8,0,0,0,34.2,5,73,118.6,298.7,1,176.4
777,muscadine grapes,anggur muscadine,3,56,0.8,0,14,0.2,0,24,5.1,0,0,46,0,0,0,0,0,0,0,0,0,2.2,14,0.8,1.4,12.2,27,3.38
778,heidelbeeren jutro,bir heidelbeer jutro,17,0.2,0.4,0,0,0,0,0,0,0,0,0,0,0,0,0,0,0,0,0,0,0,0,0,0,0,0,0.6
779,prunes stewed,prem rebus,316,0.7,83.2,0,3.4,0,0,39,190.4,0,0.1,0,0,11,2.8,0.3,0.5,0,0,0,0,67.2,3.3,58.8,103.6,988.4,0.7,157.8
780,tangerine,jeruk keprok,40,0.2,10.1,8,0.6,1.4,0,56,64.7,0,68,0.05,0,24,0.3,0.2,96,20.3,0,0.2,0,28.1,0.1,9.1,15.2,126.2,78,60.8
781,prunes,buah prem,237,0.5,62.3,0,2.6,0,0,76,2.8,0,93,42,0,0.1,2.1,0.3,0.5,0,0,0,0,50.4,2.5,44.8,78.4,740.6,0.5,118.3
782,lemon peel,kulit lemon,1,2,0.3,54,32,0.2,0,28,1.6,0,7,25,0,18,46,55,11,2.6,0,61,0,2.7,32,0.3,0.2,3.2,36,5.934
783,banana,pisang,134,0.5,34.3,18.3,1.6,3.9,0,55,112.4,0,0,85,45,0,0.1,1,0.5,0.6,13.1,0,0.2,35,0.1,0.4,0.4,33,49,41.084
784,raspberries,buah raspberi,5,34,1.2,0.4,0.1,0.7,0,54,8.6,0,0,67,64,0,74,97,87,68,2.6,0,25,31,34,15,17,2.9,28,2.207
785,apricot,aprikot,17,0.1,3.9,3.2,0.5,0.7,0,0.02,30.2,0,0,17,38,0,12,0.2,0.09,26,3.5,0,0.3,39,12,0.1,56,8.1,31,5.334
786,strawberry guava,stroberi jambu biji,4,8,1,0,0.01,0.3,0,59,4.8,0,0,0,0,62,64,0,0,2.2,0,0,0,1.3,71,1,1.6,17.5,0,4.931
787,kiwifruit green,kiwi hijau,42,0.4,10.1,6.2,0.8,2.1,0,96,57.3,0,0,67,89,0,66,0.2,0.1,86,64,0,1,91,2,0.2,64,23.5,34,13.588
788,figs,buah ara,37,0.2,9.6,8.1,0.4,1.5,0,49,39.6,0,43,46,0,0.03,0.2,0.2,83,1,0,1,27,17.5,0.2,8.5,7,116,0.06,30.4
789,clementine,jeruk keprok,35,0.1,8.9,6.8,0.6,1.3,0,44,64.1,0,0,52,63,0,0.06,0.5,0.1,18,36.1,0,0.1,0,93,0.1,35,15.5,0,10.954
790,orange,oranye,86,0.2,21.6,17.2,1.7,4.4,0,0,159.6,0,0,0.2,0.08,0,89,0.5,0.5,0.1,97.9,0,0.3,0,94,0.2,57,25.8,35,28.073
791,bartlett pear,buah pir bartlett,112,0.3,26.6,17.2,0.7,5.5,0,47,148.9,0,51,23,0,18,0.3,0.04,0.01,7.8,0,0.2,28,15.9,0.3,10.6,19.5,178.8,0.1,57.1
792,red white currants,kismis merah putih,63,0.2,15.5,8.3,1.6,4.8,0,56,94,0,0.03,16,0,59,0.1,0.06,62,45.9,0,0.1,93,37,1.1,14.6,49.3,308,0.3,106.1
793,blueberries,buah blueberry,84,0.5,21.4,14.7,1.1,3.6,0,15,124.6,0,0,86,74,0,16,0.6,0.2,58,14.4,0,0.8,41,63,0.4,0.5,17.8,27,26.767
794,mulberries,buah mulberi,6,49,1.5,1.2,0.2,0.3,0,21,13.2,0,0,5,92,0,75,13,0,25,5.5,0,0.1,74,41,0.3,0,5.7,83,2.163
795,java plum,buah plum jawa,2,29,0.5,0,34,0,0,63,2.5,0,51,0,0,58,42,0,75,0.4,0,0,0,0.6,54,0.5,0.5,2.4,0,1.624
796,prune puree,bubur buah prem,46,0.02,11.7,7,0.4,0.6,0,36,5.4,0,0,53,0,0,0,0.5,57,0,0.8,0,0,0,0,0.5,0,13,0,12.709
797,applesauce,saus apel,102,0.2,27.5,22.9,0.4,2.7,0,31,215.3,0,0,0.07,29,0,85,0.2,0.1,0.08,2.4,0,0.4,43,14,0.6,74,12.2,7,30.923
798,blackberries raw,blackberry mentah,62,0.7,13.8,7,2,7.6,0,0.05,126.9,0,0.03,45,0,54,0.9,0.4,37,30.2,0,1.7,82,41.8,0.9,28.8,31.7,233.3,0.8,97
799,plum,prem,30,0.2,7.5,6.5,0.5,0.9,0,0,57.6,0,0,77,36,0,21,0.3,33,38,6.3,0,0.2,47,56,0.1,16,10.6,0,9.21
800,american grapes,anggur amerika,2,87,0.4,0.4,35,0.09,0,56,2,0,0.06,49,0,25,45,0.05,61,32,0,27,52,0.3,99,0.1,0.2,4.6,91,0.93
801,peach,persik,59,0.4,14.3,12.6,1.4,2.3,0,0,133.3,0,0,35,4,0,0.06,1.2,0.2,75,9.9,0,1.1,42,0.1,0.4,0.03,30,69,18.643
802,honeydew melon,melon madu,64,0.2,16.1,14.4,1,1.4,0,62,159,0,92,52,0,66,0.7,0.3,0.2,31.9,0,43,83,10.6,0.3,17.7,19.5,403.6,0.2,61.5
803,yellow plantain fried,pisang kuning goreng,399,12.7,68.9,36.8,2.4,5.4,0,79,82.9,0,0.1,0,0,61,1.4,1,0.5,0,0,1.9,0.05,10.1,1,76.1,72.7,856.8,0.4,100.5
804,rose hips,buah mawar,206,0.4,48.5,3.3,2,30.6,0,35,74.5,0,48,85,0,0.2,1.7,1,78,541,0,7.4,0.05,214.6,1.3,87.6,77.5,544.8,0.3,838.4
805,lemons,jeruk lemon,17,0.2,5.4,1.5,0.6,1.6,0,45,51.6,0,85,23,0,66,56,0.1,85,30.7,0,75,0,15.1,0.3,4.6,9.3,80,65,53.9
806,lime,kapur,20,0.1,7.1,1.1,0.5,1.9,0,82,59.1,0,67,0.07,0,34,0.1,0.1,55,19.5,0,0.1,85,22.1,0.4,4,12.1,68.3,11,51.6
807,pomegranate,delima,117,1.6,26.4,19.3,2.4,5.6,0,42,109.9,0,0,8,59,0,4,0.4,0.5,0.1,14.4,0,0.8,66,0.2,0.4,0.2,50.8,0.09,36.33
808,gooseberries,buah gooseberry,66,0.9,15.3,0,1.3,6.5,0,74,131.8,0,0,68,84,0,7,0.5,0.4,0.1,41.6,0,0.6,0,0.1,0.5,0.2,40.5,97,24.2
809,asian pear,buah pir asia,51,0.3,13,8.6,0.6,4.4,0,0,107.7,0,0.1,71,0,73,0.3,0.05,79,4.6,0,0.1,59,4.9,0,9.8,13.4,147.6,41,27.8
810,abiyuch,abiyuch,157,0.2,40.1,19.5,3.4,12.1,0,93,182.2,0,0,0,0,0,0,0,0,123.3,0,0,0,18.2,3.7,54.7,107.2,693.1,0.7,201
811,horned melon kiwano,melon bertanduk kiwano,92,2.6,15.8,0,3.7,0,0,95,185.9,0,42,0.04,0,16,1.2,0.4,0.1,11.1,0,0,0,27.2,2.4,83.6,77.3,257.1,1,62.8
812,fruit walnut salad mcdonalds,salad buah kenari mcdonalds,312,13.3,43.8,32.9,4.8,0,5.3,17,200.5,0,0.1,61,41,0.1,0.3,0.4,0.3,383.6,0,0,0,171.6,0.9,34.3,129.4,0,0.7,618
813,grapefruit,jeruk bali,53,0.2,13.3,8.6,1,2,0,0,110.1,0,0,51,0.01,0,32,0.3,0.3,27,39,0,0.2,0,87,0.1,67,22.5,32,16.592
814,japanese persimmon,kesemek jepang,118,0.3,31.2,21.1,1,6,0,67,134.9,0,0,63,18,0,27,0.2,0,0.2,12.6,0,1.2,66,0.2,0.3,0.6,28.6,24,38.927
815,wild raspberries,buah rasberi liar,81,0.4,18,7.2,1.5,9.8,0,0.09,109.8,0,91,23,0,0.1,1.3,0.4,0.1,34.3,0,0.7,71,46.8,0.8,33.8,53.3,227.5,0.6,111.6
816,pink lady apple,apel wanita merah muda,18,0.1,3.9,0,0.1,0,0,0,0,0,0,0,0,0,0,0,0,0,0,0,0,0,0,0,0,0,0,4.1
817,maraschino cherries,buah ceri maraschino,8,83,2.1,1.9,0.06,0.2,0,72,2.9,0,0,0,0,0,0.06,88,17,0,0,69,68,2.7,91,0.2,0.2,1.1,31,5.19
818,black currants,kismis hitam,71,0.5,17.2,0,1.6,0,0,75,91.8,0,0.01,0,0,96,0.3,0.4,16,202.7,0,1.1,0,61.6,1.7,26.9,66.1,360.6,0.3,285.3
819,plantain cooked,pisang raja yang dimasak,179,0.3,48,21.6,1.2,3.5,0,79,103.6,0,64,5,0,36,1.2,0.4,0.4,16.8,0,0.2,24,3.1,0.9,49.3,43.1,716.1,0.2,73.8
820,crab apple,pohon apel liar,84,0.3,21.9,0,0.4,0,0,0.03,86.8,0,55,0,0,77,0.1,0,0,8.8,0,0,0,19.8,0.4,7.7,16.5,213.4,0,51.6
821,pom potes materne,pompom potes maternitas,19,0.2,0.2,68,0,0,0,0,0,0,0,0,0,0,0,0,0,0,0,0,0,0,0,0,0,0,0,0.4
822,apple,apel,95,0.3,25.1,18.9,0.5,4.4,0,62,155.7,0,0,94,0.03,0,84,0.2,0.1,0.03,8.4,0,0.3,44,86,0.2,0.01,20,0,30.438
823,cantaloupe melon,melon,60,0.3,14.4,13.9,1.5,1.6,0,87,159.6,0,0,51,13,0,98,1.3,0.2,0.1,65,0,15,28,18,0.4,64,26.6,82,17.939
824,prickly pear cooked,pir berduri dimasak,7,43,1.6,0,91,0,0,0,5.7,0,35,0,0,27,95,0,93,0.5,0,0,0,0,0,0,0,0,0,2.226
825,guava,jambu biji,37,0.5,7.9,4.9,1.4,3,0,56,44.4,0,0,52,7,0,49,0.6,0.2,69,125.6,0,0.4,19,0.1,0.1,0.02,22,78,12.956
826,strawberries,stroberi,4,69,0.9,0.6,0.01,0.2,0,68,10.9,0,63,12,0,26,52,97,92,7.1,0,79,62,1.9,0.04,1.6,2.9,18.4,91,10.261
827,watermelon,semangka,86,0.4,21.6,17.7,1.7,1.1,0,43,261.5,0,0,89,0.07,0,37,0.5,0.6,0.1,23.2,0,0.1,16,0.1,0.7,0.1,31.5,89,25.025
828,elderberries,buah elderberry,106,0.7,26.7,0,1,10.2,0,42,115.7,0,0.1,41,0,61,0.7,0.2,0.3,52.2,0,0,0,55.1,2.3,7.3,56.6,406,0.2,148.2
829,kumquat,buah jeruk nipis,13,0.2,3,1.8,0.4,1.2,0,18,15.4,0,0,42,87,0,78,46,77,13,8.3,0,0.02,0,92,0.2,52,3.6,0,4.882
830,orange peel,kulit jeruk,6,17,1.5,0,93,0.6,0,23,4.4,0,63,3,0,19,18,0.03,75,8.2,0,39,0,9.7,97,1.3,1.3,12.7,12,20.111
831,breadfruit,buah sukun,227,0.5,59.7,24.2,2.4,10.8,0,57,155.4,0,0,0.2,0.07,0,31,2,1,0.2,63.8,0,0.2,45,0.2,1.2,0.1,66,8,73.872
832,pear,pir,101,0.2,27.1,17.4,0.6,5.5,0,0.07,149.4,0,63,5,0,72,0.3,35,79,7.7,0,0.2,22,16,0.3,12.5,21.4,206.5,0.2,57.4
833,sour cherries,ceri asam,52,0.3,12.5,8.7,1,1.6,0,71,88.7,0,0,25,26,0,79,0.4,0.1,53,10.3,0,12,0.02,0.1,0.3,0.1,15.5,0,15.607
834,plantain raw,pisang raja mentah,218,0.6,57.1,31.3,2.3,3,0,82,116.7,0.1,0.1,2,0,0.1,1.2,0.5,0.4,32.9,0,0.3,0.01,5.4,1,64.4,57.3,871.7,0.3,102.4
835,blackberries frozen,blackberry beku,97,0.6,23.7,16.1,1.8,7.6,0,7,124.1,0,0.07,1,0,68,1.8,0.2,0,4.7,0,1.8,0.1,43.8,1.2,33.2,45.3,211.4,0.4,83.4
836,cherries,buah ceri,5,56,1.3,1,68,0.2,0,0,6.6,0,0,71,63,0,11,52,83,79,0.6,0,5,53,26,15,4,1.7,0,1.715
837,plantain fried,pisang goreng,16,0.6,2.6,0.2,23,0.2,0,65,1.9,0,84,59,0,99,25,81,23,0.2,0,0,0,0.2,39,3.1,2.3,25.5,44,3.85
838,carambola starfruit,belimbing belimbing,26,0.3,5.7,3.4,0.9,2.4,0,47,77.7,0,0,44,21,0,49,0.3,0.3,39,29.2,0,0.1,0,0.1,56,34,10.2,45,9.403
839,chayote cooked,labu siam yang sudah dimasak,35,0.8,7.2,0,1,4.5,0,0.4,149.5,0,0.04,26,0,0.03,0.7,0.7,0.2,12.8,0,0,0,20.8,0.4,19.2,46.4,276.8,0.5,47.5
840,apple dippers mcdonalds,sendok apel mcdonalds,33,0,8.2,6.3,0,0,0,0,59.5,88,0,0,0,0,0,0,0,188.4,0,1,0,42.2,21,0,0,0,0,238.864
841,white grapefruit,jeruk bali putih,78,0.2,19.8,17.3,1.6,2.6,0,0,213.5,0,31,98,0,45,0.6,0.7,0.1,78.6,0,0.3,0,28.3,0.1,21.2,18.9,349.3,0.2,131.2
842,cherimoya,buah cherimoya,176,1.6,41.6,30.2,3.7,7.1,0,61,186.6,0,0,0.2,34,0,0.3,1.5,0.8,0.6,29.6,0,0.6,0,0.2,0.6,0.2,61.1,0,54.8
843,melon balls,Bola melon,57,0.4,13.7,0,1.5,1.2,0,22,156.1,0,0.3,81,0,84,1.1,0.3,0.2,10.7,0,0,0,17.3,0.5,24.2,20.8,484.4,0.3,45.3
844,golden delicious apple,apel emas yang lezat,62,0.2,14.8,10.9,0.3,2.6,0,34,93.5,0,0,94,61,0,17,0.1,63,38,0,0,0.2,43,35,0.1,0.05,10.9,0,18.014
845,pokeberry shoots raw,tunas pokeberry mentah,37,0.6,5.9,0,4.2,2.7,0,0.05,146.6,0,0,0.1,1,0,0.5,1.9,0.04,0.2,217.6,0,0,0,0.3,2.7,0.7,70.4,6,13.9
846,cranberries,buah cranberi,21,14,5.4,1.9,0.2,1.6,0,0.03,39.2,0,0,81,35,0,23,93,0.1,98,6.3,0,0.5,63,33,0.1,0.2,5,49,7.473
847,quince,buah quince,52,12,14.1,0,0.4,1.7,0,81,77.1,0,0,47,0.07,0,2,0.2,37,0.08,13.8,0,0,0,0.1,0.6,0,15.6,72,16.436
848,chayote raw,labu siam mentah,25,0.2,6,2.2,1.1,2.2,0,94,124.4,0,0,65,0.1,0,41,0.6,0.3,0.1,10.2,0,0.2,46,0.2,0.4,0.2,23.8,47,9.855
849,chokecherries,buah ceri chokeberry,249,2.6,51.8,14.4,4.7,30.8,0,78,93.5,0,5,27,0,0.3,1,0.6,0.3,8.5,0,0.5,89,92.4,1.1,41.6,103.2,583.7,0.5,191.9
850,mango,buah mangga,202,1.3,50.3,45.9,2.8,5.4,0,27,280.4,0,0,34,0.1,0,0.1,2.2,0.7,0.4,122.3,0,3,19,0.4,0.5,0.2,47,0.08,60.641
851,wild plum,plum liar,147,0.3,35.3,17.1,0.7,9.7,0,47,123.5,0,47,98,0,14,0.6,0.5,0.1,16.6,0,0.9,77,17.7,0.3,12.9,48.3,586,0.1,80.6
852,jeijoa,jeijoa,148,1,37,19.9,1.7,15.6,0,41,202.4,0,1,71,0,15,0.7,0.6,0.2,79.9,0,0.4,41,41.3,0.3,21.9,46.2,418,0.1,176.8
853,groundcherries,buah ceri tanah,74,1,15.7,0,2.7,0,0,0,119.6,0,0.2,0,0,43,3.9,0,0,15.4,0,0,0,12.6,1.4,0,56,0,0,48.8
854,pesca,memancing,30,0.1,0,0,0,0,0,0,0,0,0,0,0,0,0,0,0,0,0,0,0,0,0,0,0,0,0,0.1
855,persimmon,kesemak,32,0.1,8.4,0,0.2,0,0,24,16.1,0,0,0,0,0,0,0,0,16.5,0,0,0,6.8,0.6,0,6.5,77.5,0,32.6
856,grapes,anggur,3,44,0.9,0.8,45,87,0,9,3.9,0,71,91,0,9,45,6,33,0.2,0,89,42,0.5,12,0.3,1,9.4,11,1.83
857,golden raisins,kismis emas,498,0.8,131.2,97.7,5.6,6.6,0,1,24.7,0,31,67,0,0.3,1.9,0.2,0.5,5.3,0,0.2,66,87.5,3,57.8,189.8,1230.9,0.5,240
858,raisins seeded,kismis yang dibuang bijinya,488,0.9,129.5,0,4.2,11.2,0,98,27.3,0,0.2,92,0,0.3,1.8,92,0.3,8.9,0,0,0,46.2,4.3,49.5,123.8,1361.3,0.3,205.2
859,raisins,kismis,90,56,23.8,19.6,1,1.4,0,25,4.6,49,0,15,6,0,0.02,0.2,6,81,0.7,0,3,68,18,0.5,18,29.4,42,26.474
860,longan,lengkeng,2,76,0.5,0,9,71,0,0,2.6,0,0.01,0,0,52,14,0,0,2.7,0,0,0,39,66,0.3,0.7,8.5,0.01,3.493
861,mamey sapote,buah sapote mamey,217,0.8,56.2,35.2,2.5,9.5,0,8,113.5,0,18,94,0,0.2,2.5,0.7,1.3,40.3,0,3.7,0,31.5,1.4,19.3,45.5,794.5,0.3,142.2
862,waxgourd cooked,labu lilin dimasak,19,0.4,4.3,2.1,0.7,1.8,0,0.6,168.1,0,59,87,0,52,0.7,0.2,96,18.4,0,0.1,28,31.5,0.7,17.5,29.8,8.8,1,57.8
863,jackfruit,nangka,33,0.2,8.1,6.7,0.6,0.5,0,94,25.7,0,0,0.09,19,0,31,0.3,73,0.1,4.8,0,0.1,0,71,5,81,7.4,0,9.574
864,loquats,buah kesemek,9,71,2.4,0,0.09,0.3,0,53,17.3,0,97,15,0,48,12,0,42,0.2,0,0,0,3.2,7,2.6,5.4,53.2,14,6.236
865,mammy apple mamey,apel mama mamey,431,4.2,105.8,0,4.2,25.4,0,0.1,729.3,0,0.2,0.1,0,0.3,3.4,0.9,0.8,118.4,0,0,0,93.1,5.9,135.4,93.1,397.6,0.8,357
866,nance,keuangan,82,1.3,19,9.3,0.7,8.4,0,39,90.3,0,0,86,32,0,22,0.3,0.2,98,103.6,0,1.4,78,37,0.4,0.3,11.2,17,29.436
867,coconut whole coconut,kelapa kelapa utuh,3336,71.5,0,0,0,0,0,0,0,0,0,0,0,0,0,0,0,0,0,0,0,0,0,0,0,0,0,71.5
868,prickly pear,buah pir berduri,42,0.5,9.9,0,0.8,3.7,0,44,90.2,0,0,66,97,0,62,0.5,0,97,14.4,0,0,0,51,0.3,0,24.7,12,14.977
869,lychee,buah leci,6,16,1.6,1.5,24,0.1,0,29,7.8,0,0,67,33,0,58,47,0,38,6.9,0,6,86,22,92,15,3,61,2.012
870,naranjilla lulo pulp,bubur kertas lulo naranjilla,30,0.3,7.1,4.5,0.5,1.3,0,44,111.7,0,39,32,0,0,1.7,0.3,0.1,3.8,0,0.9,11,9.6,0.4,13.2,14.4,240,0.1,23
871,coconut meat dried,daging kelapa kering,187,18.3,6.7,2.1,1.9,4.6,0,58,0.8,0,54,59,0,12,0.2,0.2,47,0.4,0,0.1,49,7.4,0.9,25.5,58.3,153.7,0.6,40.2
872,waxgourd raw,labu lilin mentah,17,0.3,4,0,0.5,3.8,0,0.1,126.9,0,0.07,89,0,0.1,0.5,0.2,82,17.2,0,0,0,25.1,0.5,13.2,25.1,7.9,0.8,51.4
873,surinam cherry pitanga,ceri pitanga suriname,2,59,0.5,0,45,0,0,0.1,6.4,0,24,0,0,4,96,0,0,1.8,0,0,0,0.6,0,0.8,0.8,7.2,0,3.056
874,passion fruit,buah markisa,17,0.1,4.2,2,0.4,1.9,0,72,13.1,0,0,0,68,0,0.09,0.3,0,74,5.4,0,78,0.03,15,0.3,0,12.2,53,6.667
875,sapodilla,sawo,141,1.9,33.9,0,0.7,9,0,0.08,132.6,0,0,0.08,0,1,0.3,0.4,86,25,0,0,0,35.7,1.4,20.4,20.4,328.1,0.2,107.6
876,pummelo,jeruk bali,48,0.06,12,0,1,1.3,0,94,111.4,0,0,67,0,0,98,0.3,0,5,76.3,0,0,0,97,0.1,5,21.3,0,14.376
877,coconut meat,daging kelapa,1405,133,60.5,24.7,13.2,35.7,0,22,186.6,0,0.3,0.1,0,54,2.1,1.2,0.2,13.1,0,1,19,55.6,9.6,127,448.6,1413.3,4.4,320.7
878,soursop,sirsak,149,0.7,37.9,30.5,2.3,7.4,0,24,182.6,0,0.2,1,0,0.1,2,0.6,0.1,46.4,0,0.2,31,31.5,1.4,47.3,60.8,625.5,0.2,127.6
879,papaya,pepaya,62,0.4,15.7,11.3,0.7,2.5,0,4,127.7,0,0,97,61,0,0.07,0.5,0.3,14,88.3,0,0.4,0.06,17,0.4,26,14.5,86,19.422
880,acerola cherry,buah ceri acerola,2,52,0.4,0,79,77,0,88,4.4,0,0,39,38,0,93,26,72,76,80.5,0,0,0,7,21,0,0.5,45,707
881,ohelo berries,buah ohelo,39,0.3,9.6,0,0.5,0,0,68,129.2,0,66,0,0,82,0.4,0,0,8.4,0,0,0,9.8,0.1,8.4,14,53.2,0,28.7
882,loganberries,buah loganberry,81,0.5,19.1,11.3,2.2,7.8,0,0.06,124.4,0,8,29,0,0.05,1.2,0.4,83,22.5,0,1.3,65,38.2,0.9,30.9,38.2,213.2,0.5,91.2
883,casaba melon,melon casaba,48,0.2,11.2,9.7,1.9,1.5,0,57,156.1,0,83,3,0,42,0.4,0.1,0.3,37.1,0,53,34,18.7,0.6,18.7,8.5,309.4,0.1,71.2
884,durian,durian,51,1.9,9.5,0,0.5,1.3,0,79,22.7,0,0,0.1,95,0,49,0.4,29,0.1,6.9,0,0,0,94,0.2,0.1,13.7,0,13.358
885,coriander leaves raw,daun ketumbar mentah,4,86,0.6,0.1,0.3,0.4,0,5,14.8,0,83,0.05,0,59,0.2,69,66,4.3,0,0.4,8,10.7,0.3,4.2,7.7,83.4,59,16.674
886,garden cress raw,selada air mentah,3,62,0.5,0.4,0.2,63,0,79,8,0,0,72,4,0,0.03,18,19,17,6.2,0,11,0.04,9,0.1,1,6.8,32,886
887,coriander seeds,biji ketumbar,5,0.3,1,0,0.2,0.8,0,95,0.2,0,3,0,0,92,83,0,0,0.4,0,0,0,12.8,0.3,5.9,7.4,22.8,54,15.8
888,dill weed dried,adas kering,253,4.4,55.8,0,20,13.6,0,0.2,7.3,0,0,0.4,0,0,0.3,2.8,0,1.7,50,0,0,0,0.5,48.8,4,543,0,96
889,borage,bunga borage,19,0.6,2.7,0,1.6,0,0,23,82.8,0,73,58,0,0.1,0.8,72,64,31.2,0,0,0,82.8,2.9,46.3,47.2,418.3,0.2,121.8
890,epazote,obat epazot,0,0.06,94,0,59,51,0,21,0.7,0,0,58,13,0,0.04,65,26,26,47,0,0,0,67,59,99,0.7,28,363
891,chives dried,daun bawang kering,1,55,0.1,0,13,41,0,0.04,91,0,0,9,36,0,9,68,62,54,1.3,0,0,0,47,3,95,1,77,0.32
892,thyme fresh,timi segar,1,68,0.2,0,91,0.1,0,17,0.5,0,0,74,0.08,0,39,19,48,57,1.3,0,0,0,18,0.1,45,0.8,0,545
893,butterbur,bunga butterbur,4,0.2,0.5,0,0.1,0,0,53,121.4,0,67,78,0,81,0.2,0,97,14.8,0,0,0,42.2,0.8,2.5,5,14.9,15,58.6
894,wasabi root,akar wasabi,142,0.8,30.6,0,6.2,10.1,0,0.02,89.8,0,0.2,99,0,0.1,1,0.3,0.4,54.5,0,0,0,166.4,1.3,89.7,104,738.4,2.1,269.9
895,rosemary dried,rosemary kering,4,0.2,0.8,0,81,0.5,0,48,0.1,0,2,43,0,16,54,0,74,0.7,0,0,0,15.4,0.4,2.6,0.8,11.5,78,18.079
896,ginger root,akar jahe,2,28,0.4,19,68,58,0,0,1.6,0,73,79,0,55,88,64,51,0.1,0,0.03,0.02,0.3,61,0.9,0.7,8.3,49,1.028
897,white pepper,Lada putih,7,0,1.6,0,0.2,0.6,0,75,0.3,0,0,8,27,0,28,85,0,75,0.5,0,0,0,69,0.3,0.1,4.2,77,2.514
898,cloves ground,cengkeh bubuk,6,0.3,1.4,28,0.1,0.7,0,0,0.2,0,97,47,0,95,32,75,0.03,83,0,0.2,36,13.3,0.2,5.4,2.2,21.4,0.02,16.019
899,paprika,paprika,19,0.9,3.7,0.7,1,2.4,0,61,0.8,0,0,77,45,0,0.05,0.7,0.2,0.1,22,0,2,61,61,1.4,0.1,21.4,24,8.206
900,mace ground,tanah gada,25,1.7,2.7,0,0.4,1.1,0,97,0.4,0,79,16,0,32,61,0,39,1.1,0,0,0,13.4,0.7,8.6,5.8,24.5,0.1,21.1
901,bay leaf,daun salam,2,42,0.4,0,86,0.2,0,84,0.07,0,21,15,0,54,61,0,94,0.3,0,0,0,5,0.3,0.7,0.7,3.2,81,6.316
902,eppaw,burung pipit,150,1.8,31.7,0,4.6,0,0,15,60,0,0,0.1,72,0,0.1,0.3,1.2,0.2,13,0,0,0,0.2,1.2,1.1,165,52,38.5
903,tarragon dried,tarragon kering,2,47,0.3,0,0.1,38,0,12,68,0,11,92,0,82,83,0,83,0.3,0,0,0,6.8,0.2,2.1,1.9,18.1,19,7.752
904,ginger ground,jahe bubuk,6,43,1.3,67,0.2,0.3,0,38,0.2,0,37,2,0,91,0.2,83,0.05,94,0,0,43,2.1,0.4,3.9,3,23.8,87,4.327
905,savory ground,tanah gurih,4,29,1,0,74,0.6,0,55,0.1,0,0,0.03,0,0,0,53,0,0,0.7,0,0,0,43,0.5,44,2,57,1.895
906,black pepper,Lada hitam,6,6,1.5,0.08,0.2,0.6,0,36,0.3,0,0,47,0.04,0,29,67,0.09,73,0,0,84,45,1,0.2,0.3,3.6,9,2.505
907,spearmint fresh,daun mint segar,3,89,0.5,0,0.2,0.4,0,92,4.9,0,0,79,61,0,98,7,86,33,0.8,0,0,0,8,0.7,64,3.4,0,1.261
908,poultry seasoning,bumbu unggas,14,0.3,2.9,0.1,0.4,0.5,0,63,0.4,0,46,49,0,42,0.1,0,93,0.5,0,88,26,43.8,1.6,9.9,7.5,30.1,0.1,50
909,nutmeg ground,pala bubuk,12,0.8,1.1,0.6,0.1,0.5,0,95,0.1,0,65,8,0,55,88,0,72,1,0,0,0,4,18,4,4.7,7.7,36,6.656
910,curry powder,bubuk kari,20,0.9,3.7,0.2,0.8,2.1,0,4,0.6,0,0,76,23,0,42,0.2,0,0.05,0.7,0,1.4,94,34,1.9,0.3,22,52,7.681
911,peppermint,permen,1,4,0.2,0,38,0.1,0,7,1.3,0,0,25,39,0,11,86,48,61,0.5,0,0,0,78,66,88,1.2,0,423
912,salt,garam,0,0,0,0,0,0,0,7,22,0,0,0,0,0,0,0,0,0,0,0,0,4.3,6,0.2,0,1.4,98,4.329
913,sage ground,tanah bijak,2,46,0.4,52,58,0.3,0,83,51,0,18,25,0,0.1,55,0,44,0.2,0,0.08,99,11.6,0.2,3,0.6,7.5,0.02,12.796
914,garlic powder,bubuk bawang putih,10,29,2.3,68,0.5,0.3,0,82,0.2,0,0,11,56,0,31,59,8,93,91,0,39,8,3,0.2,35,12.8,77,3.269
915,dill weed fresh,adas segar,4,63,0.6,0,0.3,0.2,0,17,7.6,0,0,97,63,0,12,0.1,26,3,7.6,0,0,0,0.09,0.6,0.1,5.9,0,1.201
916,cardamom,kapulaga,6,0.1,1.4,0,0.2,0.6,0,13,0.2,0,72,0,0,56,29,0,5,0.4,0,0,0,7.7,0.3,4.6,3.6,22.4,0.1,10.7
917,saffron,kunyit,2,92,0.5,0,71,2,0,63,86,0,0,97,82,0,66,61,0,23,0.6,0,0,0,37,35,0.2,1.8,82,682
918,allspice ground,bubuk allspice,5,0.2,1.4,0,0.1,0.4,0,1,0.2,0,26,79,0,0.08,88,0,0.03,0.7,0,0,0,12.6,0.1,2.6,2.1,19.8,15,15.5
919,parsley fresh,peterseli segar,1,78,0.2,1,0.1,0.1,0,56,3.3,0,0,47,0.07,0,92,0.02,2,81,5.1,0,29,13,85,0.2,46,2.2,94,509
920,oregano dried,oregano kering,265,4.3,68.9,4.1,9,42.5,0,9,9.9,0,0,0.2,0.2,0,0.5,4.6,0.9,1,2.3,0,18.3,0.6,0.6,36.8,5,148,0.01,126.9
921,marjoram dried,marjoram kering,5,0.1,1,77,0.2,0.7,0,4,0.1,0,0,57,73,0,36,97,0,55,0.9,0,29,47,29,1.4,53,5.2,78,2.032
922,chives raw,daun bawang mentah,1,88,0.1,0.02,0.03,44,0,99,2.7,0,0,7,54,0,52,0.08,72,97,1.7,0,79,0.08,59,4,63,1.7,48,417
923,fireweed leaves,daun fireweed,24,0.6,4.4,0,1.1,2.4,0,35,16.3,0,44,7,0,79,1.1,0.3,0.1,0.5,0,0,0,98.7,0.6,35.9,24.8,113.6,0.6,108.3
924,rosemary fresh,rosemary segar,1,0.1,0.1,0,5,12,0,39,0.5,0,0,66,28,0,42,28,32,43,0.2,0,0,0,92,99,54,0.5,0,369
925,garlic,bawang putih,4,26,0.9,43,0.2,64,0,18,1.6,0,0,58,24,0,68,0.09,5,61,0.9,0,56,3,69,46,0.01,4.3,14,1.253
926,cinnamon ground,bubuk kayu manis,6,44,2.1,66,0.1,1.4,0,22,0.3,0,87,0.05,0,6,83,18,4,71,0,52,27,26.1,0.2,1.6,1.7,11.2,88,30
927,chervil dried,chervil kering,5,2,0.9,0,0.4,0.2,0,76,0.1,0,55,37,0,0.09,0.1,0,96,1,0,0,0,25.6,0.6,2.5,8.6,90.1,0.2,28.777
928,cayenne pepper,cabe rawit,1,94,0.2,89,39,52,0,59,11,0,34,19,0,46,41,0,66,0.2,0,19,4,0.4,3,0.5,0.9,6,71,988
929,turmeric ground,kunyit bubuk,8,0.2,1.4,62,0.2,0.5,0,64,0.2,0,85,0.1,0,97,0.1,0,0.04,0.6,0,33,75,4,0.9,4.2,5.9,55.6,9,7.8
930,mustard,moster,3,0.2,0.3,48,0.2,0.2,0,15,4.2,96,26,6,97,0,11,0.04,13,15,0.03,0,86,12,86,96,75,5.4,64,1.046
931,chili powder,bubuk cabai,8,0.4,1.3,0.2,0.4,0.9,0,14,0.3,0,0,66,62,0,97,0.3,13,31,8,0,1,47,32,0.5,36,8.1,18,3.182
932,thyme dried,timi kering,276,7.4,63.9,1.7,9.1,37,0,16,7.8,0,0,0.5,0.3,0,0.4,4.9,0,0.6,50,0,7.5,1.7,0.9,123.6,7.9,201,68,120.6
933,spearmint dried,spearmint kering,1,18,0.3,0,94,0.1,0,12,29,0,0,7,87,0,9,0.04,44,92,0,0,0,0,21,0.4,8,1.4,0,649
934,basil dried,kemangi kering,2,27,0.3,54,0.2,0.3,0,89,76,0,0,99,43,0,12,0.07,11,47,33,0,34,78,82,0.6,51,1.9,54,1
935,dandelion greens cooked,daun dandelion yang sudah dimasak,35,0.6,6.7,1.7,2.1,3,0,0.3,94.3,0,0.1,63,0,0.2,0.5,58,0.2,18.9,0,0.6,0.4,147,1.9,25.2,44.1,243.6,0.3,180.2
936,basil fresh,kemangi segar,2,89,0.2,64,0.2,0.1,0,58,6.4,0,0,0.06,64,0,75,94,0.02,74,1.3,0,14,47,75,0.2,69,3.9,85,752
937,dock,dermaga,29,0.9,4.3,0,2.7,3.9,0,25,123.7,0,0,0,91,0,0.1,0.7,29,0.2,63.8,0,0,0,0.2,3.2,0.5,83.8,67,12.2
938,garden cress cooked,selada air taman yang dimasak,31,0.8,5.1,4.2,2.6,0.9,0,0.3,124.9,0,29,35,0,0.2,1.1,0.2,0.2,31.1,0,0.7,0.5,82.4,1.1,35.1,64.8,476.6,0.2,124
939,onion powder,bubuk bawang bombay,8,24,1.9,0.2,0.2,0.4,0,48,0.1,0,79,45,0,61,39,12,98,0.6,0,68,21,9.2,52,2.7,7.7,23.6,76,12.389
940,dandelion greens raw,daun dandelion mentah,25,0.4,5.1,0.4,1.5,1.9,0,43,47.1,0,0.1,59,0,0.1,0.4,95,0.1,19.3,0,1.9,0.4,102.9,1.7,19.8,36.3,218.4,0.2,132.8
941,yokan,yokan,36,22,8.5,0,0.5,0,0,0.05,5,0,0,69,0.03,0,96,48,66,25,0,0,0,0,48,0.2,89,5.6,25,9.059
942,fava beans cooked,kacang fava dimasak,187,0.7,33.4,3.1,12.9,9.2,0,81,121.6,0,0,0.2,0.2,0,0.2,1.2,0.3,0.1,0.5,0,46,67,0.4,2.6,0.7,212.5,58,56.778
943,french beans raw,kacang perancis mentah,631,3.7,118,0,34.6,46.4,0,69,19.8,0,1,0.7,0,0.4,3.8,1.5,0.7,8.5,0,0,0,342.2,6.3,345.9,559.4,2421.4,3.5,559.7
944,pink beans raw,kacang merah mentah,720,2.4,134.8,4.5,44,26.7,0,57,21.1,0,1.6,1,0,0.4,4,2.1,1.1,0,0,0.4,7,273,14.2,382.2,871.5,3074.4,5.4,495.1
945,navy beans raw,kacang navy mentah,701,3.1,126.4,8.1,46.4,50.8,0,59,25.2,0,1.6,0.8,0,0.3,4.6,1.5,0.9,0,0,0.08,18,305.8,11.4,364,846.6,2464.8,7.6,543.9
946,snap beans cooked,kacang buncis yang sudah dimasak,44,0.4,9.9,1.9,2.4,4,0,86,111.5,0,0,53,76,0,0.1,0.8,21,61,12.1,0,0.6,53,15,0.8,0.4,36.3,0.02,16.848
947,black eyed cowpeas raw,kacang polong hitam mentah,131,0.5,27.3,4.4,4.3,7.3,0,48,111.9,0,0.2,0.2,0,0.2,2.1,0.2,86,3.6,0,0,0,182.7,1.6,74,76.9,625,1.5,227.3
948,pinto beans raw,kacang pinto mentah,670,2.4,120.7,4.1,41.3,29.9,0,36,21.9,0,1.4,1,0,0.4,2.3,1.5,0.9,12.2,0,0.4,62,218.1,9.8,339.7,793.2,2688.5,4.4,434.4
949,black turtle beans raw,kacang hitam mentah,624,1.7,116.4,3.9,39.1,28.5,0,41,20.2,0,1.7,0.8,0,0.4,3.6,1.7,0.5,0,0,0.4,32,294.4,16,294.4,809.6,2760,4,496.1
950,fava beans raw,kacang fava mentah,512,2.3,87.4,8.6,39.2,37.5,0,0.1,16.5,0,0.8,0.6,0,0.5,4.2,1.5,0.5,2.1,0,57,73,154.5,10.1,288,631.5,1593,4.7,333.1
951,hyacinth beans raw,kacang eceng gondok mentah,722,3.5,127.6,0,50.2,53.8,0,73,19.7,0,2.4,8,0,0.3,3.4,2.6,0.3,0,0,0,0,273,10.7,594.3,781.2,2593.5,19.5,518.8
952,white beans raw,kacang putih mentah,673,1.7,121.7,4.3,47.2,30.7,0,51,22.9,0,0.9,0.8,0,0.3,1,1.5,0.6,0,0,0.4,0.03,484.8,21.1,383.8,608,3625.9,7.4,707.2
953,mung beans raw,kacang hijau mentah,718,2.4,129.6,13.7,49.4,33.7,0,85,18.7,0,1.3,1.3,0,0.5,4.7,4,0.8,9.9,0,1.1,9,273.2,14,391.2,759.7,2579.2,5.5,512.2
954,adzuki beans raw,kacang adzuki mentah,648,1,123.9,0,39.1,25,0,0.06,26.5,0,0.9,1.2,0,0.4,5.2,2.9,0.7,0,0,0,0,130,9.8,250.2,750.6,2470.4,9.9,328.8
955,pink lentils raw,kacang lentil merah muda mentah,662,4.2,113.6,0,47.9,20.7,0,92,22.6,0,1,0.4,0,0.2,2.9,0.7,0.8,3.3,0,0,0,78.7,14.5,138.2,564.5,1109.8,7.5,282.9
956,yellow beans raw,kacang kuning mentah,676,5.1,119,0,43.1,49.2,0,46,21.8,0,1.4,0.8,0,0.6,4.8,1.4,0.9,0,0,0,0,325.4,13.7,435.1,956.5,2042.3,5.5,555.5
957,lentils raw,kacang lentil mentah,678,2,115.4,3.9,49.5,58.6,0,39,20,0,1.7,0.9,0,0.4,5,4.1,1,8.4,0,0.9,83,107.5,14.5,234.2,865.9,1833.6,9.2,355.9
958,cranberry beans cooked,kacang cranberry dimasak,241,0.8,43.3,0,16.5,17.7,0,0.4,114.4,0,0,0.4,0.4,0,0.1,0.9,0.4,0.1,0,0,0,0,0.4,3.7,0.7,239,0.09,78.8
959,chickpeas raw,buncis mentah,728,12.1,121.3,21.4,38.6,34.8,0,5,23.1,0,1,1.1,0,0.4,3.1,3.2,1.1,8,0,1.6,4,210,12.5,230,732,1750,6.9,437.3
960,lentils cooked,kacang lentil yang dimasak,230,0.8,39.9,3.6,17.9,15.6,0,16,137.9,0,0,0.3,0.4,0,0.1,2.1,1.3,0.4,3,0,0.2,77,0.5,6.6,1,356.4,0.01,75.118
961,baked beans canned,kacang panggang kalengan,239,0.9,53.7,20.2,12.1,10.4,0,0.9,182.9,0,0.2,36,0,78,1.1,0.5,0.2,0,0,0.4,19,86.4,3,68.6,188,569,5.8,166.5
962,cranberry beans canned,kacang cranberry kalengan,216,0.7,39.3,0,14.4,16.4,0,0.9,201.7,0,0.1,0.2,0,0.1,1.3,0.4,0.1,2.1,0,0,0,88.4,4,83.2,223.6,676,2.2,165.3
963,black beans cooked,kacang hitam dimasak,227,0.9,40.8,0,15.2,15,0,8,113.1,0,0.4,0.3,0,0.1,0.9,0.4,0.1,0,0,1.5,81,46.4,3.6,120.4,240.8,610.6,1.9,121.9
964,lima beans cooked,kacang lima dimasak,216,0.7,39.3,5.5,14.7,13.2,0,12,131.2,0,0,0.3,0.2,0,0.1,0.8,0.8,0.3,0,0,0.3,52,0.4,4.5,1,208.7,27,68.6
965,mungo beans raw,kacang hijau mentah,706,3.4,122.1,0,52.2,37.9,0,4,22.4,0,0.6,0.4,0,0.5,3,1.9,0.6,0,0,0,0,285.7,15.7,552.7,784.5,2034.8,6.9,517
966,pigeon peas raw,kacang polong merpati mentah,703,3.1,128.7,0,44.5,30.8,0,0.04,21.7,0,1.3,0.9,0,0.4,6.1,2.6,0.6,0,0,0,0,266.5,10.7,375.2,752.4,2853.6,5.7,484.3
967,fava beans canned,kacang fava kalengan,182,0.6,31.8,0,14,9.5,0,1.2,205.6,0,16,0.05,0,0.1,2.5,0.3,0.1,4.6,0,0,0,66.6,2.6,81.9,202.2,619.5,1.6,129.7
968,yellow snap beans raw,kacang buncis kuning mentah,31,0.1,7.1,0,1.8,3.4,0,85,90.3,0,5,2,0,0.1,0.8,74,0.05,16.3,0,0,0,37,1,25,38,209,0.2,66.7
969,snap beans raw,kacang buncis mentah,31,0.2,7,3.3,1.8,2.7,0,25,90.3,0,0.02,61,0,0.1,0.7,0.2,0.1,12.2,0,0.4,66,37,1,25,38,211,0.2,61.9
970,yellow snap beans canned,kacang buncis kuning kalengan,36,0.2,8.4,0,1.9,3.6,0,0.6,227.2,0,97,71,0,0.1,0.5,0.3,87,8.2,0,0,0,57.6,2.2,31.2,45.6,235.2,0.5,82.1
971,pigeon peas cooked,kacang polong merpati dimasak,203,0.6,39.1,0,11.4,11.3,0,36,115.2,0,0.2,0.2,0,0.02,1.3,0.5,81,0,0,0,0,72.2,1.9,77.3,199.9,645.1,1.5,136.5
972,catjang cowpeas raw,kacang tunggak catjang mentah,573,3.5,99.6,0,39.8,17.9,0,0.07,18.5,0,1.1,1.1,0,0.3,4.7,2.5,0.6,2.5,0,0,0,142,16.6,556.1,731.5,2296.3,10.2,321.9
973,navy beans cooked,kacang navy dimasak,255,1.1,47.4,0.7,15,19.1,0,0.4,116.1,0,0.4,0.3,0,0.1,1.2,0.5,0.3,0,0,0.08,2,125.6,4.3,96.5,262.1,708,1.9,212.5
974,mothbeans raw,kacang ngengat mentah,672,3.2,120.6,0,45,0,0,1,19,0,1.1,1.3,0,0.2,5.5,3,0.7,7.8,0,0,0,294,21.3,746.8,958.4,2334.4,3.8,491.9
975,cowpeas cooked,kacang tunggak dimasak,81,0.4,14.5,2.3,5.4,4.6,0,37,49,0,0,0.1,0.1,0,15,0.3,0.3,25,0.3,0,0.2,33,0.2,1.8,0.3,109.2,12,25.166
976,mothbeans cooked,kacang panjang yang sudah dimasak,207,1,37.1,0,13.8,0,0,86,122.5,0,0.2,0.3,0,88,1.2,0.7,0.2,1.8,0,0,0,5.3,5.6,184.1,265.5,538.1,1,64.6
977,french beans cooked,kacang perancis yang dimasak,228,1.3,42.5,0,12.5,16.6,0,3,117.8,0,0,0.2,0.1,0,0.1,1,0.4,0.2,2.1,0,0,0,0.2,1.9,0.7,180.5,41,73.3
978,lima beans raw,kacang lima mentah,602,1.2,112.8,15.1,38.2,33.8,0,78,18.1,0,0.9,0.7,0,0.4,2.7,2.4,0.9,0,0,1.3,58,144.2,13.4,398.7,685.3,3068.7,5,343.6
979,winged beans raw,kacang bersayap mentah,744,29.7,75.9,0,54,47.1,0,0.09,15.2,0,1.9,84,0,0.8,5.6,1.4,0.3,0,0,0,0,800.8,24.5,325.8,820.8,1778.1,8.2,1.032
980,adzuki beans cooked,kacang adzuki dimasak,294,0.2,57,0,17.3,16.8,0,79,152.5,0,0,0.3,0.3,0,0.1,1.6,1,0.2,0,0,0,0,0.7,4.6,1.3,386.4,22,92.2
981,black beans raw,kacang hitam mentah,662,2.8,121,4.1,41.9,30.1,0,65,21.4,0,1.7,0.9,0,0.4,3.8,1.7,0.6,0,0,0.4,26,238.6,9.7,331.7,682.9,2877,7.1,444.1
982,catjang cowpeas cooked,kacang tunggak catjang yang sudah dimasak,200,1.2,34.7,0,13.9,6.2,0,21,119.2,0,0,0.3,0.2,0,55,1.2,0.7,0.2,0.7,0,0,0,0.5,5.2,0.8,242.8,45,56.7
983,baby lima beans cooked,kacang lima bayi dimasak,189,0.5,35,2.5,12,10.8,0,64,130.2,0,0,0.1,3,0,97,1.4,0.3,0.2,10.4,0,1.2,0.06,0.4,3.5,1.5,201.6,79,58.952
984,cowpeas raw,kacang tunggak mentah,41,0.3,8.9,4.7,3.1,3.1,0,26,80.8,0,0.1,87,0,0.1,1.1,0.9,0.2,31,0,0.5,25,61.1,0.9,54.5,61.1,202.1,0.3,108.4
985,shellie beans canned,kacang shellie kalengan,74,0.5,15.2,1.5,4.3,8.3,0,0.8,222.2,0,0,0.06,8,0,0.1,0.5,0.3,0.1,7.6,0,48,51,0.2,2.4,0.9,73.5,94,28.668
986,yardlong beans raw,kacang panjang mentah,579,2.2,103.4,0,40.6,18.4,0,57,14.1,0,1.5,1.1,0,0.4,3.6,2.6,0.6,2.7,0,0,0,230.5,14.4,564.5,933.5,1932.2,5.8,412.2
987,pinto beans canned,kacang pinto kalengan,197,1.3,36.4,2.4,11,11,0,0.6,187.7,0,0.1,0.03,0,63,0.6,0.3,0.2,1.7,0,1.4,0.09,112.8,3.5,79.2,220.8,662.4,1.3,177.7
988,chickpeas cooked,buncis dimasak,269,4.2,45,7.9,14.5,12.5,0,0.08,98.7,0,0.2,0.3,0,0.1,0.9,0.5,0.2,2.1,0,0.6,24,80.4,4.7,78.7,275.5,477.2,2.5,163.4
989,cranberry beans raw,kacang cranberry mentah,653,2.4,117.1,0,44.9,48.2,0,14,24.2,0,1.5,1.2,0,0.4,2.8,1.5,0.6,0,0,0,0,247.7,9.8,304.2,725.4,2597.4,7.1,470.1
990,mungo beans cooked,kacang hijau yang dimasak,189,1,33,3.6,13.6,11.5,0,83,130.5,0,0.3,0.2,0,0.1,2.7,0.8,0.1,1.8,0,0.3,92,95.4,3.2,113.4,280.8,415.8,1.5,159.5
991,tamarinds,asam jawa,5,13,1.3,0.8,57,0.1,0,7,0.6,0,0,84,62,0,12,0.04,78,58,0.09,0,53,0.03,32,5,0,2.3,9,1.708
992,yellow snap beans cooked,kacang buncis kuning yang sudah dimasak,44,0.4,9.9,4.5,2.4,4.1,0,96,111.5,0,0,94,63,0,0.1,0.8,83,62,12.1,0,0.6,25,0.1,1.6,0.4,48.8,37,17.003
993,yardlong beans cooked,kacang panjang dimasak,202,0.8,36.1,0,14.2,6.5,0,59,117.6,0,0,0.4,0.2,0,0.1,0.9,0.7,0.2,0.7,0,0,0,0.4,4.5,0.8,309.5,12,58.2
994,bacon beef steak,daging sapi panggang bacon,146,12.5,0.2,0.2,8.2,0,28.9,0.4,6.1,0,0.2,77,54,0.09,1.4,0.3,0.1,0,0,0,91,4,0.5,4.8,40.2,109,0.9,25.4
995,lamb foreshank raw,tulang kering domba mentah,912,60.7,0,0,85.8,0,326.6,0.3,304,0,0.5,14,13,0.9,24.8,3.1,0.7,0,0,1.1,0,49.9,7.6,99.8,771.1,970.7,23.7,204
996,bacon,daging babi asap,106,10.2,0.2,0.2,3.3,0,0,0.1,11.7,0,0,0,69,0,0,0,0,0,0,0.1,0,1,0.1,3.1,46.8,131.6,0.3,14.8
997,lamb rib cooked,iga domba dimasak,915,76,0,0,53.9,0,247.4,0.2,122.1,0,0.2,84,82,0.5,17.2,1.6,0.3,0,0,0.3,0,56.1,4.1,51,423.3,691.1,8.9,190.1
998,lamb shank raw,betis domba mentah,912,61.2,0,0,84.3,0,303.9,0.3,304.7,0,0.6,33,2,1,28.2,3.1,0.7,0,0,1,0,36.3,7.8,108.9,807.4,1183.9,15.9,189.6
999,scrapple,potongan kecil,60,3.9,4,63,2.3,52,13.9,0.1,17.7,0.2,91,32,11,49,0.6,0,0.03,0.7,75,39,57,2,0.5,3.7,21.5,44.7,0.3,13.63
1000,chicken nuggets,nugget ayam,61,4.1,3,39,3.2,0.2,8.6,0.1,9.3,15,11,41,64,49,54,1.2,0.2,95,0.1,0.01,0.2,58,91,0.2,23,54.4,9,10.792
1001,ground lamb cooked,daging domba giling yang dimasak,886,61.5,0,0,77.5,0,303.6,0.3,172.4,0,0.3,62,64,0.8,21,2.1,0.4,0,79,0.4,3,68.9,5.6,75.1,629.1,1061.1,14.6,213.5
1002,lamb meat cooked,daging domba yang dimasak,678,45,0,0,63.8,0,240,0.2,139.6,0,0.3,13,68,0.7,16.4,1.7,0.4,0,0,0,0,40,4.8,60,482.5,795,11.9,153.6
1003,meat extender,pemanjang daging,275,2.6,33.7,0,33.5,15.4,0,41,6.6,0,0.6,0.2,65,0.8,19.4,1.3,1.2,0,0,0,0,179.5,10.6,190.1,562.3,1673.8,1.9,275.3
1004,lamb leg raw,kaki domba mentah,1043,77.4,0,0,81.2,0,313,0.3,291.8,0,0.6,55,42,1,28.4,3.1,0.7,0,0,1,0,40.8,7.5,104.3,771.1,1129.5,15.1,206.9
1005,lamb loin cooked,daging domba panggang,202,14.8,0,0,16.1,0,64,89,33,0,34,3,14,0.2,4.5,0.4,13,0,24,87,62,12.8,1.2,15.4,125.4,209.3,2.2,44.9
1006,chicken patty,roti ayam,172,11.7,7.7,0,8.9,0.2,25.8,0.3,30.5,0,67,63,72,42,2.9,0.7,0.1,0,0,0.8,82,11.4,0.6,14.4,124.8,156.6,0.6,40.5
1007,lamb shank roasted,betis domba panggang,605,33.5,0,0,71,0,242.1,0.2,163.2,0,0.3,85,51,0.7,17.6,1.9,0.4,0,0,0.4,0,26.9,5.3,67.3,532.6,876.9,12.5,136.7
1008,barbecue loaf,roti panggang,40,2,1.5,0,3.6,0,8.5,0.3,14.9,0,42,38,39,86,0.5,0.4,0.07,0,99,0,0,12.7,0.3,3.9,30.4,75.7,0.6,20.1
1009,lamb sirloin cooked,daging domba panggang,765,54.2,0,0,64.5,0,254.1,0.2,141.8,0,0.3,86,86,0.7,17.3,1.8,0.4,0,0,0.3,0,28.8,5.2,57.6,479.5,788.6,10.8,152.7
1010,poultry salad,salad unggas,26,1.8,1,0,1.5,0,3.9,79,8.6,84,66,93,37,81,0.2,11,9,0.1,63,0.3,0,1.3,97,1.3,4.3,23.8,0.1,5.781
1011,ground lamb raw,daging domba giling mentah,80,6.6,0,0,4.7,0,20.7,0.05,16.8,0,21,12,0.01,55,1.7,0.2,22,0,28,44,0.06,4.5,0.4,5.9,44.4,62.8,1,16.2
1012,lamb loin raw,daging domba mentah,88,7.5,0,0,4.6,0,20.9,3,16,0,88,3,65,61,1.8,0.2,74,0,0,42,0,4.2,0.5,5.9,43,60.6,0.7,16.8
1013,lamb sirloin raw,daging domba sirloin mentah,1234,100.3,0,0,76.8,0,326.6,0.3,273.5,0,0.5,27,72,1,28.8,3.2,0.6,0,0,1,0,45.4,7.3,99.8,721.2,1047.8,14,229.8
1014,ham salad,Salad daging ham,97,7,4.8,0,3.9,0,16.7,0.5,28.2,0,0.2,84,39,6,0.9,0.1,47,0,12,0.8,0,3.6,0.3,4.5,54,67.5,0.5,19.6
1015,lamb rib raw,iga domba mentah,1687,156,0,0,65.9,0,344.7,0.3,230.4,0,0.5,44,9,0.9,27.6,2.8,0.5,0,0,0.8,0,68,6.3,81.6,621.4,861.8,12.3,296.2
1016,lamb shoulder raw,bahu domba mentah,1198,97.3,0,0,75.2,0,326.6,0.3,278.5,0,0.5,35,0.07,1,25.7,3.1,0.6,0,15,1,41,72.6,6.8,95.3,716.7,1043.3,17.9,251.9
1017,lamb meat raw,daging domba mentah,1102,84.6,0,0,79.6,0,317.5,0.3,286.5,0,0.5,16,21,1,27.5,3.1,0.6,0,0,0,0,54.4,7.3,99.8,753,1084.1,16,225.9
1018,beef stick,daging sapi panggang,110,9.9,1.1,0,4.3,0,26.6,0.3,3.8,0,71,0,2,63,0.9,16,24,1.4,0,0,0,13.6,0.7,4.2,36,51.4,0.5,31
1019,veal sirloin raw,daging sapi muda sirloin mentah,689,35.4,0,0,86.5,0,353.8,0.3,325.9,0,0.4,16,4,1.4,38.3,6.2,2.2,0,0,1.1,93,49.9,3.5,108.9,948,1492.3,11.6,175.3
1020,mock tender steak raw,steak tiruan empuk mentah,244,8.3,0,0,42.2,0,132.7,0.2,145.9,69,0.2,85,11,0.4,7.1,1.7,0.8,0,55,0.4,99,21.8,4.8,49.5,445.5,685.1,15.8,77.128
1021,ground beef raw,daging sapi giling mentah,1506,136.1,0,0,65.1,0,353.8,0.3,246.7,0,0.2,71,4,0.6,15.3,1.9,1.3,0,0,2.2,4,108.9,7.4,63.5,598.8,988.8,16.2,317.5
1022,veal rib raw,iga sapi muda mentah,735,40.9,0,0,85.5,0,372,0.4,322.7,0,0.3,82,85,1,30.3,5.1,1.9,0,0,1,0,59,3.9,99.8,834.6,1315.4,14.7,189.3
1023,ground veal raw,daging sapi giling mentah,41,1.9,0,0,5.5,0,23.2,29,20.6,0,93,5,45,95,2.1,0.4,0.1,0,0,86,0,4.2,0.2,6.8,57.4,89.1,0.9,11.8
1024,veal leg round raw,paha sapi bulat mentah,531,14,0,0,95.2,0,353.8,0.3,339.3,0,0.4,64,19,1.2,42.7,4.9,2.1,0,0,1.4,0.03,22.7,3.6,117.9,997.9,1664.7,10.4,135.5
1025,beef top sirloin steak raw,steak sirloin daging sapi mentah,1222,77.3,0,0,123.4,0,456,0.3,401.8,0,0.4,16,1,0.6,36.4,3.6,3.4,0,0,2.2,66,145.9,9,127.7,1137,1915.2,21.6,355.6
1026,porterhouse steak raw,steak porterhouse mentah,1170,91.1,0,0,81.6,0,308.4,0.2,273.1,0,0.5,95,0.02,0.8,15.9,1.4,1.7,0,0,0,0,27.2,8.8,86.2,762,1338.1,14.3,208.7
1027,veal shank raw,betis sapi muda mentah,513,15.8,0,0,86.9,0,340.2,0.4,348.9,0,0.4,75,35,1.2,33.8,5.9,2,0,0,0,0,90.7,3.4,95.3,866.4,1424.3,18.1,196.8
1028,veal shoulder raw,daging sapi muda mentah,0,0,0,0,0,0,0,0,0,0,0,0,0,0,0,0,0,0,0,0,0,0,0,0,0,0,0,0
1029,t bone steak raw,steak tulang T mentah,1052,76.3,0,0,85.7,0,281.2,0.2,282.5,0,0.5,7,38,0.8,16.4,1.4,1.7,0,0,0,0,27.2,9.5,90.7,784.7,1397.1,14.7,198.7
1030,chuck blade roast raw,daging panggang chuck blade mentah,1125,88,0,0,77.8,0,322.1,0.3,277.7,0,0.5,0.04,28,0.8,9.9,1.3,1.6,0,0,0,0,45.4,9.3,77.1,734.8,1229.3,22.6,220.5
1031,beef shoulder steak raw,daging sapi panggang mentah,349,17.3,0,0,48.2,0,164.9,0.2,171.8,14,0.2,82,21,0.6,9.2,2.2,1,0,17,0.4,0.06,28.7,6,45.4,480.4,800.7,18,100.218
1032,beef top blade cooked,daging sapi bagian atas dimasak,184,10,0,0,21.9,0,51.9,2,52.3,0,0.1,16,95,0.2,3.2,0.8,0.3,0,0,0.1,0,6,2.3,20.4,181.9,254.2,7.4,40.2
1033,corned beef cooked,daging kornet dimasak,53,4,6,0,3.8,0,20.6,0.2,12.6,0,48,94,66,27,0.6,82,34,0,15,22,96,1.7,0.4,2.5,26.3,30.5,1,9.905
1034,beef round steak raw,daging sapi bulat steak mentah,753,36,0,0,100.1,0,313,0.3,313.2,0,0.4,79,67,0.6,29.9,2.9,3,0,0,1.5,79,95.3,8.4,108.9,961.6,1583.1,18.5,239.8
1035,beef shoulder steak grilled,daging sapi panggang,155,5.8,0,0,24,0,68.9,14,54.4,63,83,43,55,0.2,4.7,0.7,0.6,0,12,72,67,10.2,2.5,21.3,208.3,311.1,6.8,42.589
1036,chuck eye steak raw,steak mata sapi mentah,856,62.8,0,0,72.4,0,261.1,0.3,247.6,95,0.3,17,0.03,0.6,16.7,2.5,1.4,0,47,0.6,77,53.8,8.1,73,687.4,1263.4,27.9,197.159
1037,beef bottom round steak cooked,daging sapi bagian bawah steak dimasak,980,35.1,0,0,155.8,0,426.4,0.2,261,0,0.4,45,14,0.9,28,3.1,2.1,0,75,2,91,31.8,13,104.3,984.3,1279.2,26.8,235.7
1038,porterhouse steak cooked,steak porterhouse dimasak,235,16.4,0,0,20.4,0,57,85,46.5,0,99,69,24,0.2,3.6,0.3,0.3,0,0,0.2,0,6,2.5,18.7,164.1,254.2,3.9,45.3
1039,beef under blade steak raw,daging sapi steak bawah pisau mentah,1235,80.8,0,0,126.8,0,431,0.3,241.6,57,0.3,61,91,1,16.9,3.3,1.4,0,93,0.4,76,62.9,12.6,89.8,812.7,1225.8,42.9,283.198
1040,beef plate steak raw,steak daging sapi mentah,617,46.8,0.9,0,47.8,0,188.9,0.2,168,71,0.3,89,58,1.5,10.9,3,1,0,8,0.4,16,16,9.1,50.5,377.7,643.7,12.6,120.656
1041,beef breakfast strips raw,potongan daging sapi mentah untuk sarapan,92,8.8,0.2,0,2.8,0,18.5,0.2,10.2,0,68,67,27,74,0.7,78,78,5.4,0,0,0,0.9,0.3,2.5,22.6,34.6,0.5,18.4
1042,corned beef raw,kornet sapi mentah,898,67.6,0.6,0,66.6,0,244.9,5.5,301.9,0,0.2,7,6,0.7,16.6,2.6,1.3,122.5,0,0,0,31.8,7.7,63.5,530.7,1347.2,12.9,296.8
1043,beef mince meat asda,daging sapi cincang asda,55,3.1,6.8,54,0,0,0,0,0,0,0,0,0,0,0,0,0,0,0,0,0,0,0,0,0,0,0,9.9
1044,pastrami beef fat free,pastrami daging sapi tanpa lemak,9,0.1,0.1,0,1.9,0,4.5,5,7.1,0,0.04,76,51,43,0.5,73,79,3.3,0,0,0,0.9,0.3,1.7,14.3,21.7,0.4,6.6
1045,rib eye steak raw,steak iga mentah,743,54.5,0.4,0,62.8,0,221.7,0.2,205.4,87,0.3,25,39,0.8,15.6,0,1.3,0,88,0,76,26.1,5.9,65.2,446.6,802,16.2,149.722
1046,veal meat raw,daging sapi muda mentah,653,30.7,0,0,87.8,0,372,0.4,330.4,0,0.4,97,61,1.2,34,5.9,1.9,0,0,1.2,0,68,3.8,108.9,920.8,1428.8,13.9,190.3
1047,veal loin raw,daging sapi muda mentah,46,2.6,0,0,5.3,0,22.4,79,19.9,0,25,33,72,91,2.4,0.4,0.1,0,0,0.02,94,4.5,0.2,6.5,56.3,86,0.7,12.6
1048,beef tenderloin steak raw,daging sapi tenderloin steak mentah,405,29.8,0,0,32.2,0,139.4,32,100.9,0,0.1,87,98,0.2,9.5,0.9,0.9,0,0,0.7,56,37.7,2.3,32.8,295.2,495.3,5.6,102
1049,beef brisket raw,daging sapi brisket mentah,1139,86.5,0,0,83.6,0,308.4,0.3,277.1,0,0.4,36,16,0.7,15.8,1.4,1.7,0,0,0,0,27.2,7.7,86.2,802.9,1279.2,16.8,205
1050,pastrami beef,daging sapi pastrami,104,4.1,0.3,0.08,15.5,0,48.3,0.8,49.4,0,84,31,72,0.1,3,0.2,0.2,0.2,0.09,85,38,7.1,1.6,12.1,124.3,149.1,3.5,28.8
1051,beef flank steak raw,steak daging sapi mentah,47,2.3,0,0,6,0,19.2,54,19.7,0,82,0.05,46,0.07,1.9,0.2,0.2,0,97,34,72,7.6,0.4,6.2,54.6,93.4,1.1,16.3
1052,veal breast raw,dada sapi muda mentah,943,66.9,0,0,79.2,0,322.1,0.3,307,0,0,0,0,0,0,0,0,0,0,0,0,31.8,2.4,81.6,780.2,1297.3,10.6,180.3
1053,beef rib raw,iga sapi mentah,1433,123.8,0,0,73.8,0,322.1,0.2,247.3,0,0.4,17,61,0.6,11.8,1.5,1.3,0,0,0,0,36.3,7.8,72.6,694,1179.4,17,241.7
1054,beef jerky,dendeng sapi,82,5.1,2.2,1.8,6.6,0.4,9.6,0.4,4.7,0,59,93,61,84,0.3,45,48,0,22,18,81,4,1.1,10.2,81.4,119.4,1.6,19.4
1055,beef breakfast strips cooked,potongan daging sapi sarapan yang dimasak,51,3.9,0.2,0,3.5,0,13.4,0.3,3,0,77,0.02,1,34,0.7,85,13,0,25,0.05,16,1,0.4,3.1,26.7,46.6,0.7,9
1056,pork olive loaf,roti babi zaitun,66,4.6,2.6,0,3.3,0,10.6,0.3,16.3,19,97,69,0.03,71,0.5,0.2,73,0,24,31,65,30.5,0.2,5.3,35.6,83.2,0.4,41.265
1057,beef luncheon meat jellied,daging sapi makan siang jeli,31,0.9,0,0,5.3,0,9.5,0.4,20.9,0,0.01,27,68,94,1.4,0.2,78,0,0,0,0,2.8,1,5,38.9,112.6,1,10
1058,turkey pastrami,pastrami kalkun,38,1.8,0.5,1,4.6,62,19.4,0.3,20.4,57,44,35,43,71,1,0.2,21,2.3,3,58,0,3.1,1.2,4,57,98.3,0.6,13.579
1059,pork salami,daging babi salami,41,3.4,0.2,0,2.3,0,7.9,0.2,3.6,0,56,94,35,72,0.6,0.1,72,0,0,0,0,1.3,0.1,2.2,22.9,37.8,0.4,7.3
1060,canadian style bacon raw,bacon mentah ala Kanada,45,2,0.5,0,5.9,0,14.3,0.3,19.1,0,0.2,0.04,17,93,1.8,0.1,0.1,0,4,35,0,2.3,0.2,4.8,69.3,98,0.4,10.9
1061,pork breakfast strips raw,potongan daging babi mentah untuk sarapan,88,8.4,0.2,0,2.7,0,15.6,0.2,10.7,0,0.1,47,66,49,0.8,0.1,84,6.1,0,0,0,1.8,0.2,2.7,31,46.1,0.4,19.4
1062,pickle pimiento loaf,roti acar pimiento,86,6.1,3.2,3.2,4.3,0.6,22,0.4,22.9,7,0.1,93,63,65,0.9,0.2,0.2,3,79,0.2,36,41.4,0.5,12.9,58.1,141,0.6,59.105
1063,luxury loaf,roti mewah,39,1.3,1.4,0,5.2,0,10.1,0.3,19.1,0,0.2,55,55,33,1,0.1,11,0,0.08,0,0,10.1,0.3,5.6,51.8,105.6,0.9,18.3
1064,mortadella,mortadella,47,3.8,0.5,0,2.5,0,8.4,0.2,7.8,0,0.07,15,11,89,0.4,84,94,0,21,67,18,2.7,0.2,1.7,14.6,24.5,0.3,9.7
1065,peppered loaf,roti berbumbu lada,42,1.8,1.3,1.3,4.9,0,13.1,0.2,19.2,0,0.1,64,12,5,0.9,0.2,81,0,79,84,32,15.4,0.3,5.7,48.5,112.3,0.9,23.7
1066,luncheon meat beef,daging sapi makan siang,10,0.3,0,0,1.8,0,3.2,0.1,6.9,0,57,95,0.5,67,0.4,7,54,0,26,59,76,0.9,0.3,1.7,12.9,37.4,0.3,3.3
1067,turkey roll,roti gulung kalkun,40,1.9,0.6,0,4.9,0,14.9,0.1,18.9,0,38,72,75,13,1.3,0.2,89,0,75,9,0,8.6,0.4,4.9,45.4,72.9,0.5,16.4
1068,italian salami,salami Italia,43,3.7,0.1,0.1,2.2,0,8,0.2,3.5,0,25,24,71,9,0.6,0.1,15,0,0,0,0,1,0.2,2.2,22.9,34,0.4,7.2
1069,turkey ham,daging ham kalkun,38,1.6,0.3,0.1,5.5,0,18.8,0.3,20.2,0,94,96,44,11,1,0.2,24,0,0,0.1,0,1.4,0.4,5.6,85.1,83.7,0.7,9.2
1070,turkey bologna,kalkun bologna,59,4.5,1.3,0.8,3.2,0.1,21,0.3,18.1,25,46,98,0,85,0.7,0.1,4,3.7,32,0.1,37,34.4,0.8,4.5,31.9,37.8,0.4,48.096
1071,sliced turkey breast,irisan dada kalkun,17,0.6,0.4,0.1,2.4,0,7.8,0.1,12.2,38,0,84,21,76,87,1.1,89,6,0,49,7,0,23,51,25,39.8,97,3.572
1072,luncheon meat pork beef,makan siang daging babi sapi,99,9,0.7,0,3.5,0,15.4,0.4,13.8,0,72,11,28,74,0.8,0.2,25,0,94,38,58,2.5,0.2,3.9,24.1,56.6,0.5,15.9
1073,beef bologna,daging sapi bologna,90,7.8,1.3,0.6,3.3,0,17.1,0.3,16.6,0.4,43,19,52,31,14,0.7,0.1,85,4.6,83,0.2,53,0.01,0.4,55,46.2,18,12.962
1074,turkey bacon cooked,daging kalkun dimasak,313,22.9,2.5,0,24.3,0,80.4,1.9,26.7,0,0.04,21,45,0.2,2.9,0,0.3,0,76,0.8,28,7.4,1.7,23.8,377.2,323.9,2.5,58.8
1075,ground emu cooked,emu giling yang dimasak,178,5.1,0,0,31,0,94.8,25,71.8,0.2,0,0.3,38,14,0.6,9.7,3.4,0.9,0,0,0.3,44,0.3,5.5,85,293.2,44,37.595
1076,ostrich leg raw,kaki burung unta mentah,94,1.5,0,0,19,0,56.1,67,64.6,0,0.2,34,97,0.3,4.1,1,0.4,0,0,0.2,0,4.3,2,18.7,187,272,3.3,26.8
1077,ostrich strip raw,potongan burung unta mentah,108,2.4,0,0,20.1,0,62.1,86,63,0,0.2,11,0.03,0.3,4.4,1.1,0.5,0,0,0.2,0,4.3,3.6,19.6,192.1,280.5,3.4,30.4
1078,ostrich tenderloin raw,daging tenderloin burung unta mentah,105,2.7,0,0,18.8,0,68,5,63.3,0,0.2,0.1,49,0.2,4.1,1,0.4,0,0,0.2,0,5.1,4.1,18.7,187,272,3.3,30.7
1079,green turtle raw,penyu hijau mentah,25,0.1,0,0,5.6,0,14.2,99,22.2,89,24,87,19,84,0.3,0,88,0,0,0.1,81,33.4,0.4,5.7,50.9,65.1,0.3,39.567
1080,goat meat raw,daging kambing mentah,494,10.5,0,0,93.4,0,258.6,0.4,344,0,0.5,84,0.03,2.2,17,0,0,0,0,0,0,59,12.8,0,816.5,1746.4,18.1,175.7
1081,ground emu raw,emu giling mentah,157,4.7,0,0,26.6,0,80.7,62,85.3,0,0.3,73,51,0.5,8.8,3.2,0.8,0,0,0.3,0,8.2,4.7,28.1,259.7,374.4,4.1,44.2
1082,ground ostrich raw,daging burung unta giling mentah,180,9.5,0,0,22,0,77.4,21,77.5,0,0.2,71,32,0.3,4.8,1.2,0.5,0,0,0.3,0,7.6,3.2,21.8,216.9,317.2,3.8,42.3
1083,ostrich tip raw,ujung burung unta mentah,97,2,0,0,18.6,0,61.2,41,64.7,0,0.2,99,17,0.2,4,1,0.4,0,0,0.2,0,4.3,2.4,18.7,181.1,263.5,3.2,27.3
1084,ostrich round raw,burung unta bulat mentah,99,2,0,0,18.7,0,60.4,74,64.3,0,0.2,87,12,0.2,4,1,0.4,0,0,0.2,0,4.3,3,18.7,183.6,267.8,3.2,28
1085,ground bison raw,daging bison giling mentah,124,6.1,99,0,17.2,0,46.8,42,60.9,0,0.1,0.02,8,0.2,4.5,0,0.3,0,0,0.2,23,9.4,2.4,17.9,164.9,278.8,3.9,35.102
1086,ostrich fan raw,kipas burung unta mentah,99,2.3,0,0,18.5,0,62.1,0.04,64.5,0,0.2,45,0.09,0.2,4,1,0.4,0,0,0.2,0,5.1,3.7,18.7,179.4,261.8,3.2,29.6
1087,ostrich top loin raw,daging paha atas burung unta mentah,101,2.5,0,0,18.4,0,63.8,73,64,0,0.2,42,32,0.2,4,1,0.4,0,0,0.2,0,5.1,2.7,18.7,181.9,265.2,3.2,28.7
1088,goose liver,hati angsa,125,4,5.9,0,15.4,0,484.1,0.1,67.5,8.8,0.5,0.7,22,0.8,6.1,5.8,0.7,4.2,0,0,0,40.4,28.7,22.6,245.3,216.2,2.9,107.4
1089,duck liver raw,hati bebek mentah,60,2,1.6,0,8.2,0,226.6,89,31.6,5.3,0.2,0.3,46,0.4,2.9,2.7,0.3,2,0,0,0,4.8,13.4,10.6,118.4,101.2,1.4,37.3
1090,ham,ham,46,2.5,1,0.3,4.6,0.4,16,0.2,18.8,0,0.2,79,74,94,0.8,0.1,41,1.1,0.08,76,0,6.7,0.3,6.2,42.8,80.4,0.4,16.6
1091,pork meat cooked,daging babi dimasak,283,14.1,0,0,14.1,0,112.6,0.7,79.2,0.02,0.8,0,44,0.3,11,0.7,0.7,0,95,0,0,10.7,0.7,41.5,369.8,615.1,2.6,39.657
1092,bacon roasted,daging babi panggang,43,3.3,0.1,0,3,0,8.8,34,1,0,37,0.05,7,81,15,0.9,51,0.09,0,2,39,97,96,0.1,3,42.6,0.09,6.516
1093,pork top loin roasts raw,daging babi panggang bagian atas mentah,3644,182.8,0,0,468.4,0,1.8,1,1.6,0.09,9.4,0,75,4,122.2,15.8,15.8,0,42,2.6,0,153.7,11.6,526.8,4741.2,7858.1,38,816.574
1094,pork blade roll raw,gulungan daging babi mentah,76,6.2,0,0,4.7,0,15,0.4,16.7,0,0.2,76,0.08,89,0.8,0.2,97,14,0,0,0,2,0.2,3.7,56.3,83.5,0.7,13.143
1095,pork backribs raw,iga babi mentah,2399,174.9,0,0,204.2,0,739,0.9,679.8,35,4.9,0,28,3.3,72.6,8.8,4.5,0,25,2.6,0,332,8.1,171.4,1649.3,2645.4,27.2,719.224
1096,pork spareribs cooked,iga babi dimasak,703,53.6,0,0,51.4,0,214.2,0.2,71.5,65,0.7,22,16,0.7,9.7,1.3,0.6,0,43,0.6,0,83.2,3.3,42.5,462,566.4,8.1,191.598
1097,pork stomach cooked,perut babi dimasak,44,2.1,29,0,6.1,0,89.4,35,20,0,0.08,0.09,67,0.05,0.4,0.2,38,0,0,87,0,4.2,0.3,4.2,36.5,24.1,0.8,12.779
1098,honey smoked ham cooked,ham asap madu dimasak,67,1.3,4,0,9.9,0,12.1,0.5,38.5,0,0.2,13,91,97,1.3,0.1,0.1,0.3,0,0,0,3.3,0.2,4.4,211.2,90.8,0.5,19
1099,boston butt steak raw,steak pantat boston mentah,844,56.1,0,0,79,0,281.2,0.3,313.8,51,2.4,0,88,1.6,19.2,6.6,2.2,0,28,1,0,72.6,5.1,90.7,861.8,1442.4,14,212.848
1100,pork sirloin chops cooked,daging babi panggang,140,4.5,0,0,23.3,0,65.6,1,53.9,75,75,0.5,0,0.07,0.2,6.4,0.8,0.4,0,0.01,0.1,0,12,0.6,73,238.6,43,28.239
1101,pork country style ribs raw,iga babi kampung mentah,242,15.1,0,0,24.8,0,94.7,61,87.3,9,0.5,0,55,0.3,3.9,2.1,0.7,0,28,0.3,0,28.2,1.1,26.9,247,407,3.6,69.223
1102,pork blade chops raw,daging babi cincang mentah,376,15.4,0,0,55.8,0,155.2,0.2,191.6,39,1.4,0,55,0.9,18.7,2.9,1.2,0,67,0.5,0,78.9,1.9,47.3,594.4,823.2,7.2,152.089
1103,pork tenderloin raw,daging babi panggang mentah,606,17.8,0,0,104.3,0,328.3,0.3,378.6,0,5,0,23,1.7,33.4,4.2,3.9,0,75,1.1,0,30.3,4.9,136.4,1227.2,1984.7,9.4,157.3
1104,pork sirloin chops raw,daging babi sirloin mentah,1090,23.3,0,0,205.5,0,567.6,0.6,669.4,23,5.5,0,83,2.3,66.2,6.6,5.5,0,5,1.5,0,81.1,5,207.2,2261.5,3189.5,15.5,314.931
1105,pork leg cap steak raw,steak kaki babi mentah,284,7.8,0,0,50,0,145.5,0.2,173.7,0,1.2,4,72,1,16.4,1.9,1.3,0,0,0.2,0,16.2,1.9,50.8,478.2,843.2,7.3,75.9
1106,pork carcass raw,bangkai babi mentah,1706,159.1,0,0,63.1,0,335.7,0.2,226,7,2.7,2,96,0.9,17.4,2.4,1.3,1.8,0,1.3,0,86.2,3.1,59,703.1,1147.6,7.2,313.327
1107,pork splean cooked,daging babi dimasak,446,9.6,0,0,84.3,0,1507,0.3,199.4,0,0.4,2,71,0.8,17.8,2.7,0.2,34.7,0,0,0,38.9,66.5,44.9,846.2,678.7,10.6,234
1108,chopped ham,daging ham cincang,50,2.9,1.2,0,4.6,0,16.5,0.3,18.3,0,0.2,8,6,35,1.1,0,0.01,0,25,87,0,2,0.2,4.5,43.4,89.3,0.5,10.9
1109,pork centre loin chops raw,daging babi bagian tengah mentah,338,18,0,0,41.2,0,137.3,0.1,138.7,48,1,0,0.02,0.4,13.2,1.4,1.4,0,62,0.2,0,37.8,1.3,49.8,415.9,682.6,3.5,98.301
1110,pork blade chops cooked,daging babi panggang,265,14.6,1.1,0,32.4,0,100.9,72,81.4,69,0.8,0,68,0.3,10.1,1.5,0.7,0,28,0.3,0,10.5,1.2,31.4,355,533.2,3,59.882
1111,boston butt steak cooked,steak pantat boston dimasak,494,32.7,0,0,46.4,0,181.3,0.1,101.7,66,0.9,0,64,0.7,7.2,2.4,0.8,0,51,0.2,0,48.1,3.2,42.6,384.8,564.3,9,130.498
1112,pork meat raw,daging babi mentah,179,18.6,0,0,2.6,0,20.4,21,7,94,0.05,0,86,59,0.7,0.1,0.07,0,55,0.1,0,4,0.07,1.7,23.8,94.2,0.2,25.261
1113,pork top loin chops raw,daging babi bagian atas mentah,287,12.8,0,0,39.9,0,124,99,130.2,74,1.2,0,87,0.3,14.8,1.3,1.3,0,89,0.2,0,13,0.9,48.1,418.1,690.1,2.9,66.684
1114,pork blade steak braised,daging babi panggang,694,44.7,87,0,68.2,0,256.1,0.4,148.2,0.4,0,1.1,0,0.1,0.9,9.5,3.5,1.2,0,32,0.3,0,0.5,4.5,0.06,599.3,0.1,115.063
1115,pork boston steaks cooked,steak babi boston dimasak,438,28.1,0,0,43.2,0,160.6,0.1,96.8,0.06,1.2,96,46,0.7,6.9,1.2,0.5,0.5,91,0.5,0,60.8,2.4,35.5,354.9,550.9,7.6,135.049
1116,bacon cooked,daging babi yang dimasak,43,3.1,68,0,3.5,0,10.1,0.2,1.9,53,0,31,0,37,66,1,0.1,47,0,0,9,0,47,0.1,71,35.4,64,6.747
1117,pickled pork hocks,daging babi panggang asin,48,3,0,0,5.4,0,25.2,0.3,19.2,55,56,58,61,66,0.3,0.02,47,0,0,47,0,5.4,0.3,1.7,17,13.3,0.7,14.146
1118,pork boston roast cooked,babi panggang boston dimasak,705,49.4,0,0,60.5,0,225.3,0.2,150.6,61,1.7,84,41,0.9,10.6,1.7,0.6,1.8,29,0.5,0,73.4,3.8,47.2,516.1,869.8,10.4,188.948
1119,canadian style bacon grilled,bacon panggang ala Kanada,43,2,0.3,0,5.7,0,13.6,0.4,14.5,0,0.2,0.07,0.03,54,1.6,0.1,0.1,0,48,61,0,2.4,0.2,4.9,69.6,91.7,0.4,10.6
1120,ham steak,daging panggang ham,70,2.4,0,0,11.1,0,25.7,0.7,41.2,0,0.5,64,0.08,0.1,2.9,0.4,0.2,18.4,0,0,0,2.3,0.6,10.8,148.2,185.3,1.2,34.8
1121,pork backfat,lemak punggung babi,3683,402.3,0,0,13.2,0,258.6,64,34.9,32,0.4,72,35,0.2,4.5,0.5,0.2,0.5,3,0,0,9.1,0.8,9.1,172.4,294.8,1.7,425.932
1122,bacon baked,daging panggang,44,3.5,0.1,0,2.9,0,8.7,0.2,1,0,52,0.09,95,53,58,0.9,77,84,0,0,38,47,54,0.1,78,41,3,6.673
1123,pork arm picnic raw,daging babi piknik mentah,5298,343.4,0,0,513.6,0,1.4,2.3,1.9,0.1,16.1,0,0.04,6.8,124,27.9,12.1,0,64,5.8,0,329.4,15.6,494.1,5490,11336.9,59,1202.1
1124,salt pork raw,daging babi asin mentah,212,22.8,0,0,1.4,0,24.3,0.8,3.1,0,54,11,49,0.01,0.5,78,48,0,35,0,0,1.7,0.1,2,14.7,18.7,0.3,26
1125,pork arm picnic cooked,lengan babi piknik dimasak,5292,322.7,0,0,560.3,0,1.7,2.2,1.9,7,9.9,0.1,86,7.3,119.5,27,7.8,0,62,5.9,0,360.3,20.7,495.4,5404.8,8039.6,69.8,1.264.074
1126,pork top loin chops cooked,daging babi bagian atas dimasak,270,11.2,0,0,39.4,0,97.2,64,84.3,62,0.02,0.7,0,67,0.3,13.4,1.4,0.7,0,43,0.3,0,0.1,1.2,52,298.4,79,51.481
1127,ground pork raw,daging babi giling mentah,329,26.5,0,0,21.1,0,90,33,76.3,34,0.9,55,5,0.3,5.4,0.8,0.5,0.9,0,0,0,17.5,1.1,23.8,218.8,358.8,2.8,67.15
1128,pork shoulder raw,daging babi mentah,1070,81.6,0,0,77.9,0,322.1,0.3,290.4,87,3.5,77,34,1.2,17.4,3.3,1.6,3.2,25,0.9,0,68,4.8,81.6,825.6,1369.9,12.2,235.572
1129,pork centre rib roasts raw,daging iga babi panggang mentah,275,9.7,0,0,44,0,113.1,0.1,146.2,0,1,0,94,0.4,13.5,1.5,1.5,0,72,0.3,0,48.5,1.2,50.5,436.3,725.2,4,103.4
1130,pork centre rib roasts roasted,daging iga babi panggang,1942,114.9,0,0,211.3,0,610.7,0.7,452.3,0.8,41,4.1,0,18,2.3,74.3,11.6,3.8,0,94,1.6,0,0.7,7.5,63,1800.9,0.3,331.5
1131,minced ham,daging ham cincang,55,4.3,0.4,0,3.4,0,14.7,0.3,12,0,0.1,94,59,73,0.9,94,81,0,58,12,0,2.1,0.2,3.4,33,65.3,0.4,10.4
1132,ham roasted,daging ham panggang,316,21.3,0.6,0,28.7,0,86.8,1.3,85.3,0,1.1,33,54,0.4,7.4,1,0.4,19.6,0,0,0,11.2,1.9,23.8,340.2,499.8,3.5,83.3
1133,pork loin raw,daging babi panggang mentah,232,14.7,0,0,23.1,0,73.7,3,78.3,49,1.1,13,19,0.3,5.4,0.8,0.6,0.7,44,0.2,0,21.1,0.9,24.6,230.5,416.5,2,60.563
1134,pork backribs roasted,iga babi panggang,2564,188.9,0,0,202,0,737.5,0.8,481.3,1.7,23,4,0,0.08,2.9,67,11.1,3.6,0,68,2.2,0,0.9,8.1,65,1448.7,0.3,397.1
1135,pork belly raw,perut babi mentah,2350,240.5,0,0,42.4,0,326.6,0.1,166.7,95,1.8,88,75,1.1,21.1,1.2,0.6,1.4,0,1.8,0,22.7,2.4,18.1,489.9,839.2,4.6,309.486
1136,ham raw,daging ham mentah,266,18.2,46,0,23.8,0,54.6,1.5,93.2,0,1.3,21,34,0.3,4.5,0.6,0.7,0,54,0.3,0,8.4,1.2,19.6,245,442.4,2.3,51.697
1137,ham extra lean,daging ham ekstra ramping,45,2.3,0.6,0,5.1,0,14.8,0.4,18.7,0,0.2,22,97,28,1.4,0.1,0.1,0,94,0.04,0,2,0.3,5,66.1,83.2,0.6,10.3
1138,pork feet pickled,kaki babi diasinkan,635,45.5,29,0,52.8,0,376.5,4.3,340.2,98,31,61,3,85,1,1.2,58,0,0.01,1,0,145.2,1.4,49.9,394.6,59,0.9,245.019
1139,pork shoulder cooked,daging babi panggang,394,28.9,0,0,31.4,0,121.5,1,74,4,0.8,65,7,0.4,5.4,0.8,0.4,0.7,7,0.3,0,32.4,1.8,24.3,286.2,444.2,5,95.226
1140,pork top loin roasts roasted,daging babi panggang bagian atas,1628,74.8,0,0,224.3,0,678.4,0.4,540.7,0.7,11,4.6,0,51,2,60.2,5.7,5.9,0,17,0.9,0,0.7,5.4,52,1891,0.3,306.4
1141,pork skin,kulit babi,154,8.9,0,0,17.3,0,26.9,0.5,0.5,37,9,0,36,34,0.4,0.1,96,0.1,0,0.1,0,8.5,0.2,3.1,24.1,35.9,0.2,35.03
1142,pork country style ribs cooked,iga babi gaya pedesaan dimasak,235,15.2,0,0,22.8,0,88.6,49,46.4,98,0.4,0,16,0.2,4.8,1.2,0.4,0,0.09,0.1,0,29.2,1.2,19.8,173.7,247.7,3.6,68.402
1143,pork blade steak raw,daging babi panggang mentah,664,43.7,0.6,0,67.6,0,243.7,0.6,276.5,0,1.9,0,0.01,1.3,14.8,5.6,1.9,0,83,0.8,0,59,3.8,70.7,829.2,1536.6,11.1,174.7
1144,pork tenderloin cooked,daging babi panggang,153,6.2,0,0,22.7,0,71.4,91,46.4,17,0.7,51,14,0.3,3.8,0.7,0.4,0.8,0,0,0,3.8,1.1,26.6,220.4,337.4,2.2,34.679
1145,pork loin cooked,daging babi panggang,213,12.1,0,0,24.2,0,71.2,77,51.9,8,0.6,66,24,0.2,3.9,0.6,0.3,0.5,7,0.2,0,18.7,1,16.9,161.1,332.9,2.1,56.575
1146,pork ears cooked,telinga babi dimasak,184,12,0.2,0,17.7,0,99.9,0.2,80.6,0,4,0,0,0.07,0.6,51,66,0,0,0,0,20,1.7,7.8,26.6,44.4,0.2,51.6
1147,pork tongue cooked,lidah babi dimasak,626,43,0,0,55.7,0,337.3,0.3,131.4,0,0.7,19,77,1.2,12.3,1.2,0.5,3.9,0,0,0,43.9,11.5,46.2,401.9,547.5,10.5,158
1148,pork spareribs raw,iga babi mentah,3593,303.5,0,0,200.6,0,1.6,1.1,775,0,4.1,0,55,3.3,60.5,8.1,7.4,0,84,4.8,0,194.6,11.8,207.5,1828.8,3138.7,32.4,710.5
1149,ham patties grilled,roti ham panggang,205,18.5,1,0,8,0,43.2,0.6,30.8,0,0.2,34,46,0.1,1.9,0.2,85,0,56,0.3,0,5.4,1,6,60.6,146.4,1.1,33.9
1150,chicken skin roasted,kulit ayam panggang,508,45.6,0,0,22.8,0,93,28,45.1,83,21,0.08,99,0.1,6.3,0.8,0.1,0,26,0.4,32,15.7,1.7,16.8,140,152.3,1.4,85.844
1151,turkey breast raw,dada kalkun mentah,3554,158.9,0,0,495.6,0,1.6,1.3,1.9,15,1.3,0.2,4,2.6,117.7,14.1,10.9,0,0,0,0,294.3,27.2,543.4,4211,6226,35.5,976.092
1152,ground turkey raw,kalkun giling mentah,169,8.7,0,0,22.4,0,78.7,47,82.5,41,37,73,0.08,0.2,7.7,1.1,0.6,0,86,0.1,0,21.7,1.2,26.2,228,270.2,2.7,54.095
1153,chicken wing cooked,sayap ayam dimasak,52,3.5,0,0,4.8,0,14.7,86,13.1,41,36,71,92,97,1,0.1,86,0,22,52,92,2.5,0.2,3.4,25.4,29.2,0.3,11.058
1154,turkey roast roasted,kalkun panggang panggang,209,7.8,4.1,0,28.8,0,71.6,0.9,91.6,0,58,54,79,0.2,8.5,1.1,0.4,0,84,0.5,0.09,6.8,2.2,29.7,329.4,402.3,3.4,49.7
1155,pheasant meat raw,daging burung pegar mentah,1448,74.3,0,0,181.6,0,568,0.3,542.2,0.4,0.6,64,15,1.1,51.4,7.4,5.3,42.4,0,0,0,96,9.2,160,1712,1944,7.7,403.9
1156,chicken back raw,punggung ayam mentah,188,17,0,0,8.3,0,46.6,43,34.3,87,22,84,26,63,2.9,0.5,0.1,0.9,0,0.2,0.03,7.7,0.6,8.9,66.7,85,0.7,34.564
1157,chicken back cooked,ayam dimasak kembali,93,6.5,0,0,8,0,28.1,91,21.9,5,26,35,52,35,1.6,0.3,48,0,84,74,51,6.5,0.4,5.8,43.2,52.2,0.7,21.425
1158,chicken leg fried,paha ayam goreng,431,25.5,13.8,0,34.4,0.5,142.2,0.4,82.3,0.07,0.2,89,56,0.3,8.6,1.6,0.4,0,0,0,0,28.4,2.2,31.6,240.2,298.6,3.4,104.858
1159,chicken feet cooked,ceker ayam dimasak,975,66.2,0.9,0,88,0,381,0.3,298.5,0.1,0.3,0.4,11,0.9,1.8,0,52,0,68,1.2,36,399.2,4.1,22.7,376.5,140.6,3.1,558.5
1160,turkey steak fried,steak kalkun goreng,179,10.8,10.9,0,9.1,0,41,0.5,31.6,92,75,71,88,0.1,1.3,0.3,0.1,0,0,0,0,9,1.4,9.6,149.8,166.4,0.9,41.229
1161,turkey taco meat cooked,daging taco kalkun dimasak,271,13.9,5.5,0,30.7,0,129.9,1.2,128.1,0,0.1,51,62,0.6,5.5,1.1,0.5,0,0,0.5,89,126.3,3.3,49.4,329.4,543.5,4.6,179.7
1162,chicken leg raw,paha ayam mentah,736,54.9,0.6,0,56.3,0,319.9,0.3,231.5,18,0.3,53,96,0.5,16.3,3.4,1.1,0.7,33,0.8,96,31,2.4,65.4,533.2,698.3,5.1,145.973
1163,chicken meat raw,daging ayam mentah,1978,138.6,0,0,171.1,0,690,0.6,607.1,0.4,0.6,39,69,1.1,62.6,8.4,3.2,14.7,54,2.8,54,101.2,8.3,184,1352.4,1738.8,12.1,434.3
1164,chicken neck cooked,leher ayam dimasak,94,6.9,0,0,7.5,0,26.6,85,23.5,65,0.05,78,79,35,1.3,0.2,33,0,87,0.1,32,10.3,0.9,4.9,46.4,41,1,25.616
1165,chicken drumstick fried,paha ayam goreng,193,11.3,6,0,15.8,0.2,61.9,0.2,38,28,49,65,61,0.2,3.7,1.2,0.2,0,0,0,0,12.2,1,14.4,105.8,133.9,1.7,46.519
1166,quail egg,telur puyuh,14,1,0.08,48,1.2,0,76,42,6.7,83,14,89,39,1,76,0.2,16,0,47,0.03,0.01,5.8,0.3,1.2,20.3,11.9,0.1,8.343
1167,chicken neck raw,leher ayam mentah,149,13.1,0,0,7,0,49.5,27,30,66,79,0.05,28,21,1.8,0.4,5,0,0,0.2,0,9,1,6.5,56,68.5,0.9,30.146
1168,duck egg,telur bebek,130,9.6,1,0.7,9,0,618.8,0.1,49.6,0.1,0.1,0.09,0.02,0.3,0.1,1.3,0.2,0,26,0.9,98,44.8,2.7,11.9,154,155.4,1,67.2
1169,pheasant breast raw,dada burung pegar mentah,484,11.8,0,0,88.7,0,211.1,0.1,263.5,0.2,0.3,88,9,0.4,31.1,3.5,2.7,21.8,0,0,0,10.9,2.9,76.4,728,880.9,2.3,136.3
1170,duck meat raw,daging bebek mentah,5123,498.8,0,0,145.7,0,963.7,0.8,615,0.6,2.5,0.2,48,2.7,49.9,12.1,2.4,35.5,88,8.9,25,139.5,30.4,190.2,1762.5,2650.1,17.2,850.5
1171,squab meat raw,daging burung merpati mentah,585,47.4,0,0,36.8,0,189.1,0.1,112.6,0.1,0.4,54,12,0.4,12,1.5,0.8,10.3,0,0,0,23.9,7,43.8,493.5,396,4.4,125.5
1172,chicken drumstick raw,paha ayam mentah,211,12.4,0.1,0,23.4,0,122.4,0.1,96.4,67,0.1,39,42,0.2,6.4,1.4,0.4,0,44,0.3,7,13.3,0.8,26.6,220.8,296.6,2.6,50.075
1173,chicken breast raw,dada ayam mentah,299,16.1,0,0,36.3,0,111.4,0.1,120.9,26,0.1,82,57,0.1,17.2,1.4,0.9,0,53,0.5,0,19.1,1.3,43.5,302.8,382.8,1.4,72.834
1174,ground chicken cooked,ayam giling masak,474,27.4,0,0,58.4,0,268.6,0.2,162.9,0.2,0,0.3,93,79,0.8,17.8,3.3,1.4,0,0,1,44,0.2,2.3,38,587.3,47,87.678
1175,goose meat raw,daging angsa mentah,6077,550.7,0,0,259.8,0,1.4,1.2,813.4,0.3,1.4,94,49,4,59.1,21.2,6.4,68.8,0,0,0,196.6,41,294.8,3832.9,5045,28.2,1117.2
1176,turkey breast roasted,dada kalkun panggang,3266,128,0,0,496.1,0,1.7,1.1,1.4,0,1,0.1,4,2.3,110,11,8.3,0,0,0,0,362.9,24.2,466.6,3628.8,4976.6,35.1,1011.2
1177,chicken fajita strips,potongan fajita ayam,13,0.5,0.2,0,1.7,0,8.3,44,6.6,41,28,62,11,21,0.4,5,49,0,0,31,15,1.2,97,2.1,26,26.7,0.1,3.66
1178,crispy chicken strips tyson,potongan ayam renyah tyson,145,6,0,0,0,0,0,0,0,0,0,0,0,0,0,0,0,0,0,0,0,0,0,0,0,0,0,6
1179,chocolate pudding fat free,puding coklat bebas lemak,105,0.3,23.6,17.8,2.2,0.3,1.1,0.1,86.1,0,21,0.06,69,46,22,0.2,84,0,0,0,98,44.1,1.9,17,61,235,0.3,72.4
1180,tapioca pudding,puding tapioka,143,4.3,23.9,16.4,2.1,0,1.1,0.2,79,0,25,3,21,0.1,31,0.3,52,0.3,0,0.2,0.01,78.1,0.1,6.6,66,101.2,0.2,108.8
1181,tapioca pudding fat free,puding tapioka bebas lemak,105,0.4,23.9,15.9,1.6,0,1.1,0.2,85.4,0,44,96,12,43,0.1,56,39,0.3,0,72,0,58.2,0.1,5.6,73.9,78.4,0.2,84.5
1182,rice pudding,puding beras,122,2.4,20.8,13.1,3.6,0.3,13.6,0.1,84.9,43,2,98,89,98,0.2,0.2,0.4,74,1.5,0,11,63,14,0.1,0.1,92.7,83,27.329
1183,corn pudding,puding jagung,328,12.6,42.4,16.5,11.1,3,180,0.7,180.8,0.2,0.1,0.2,74,26,0.4,2.6,1.3,0.3,9.3,48,0.7,66,0.1,1.3,0.2,225,69,69.795
1184,chocolate pudding,puding coklat,213,6.9,34.5,25.8,3.1,0,1.5,0.2,104.2,45,3,61,44,0.1,0.2,0.4,62,0.5,0,0.5,66,76.5,1.9,27,84,276,0.5,123.424
1185,lemon pudding,puding lemon,173,4.4,30.2,0,4.1,0,16.5,0.4,109.8,26,92,71,28,0.2,0.1,0.4,83,1.2,0,0,0,148.5,58,16.5,307.5,190.5,0.5,188.516
1186,vanilla pudding,puding vanila,195,5.7,33.9,25.5,2.2,0,1.5,0.3,107.5,18,12,84,92,0.1,47,0.2,48,0.3,0,0.5,34,73.5,0.1,6,61.5,97.5,0.2,115.796
1187,profeel proteiinirahka valio,profil proteiinirahka valio,140,0.4,19.3,0.2,175,0,0,0,0,0,0,0,0,0,0,0,0,0,0,0,0,0,0,0,0,0,0,194.7
1188,cottage cheese creamed,keju cottage krim,20,0.9,0.7,0.5,2.2,0,3.4,95,16,22,89,39,0.06,0.06,59,0.1,36,0,85,82,0,16.6,71,1.6,31.8,20.8,18,20.576
1189,zaziki milfina,zaziki milfina,51,4.4,0,0,0,0,0,0,0,0,0,0,0,0,0,0,0,0,0,0,0,0,0,0,0,0,0,4.4
1190,cottage cheese low fat,keju cottage rendah lemak,163,2.3,6.1,6.1,28,0,9,0.9,186.4,21,81,5,72,0.4,0.3,0.5,0.2,0,0,35,24,137.9,0.3,11.3,302.8,194.4,0.9,174.683
1191,cottage cheese nonfat,keju cottage rendah lemak,104,0.4,9.7,2.7,15,0,10.2,0.5,117.5,93,63,13,6,0.3,0.2,0.6,39,0,0,96,0,124.7,0.2,16,275.5,198.7,0.7,150.072
1192,vanilla yogurt low fat,yogurt vanila rendah lemak,208,3.1,33.8,33.8,12.1,0,12.3,0.2,193.6,51,0.1,54,0.01,0.5,0.3,1.4,0.1,2,0,29,24,419,0.2,39.2,330.8,536.6,2,470.265
1193,classique yogurt plain 2 liberte,yogurt klasik polos 2 liberte,30,1.2,1.7,1.7,3.3,0,17,0,0,0,0,0,0,0,0,0,0,0,0,0,0,0,0,0,0,0,0,6.2
1194,yoplait light strawberry yogurt yoplait,yoplait yogurt stroberi ringan yoplait,79,0,74,0,0,0,0,0,0,0,0,0,0,0,0,0,0,0,0,0,0,0,0,0,0,0,0,61
1195,vanilla yogurt,yogurt vanila,145,2.1,23.5,23.5,8.4,0,8.5,0.1,134.3,5,91,68,26,0.3,0.2,0.9,94,1.4,0,3,37,290.7,0.1,27.2,229.5,372.3,1.4,326.243
1196,chocolate yogurt,yogurt coklat,168,0,35.3,22.5,5.3,1.8,1.5,0.2,107.4,0,83,19,42,0.3,0.3,0,0.05,0,0,0,0,132,0.6,60,249,508.5,1.7,175
1197,yogurt parfait,yogurt parfait,125,1.5,23.6,17.4,5,1.6,4.5,48,117.7,73,0.1,18,0.1,0.3,1.1,0,0.3,21.3,42,0.4,85,156.5,0.7,25.3,138.6,281.6,1.3,210.272
1198,yogurt,yogurt,92,4.9,7,7,5.2,0,19.5,5,131.9,26,17,0.06,81,0.2,0.1,0.6,26,0.8,76,35,0.02,181.5,1,18,142.5,232.5,0.9,199.51
1199,chocolate frozen yogurt,yogurt beku coklat,221,6.3,37.6,33.5,5.2,4,22.6,0.1,123.9,36,0.08,8,88,0.3,0.2,0,21,0,57,0.2,71,174,0.8,43.5,154.9,407.2,0.5,227.929
1200,frozen yogurt,yogurt beku,221,6.3,37.6,34.7,5.2,0,22.6,0.1,123.9,13,62,95,0.05,0.3,0.1,0,72,1.2,0.01,0.2,54,174,0.8,17.4,154.9,271.4,0.5,225.163
1201,yogurt low fat,yoghurt rendah lemak,154,3.8,17.2,17.2,12.9,0,14.7,0.2,208.4,21,0.1,45,34,0.5,0.3,1.4,0.1,2,0,7,7,448.4,0.2,41.7,352.8,573.3,2.2,484.517
1202,vanilla yoghurt oikos,yoghurt vanila oikos,120,1.8,0,0,0,0,0,0,0,0,0,0,0,0,0,0,0,0,0,0,0,0,0,0,0,0,0,1.8
1203,fruit yogurt,yogurt buah,149,1.7,28,28,6,0,7.5,13,113,6,81,32,87,0.2,0.1,0.7,99,0.9,0,79,31,207,66,19.5,163.5,265.5,1,243.671
1204,danone low fat alsafi,danone rendah lemak alsafi,88,1.7,89,255,0,0,0,0,0,0,0,0,0,0,0,0,0,0,0,0,0,0,0,0,0,0,0,1.743
1205,fruit n yogurt parfait mcdonalds,buah dan yogurt parfait mcdonalds,156,1.9,30.9,19.1,4.1,1.5,7.5,65,111.2,0,4,29,99,0.2,0.4,0.6,0,20.7,0,0,0,128.1,0.7,20.9,125.2,248.8,0.5,187.9
1206,triple zero greek yogurt dannon oikos,triple zero yogurt yunani dannon oikos,120,0,22.5,6,38,0,0,0,0,0,0,0,0,0,0,0,0,0,0,0,0,0,0,0,0,0,0,22.598
1207,greek yogurt,yogurt Yunani,100,0.7,6.1,5.5,17.3,0,8.5,81,144.7,35,9,45,36,0.5,0.4,0.6,0.1,0,0,89,0.01,187,0.1,18.7,229.5,239.7,0.9,211.251
1208,chocolate rasberry protein mini proteinfx,coklat rasberry protein mini proteinfx,102,2.9,0,0,0,0,0,0,0,0,0,0,0,0,0,0,0,0,0,0,0,0,0,0,0,0,0,2.9
1209,gushers fruit gushers,buah gusher buah gusher,360,6,0.2,0,0,0,0,0,0,0,0,0,0,0,0,0,0,0,0,0,0,0,0,0,0,0,0,6.2
1210,egg fried,telur goreng,90,6.8,0.4,0.2,6.3,0,184.5,43,32,16,49,35,29,0.2,93,0.8,93,0,81,0.6,79,28.5,0.9,6,98.9,69.9,0.6,42.904
1211,glucerna abbott,glucerna abbott,1010,35.6,120.9,49.8,0,12.8,0,0,0,0,0,0,0,0,0,0,0,0,0,0,0,0,0,0,0,0,0,169.3
1212,sports drink,minuman olahraga,26,0,7.2,0,0,0,0,73,232.3,0,0,0,0,0,0,0,0,15.1,0,0,0,0,0.1,2.4,21.6,24,56,22.4
1213,peanut butter cookie protein syntha 6,kue selai kacang protein syntha 6,200,6,5,0,0,0,0,0,0,0,0,0,0,0,0,0,0,0,0,0,0,0,0,0,0,0,0,11
1214,hanfprotein pulver rohkostqualitat veganz,hanfprotein bubuk rohkostqualitat veganz,107,3.1,14.2,57,0,0,0,0,0,0,0,0,0,0,0,0,0,0,0,0,0,0,0,0,0,0,0,17.3
1215,smoothie high protein creamy chocolate slimfast,smoothie protein tinggi krim coklat slimfast,110,3.5,2.1,1,12,0,5,0.2,15,45,25,100,25,35,25,0,0,0,0,0,0,0,0,0,0,0,0,62.6
1216,egg large,telur besar,138,9.3,0,0,0,0,0,0,0,0,0,0,0,0,0,0,0,0,0,0,0,0,0,0,0,0,0,9.3
1217,boysenberries frozen,boysenberry beku,66,0.3,16.1,9.1,1.5,7,0,64,113.4,0,63,0.07,0,45,1,0.3,54,4.1,0,1.1,2,35.6,1.1,21.1,35.6,183.5,0.3,65.7
1218,malt beverage,minuman malt,88,0.3,19.1,19.1,0.5,0,0,0.02,216,0,22,21,0,0.1,2.6,0.02,44,1.2,0,0,0,16.6,0.1,16.6,37.9,19,25,37.8
1219,chocolate powder for milk,bubuk coklat untuk susu,88,0.5,19.9,18,1,1,0,12,0.2,0,41,79,0,0.09,64,0,0.2,6,0,38,41,100.1,0,11.7,18.9,61.6,1.5,128.5
1220,vegetable fruit juice,jus buah sayur,9,17,2.2,0.6,71,0,0,43,27.2,0,47,0,0,75,23,25,0.05,9.6,0,0.5,36,0.9,13,0.3,0.6,5.6,69,12.912
1221,cocoa powder unsweetened,bubuk kakao tanpa pemanis,12,0.7,3.1,87,1.1,1.8,0,62,0.2,0,49,78,0,58,0.1,54,28,0,0,85,56,6.9,0.7,26.9,39.6,82.3,0.4,14.3
1222,coconut milk,santan,35,3.6,0.8,0.5,0.3,0.3,0,1,10.1,0,58,94,0,0,0.1,45,69,0.4,0,63,14,2.4,0.2,5.6,15,39.5,0.1,8
1223,cocoa powder,coklat bubuk,28,0.3,5.9,4.6,0.5,0.3,0,34,0.1,66,45,96,51,33,48,66,85,16,0,94,1,9.3,75,5.8,22.1,49.8,0.1,16.393
1224,rice drink,minuman beras,113,2.3,22,12.7,0.7,0.7,0,58,214.3,0,0.2,0.01,0,8,0.3,0.9,0.4,59,0,42,1.1,78,13,0.5,0.7,134.4,9,25.883
1225,coconut water,air kelapa,46,0.5,8.9,6.3,1.7,2.6,0,0.3,228,0,2,0.05,0,0.1,0.2,0.1,82,5.8,0,0,0,57.6,0.7,60,48,600,0.2,77.8
1226,caramel med iced coffee dunkin donuts,kopi karamel dengan es dunkin donuts,268,9,0,0,0,0,0,0,0,0,0,0,0,0,0,0,0,0,0,0,0,0,0,0,0,0,0,9
1227,instant coffee with water decaffeinated,kopi instan dengan air tanpa kafein,4,0,0.8,0,0.2,0,0,93,177.1,0,0,0,0,58,0.5,92,0,0,0,0,0,7.2,42,7.2,5.4,64.4,53,8.247
1228,instant coffee powder,bubuk kopi instan,353,0.5,75.4,0,12.2,0,0,51,3.1,0,0.09,0,0,31,28.2,19,73,0,0,0,77,141,4.4,327,303,3535,0.4,233.5
1229,instant coffee powder decaffeinated,bubuk kopi instan tanpa kafein,6,69,1.4,0,0.2,0,0,0.09,51,0,0,0,0,72,0.5,77,0,0,0,0,15,2.5,56,5.6,5.1,63,4,4.121
1230,instant cappuccino powder,bubuk cappucino instan,53,0.7,11.2,9,0.4,0.2,0.3,74,0.2,0,73,67,37,87,0.3,37,11,0.1,0,0.08,62,17.3,36,5.6,23.8,108,58,29.908
1231,coffee decaffeinated,kopi tanpa kafein,0,0,0,0,0.2,0,0,58,235.3,0,0,0,0,0,0.5,91,0,0,0,0,23,4.7,0.1,11.9,2.4,128,84,5
1232,espresso decaffeinated,espresso tanpa kafein,3,11,0.5,0,65,0,0,11,29.3,0,87,54,0,3,1.6,86,35,26,0,0,47,0.6,87,24,2.1,34.5,36,1.391
1233,instant coffee with water,kopi instan dengan air,4,0,0.6,0,0.2,0,0,15,177.4,0,0,0,0,73,0.4,89,0,0,0,0,0,7.2,15,7.2,5.4,53.7,13,8.027
1234,coffee,kopi,2,69,0,0,0.3,0,0,75,235.6,0,34,76,0,0.2,0.5,0.6,22,0,0,68,25,4.7,51,7.1,7.1,116.1,39,05.09
1235,espresso,espreso,3,86,0.5,0,21,0,0,83,29.3,0,88,73,0,0.08,1.6,75,99,99,0,5,27,0.6,49,24,2.1,34.5,0.02,1.263
1236,whey protein powder vanilla eas,bubuk protein whey rasa vanila,108,1.7,0,0,0,0,0,0,0,0,0,0,0,0,0,0,0,0,0,0,0,0,0,0,0,0,0,1.7
1237,energy drink sugar free red bull,minuman berenergi bebas gula red bull,13,0.2,1.8,0,0.6,0,0,8,245.9,0,31,0,0.09,1.4,21.3,4.8,5,0,0,0,0,32.5,23,7.5,0,7.5,0,35.19
1238,powerade coca cola,coca cola powerade,9,9,2.3,1.8,0,0,0,5,27.1,0,21,0,82,0,0.5,0,13,0,0,0,0,0.3,96,0,0.3,5.3,58,2.671
1239,amp energy pepsi,amp energi pepsi,110,0.2,29,29,0.6,0,0,93,209.5,0,78,0,83,0.8,4.8,2.4,0.5,0,0,0,0,31.2,53,7.2,40.8,7.2,0,61.067
1240,gatorade g2 pepsi,Gatorade G2 Pepsi,2,52,0.6,0.4,69,0,0,11,28.9,0,0,0,91,0,0,0,0,0,0,0,38,0,0,0,2.1,3.8,0,0.69
1241,amp energy sugar free pepsi,amp energi pepsi bebas gula,5,0,2.5,0,0,0,0,93,236,0,0,0,84,0.3,2,1,0.2,0,0,0,0,0,0,7.2,40.8,4.8,0,2.5
1242,energy drink red bull,minuman berenergi red bull,111,0,26.4,26.4,1.2,0,0,0.1,230.2,0,0,0.1,0,68,0.3,25.4,4.9,5.6,0,0,0,0,49,0.2,86,0,72,33.224
1243,powerade zero ion4 coca cola,powerade zero ion4 coca cola,0,0,0,0,0,0,0,0.03,29.5,0,98,0,28,0,0.2,0,64,0.7,0,0.2,57,0.6,72,0.3,0,3,26,1.393
1244,full throttle coca cola,coca cola dengan kecepatan penuh,110,0.2,29,29,0.6,0,0,71,209.5,0,37,0,31,0,4,0,0.4,0,0,0,0,31.2,37,7.2,0,7.2,0,61.049
1245,passion fruit juice purple,jus buah markisa ungu,148,0.4,35.7,35.2,1.7,0.5,0,84,208,0,0,39,0,0.2,5.5,0,0.1,45,0,0.09,11,9.9,0.9,42,61.8,686.7,0.1,94.1
1246,pomegranate juice,jus buah delima,134,0.7,32.7,31.5,0.4,0.2,0,89,214,0,37,14,0,6,0.6,0.7,19,0.2,0,0.9,81,27.4,0.2,17.4,27.4,532.9,0.2,61.8
1247,cranberry apricot juice,jus aprikot cranberry,157,0,39.7,0,0.5,0.2,0,7,204.6,0,89,71,0,0.01,0.3,71,82,0,0,0,0,22.1,0.4,7.4,12.3,149.5,0.05,62.9
1248,pineapple juice,jus nanas,133,0.3,32.2,25,0.9,0.5,0,75,215.9,0,0,0.1,4,0,64,0.5,0.1,0.3,109.5,0,48,62,0.2,0.8,1.3,20,99,34.477
1249,passion fruit juice yellow,jus buah markisa kuning,126,0.1,33.6,33.1,1,0.5,0,3,211.5,0,0,0.1,0,0.3,3.6,0,0.1,73.6,0,36,0.09,9.9,0.6,42,32.1,686.7,0.1,119.3
1250,orange apricot juice,jus jeruk aprikot,128,0.3,31.8,30.2,0.8,0.3,0,96,216.8,0,22,94,0,21,0.5,0.2,0.08,50,0,0.3,54,12.5,0.3,12.5,20,200,0.1,96
1251,tangerine juice,jus jeruk keprok,106,0.5,24.9,24.5,1.2,0.5,0,22,219.6,0,0,0.1,86,0,94,0.2,0.3,0.1,76.6,0,0.3,0,0.06,0.5,31,34.6,16,27.29
1252,orange juice,jus jeruk,90,0.4,20.8,16.8,1.4,0.4,0,67,176.6,0,0,0.2,2,0,0.01,0.8,0.4,52,100,0,13,53,0.06,0.4,56,34,67,23.177
1253,grapefruit juice,jus jeruk bali,96,0.2,22.7,0,1.2,0,0,61,222.3,0,0,0.06,38,0,0.01,0.5,0.5,0.1,93.9,0,0,0,4,0.5,37,37.1,0,24.254
1254,pineapple grapefruit juice,jus nanas jeruk bali,118,0.3,29,28.8,0.5,0.3,0,54,219.8,0,42,47,0,0.07,0.7,0.1,0.1,115,0,1,46,17.5,0.8,15,15,152.5,0.2,163.4
1255,tamarind nectar,sari asam jawa,143,0.3,37,31.9,0.2,1.3,0,46,213.3,0,77,55,0,24,0.2,25,48,17.8,0,0.3,69,25.1,1.9,10,5,67.8,89,83.6
1256,apple juice,jus apel,114,0.3,28,23.9,0.2,0.5,0,38,218.8,0,0,83,0,0,19,0.2,0.1,25,2.2,0,57,0,65,0.3,0.2,17.4,39,29.087
1257,limeade,jeruk nipis,128,0,34.1,32.8,0,0,0,71,212.6,0,47,58,0,34,0.05,6,51,7.7,0,0,0,4.9,0,4.9,2.5,24.7,24,46.7
1258,guanabana nectar,nektar guanabana,148,0.4,37.5,32.8,0.3,0.3,0,61,212.6,0,86,0.05,0,27,0.3,0.2,0.05,27.9,0,36,0,17.6,0.9,7.5,5,62.8,11,84.9
1259,fruit juice,jus buah,108,0.1,26.3,24.2,0.3,0.2,0,0.1,172.7,0,71,0.2,0,0,96,28,0,1,50.8,0,0.1,0,39,0.5,0,14,89,26.937
1260,horchata,minuman keras,15,0.2,3.3,2.6,0.1,0,0,13,24.6,0,0,0,0,0,16,0,29,0,0,22,0,5.1,57,0.8,4.2,9.6,58,8.717
1261,fruit punch,minuman buah,98,0.4,24.4,0,0.2,0,0,0.08,208.6,0,92,61,0,0.1,0.1,35,47,11.2,0,0,0,16.4,0.5,7,7,154.4,0.4,53.1
1262,apricot nectar,nektar aprikot,139,0.2,35.7,34.2,0.9,1.5,0,25,210.5,0,44,59,0,14,0.6,0.2,36,1.5,0,0.8,8,17.4,0.9,12.4,22.3,282.7,0.2,58.1
1263,orangensaft ja,jeruk nipis dan,86,0,1.4,24,0,0,0,0,0,0,0,0,0,0,0,0,0,0,0,0,0,0,0,0,0,0,0,1.4
1264,fruchtcocktail granini,koktail buah granini,102,0.4,1,0,0,0,0,0,0,0,0,0,0,0,0,0,0,0,0,0,0,0,0,0,0,0,0,1.4
1265,peach nectar,sari buah persik,125,1.3,29.7,27.8,0.5,0.2,0,77,217.3,0,38,0.1,5,0,49,0.5,0.2,91,75.2,0,1.5,0,0.2,0.2,58,12.5,71,31.949
1266,orange pineapple juice,jus jeruk nanas,15,0.08,3.6,3.1,0.1,32,0,44,25.7,0,44,0.01,0,69,54,0,53,12,0,36,16,2.4,86,3,3.2,44.3,72,18.261
1267,cranberry juice,jus cranberry,92,0.3,24.4,24.2,0.8,0.2,0,93,174.3,0,0,69,11,0,16,0.2,0,0.1,18.6,0,2.4,99,0.1,0.5,0,26,36,25.975
1268,white grapefruit juice,jus jeruk bali putih,96,0.2,22.7,22.5,1.2,0.2,0,18,222.3,0,15,29,0,5,0.5,0.5,0.1,93.9,0,0.5,0,22.2,0.5,29.6,37.1,400.1,0.1,140.9
1269,mango nectar,sari buah mangga,128,0.2,32.9,31.2,0.3,0.8,0,61,217.4,0,0,39,55,0,0.06,0.2,0.2,38,38.2,0,0.5,47,87,0.9,7,5,25,34.447
1270,acerola cherry juice,jus ceri acerola,56,0.7,11.6,10.9,1,0.7,0,82,228.2,0,67,84,0,0.1,1,0.5,51,3872,0,0.4,57,24.2,1.2,29,21.8,234.7,0.2,3911.4
1271,apple juice concentrate,konsentrat jus apel,350,0.8,86.5,81.9,1.1,0.8,0,49,120.3,0,29,5,0,0.1,0.3,0.5,0.2,4.4,0,22,0,42.2,1.9,35.9,52.8,945.3,0.3,137.7
1272,water dannon,air dannon,0,0,0,0,0,0,0,0,330.9,0,0,0,0,0,0,0,0,0,0,0,0,9.9,0,3.3,0,0,0,9.9
1273,tap water,keran air,0,0,0,0,0,0,0,18,236.8,0,0,0,0,0,0,0,0,0,0,0,0,7.1,0,2.4,0,0,42,7.1
1274,table water,air meja,0,0,0,0,0,0,0,44,499.5,0,0,0,0,0,0,0,0,0,0,0,0,70,0,0,0,0,0,70
1275,fruit flavored water,air rasa buah,52,0,13,13,0,0,0,0,223.8,0.05,0,16,49,0,2,1,0.2,30.1,0,4.5,0,40.3,0,7.1,0,0,0.8,83.471
1276,water,air,0,0,0,0,0,0,0,24,237,0,0,0,0,0,0,0,0,0,0,0,0,23.7,0,4.7,0,0,0,23.7
1277,cola light coca cola,cola ringan coca cola,0,0,0,0,0,0,0,87,336.5,0,0,0,0,0,0,0,0,0,0,0,0,0,0,0,0,0,0,0
1278,lemon lime soda,soda jeruk nipis,151,0,38.4,37.6,0.3,0,0,24,330.2,0,0,0,0,0,55,0,0,0,0,0,0,7.4,61,3.7,0,3.7,65,46.113
1279,tonic water,air tonik,114,0,29.6,29.6,0,0,0,49,306.1,0,0,0,0,0,0,0,0,0,0,0,0,3.4,0.09,0,0,0,0.3,33.038
1280,lemonade low calorie,limun rendah kalori,7,0,1.6,0,92,0,0,13,236.8,0,0,0,0,0,0,0,0,7.6,0,0,0,66.9,0.1,2.4,31.1,2.4,11,76.216
1281,ginger ale,bir jahe,68,0,17.5,17.4,0,0,0,43,182.5,0,0,0,0,0,0,0,0,0,0,0,0,0,24,0.4,87,0,78,17.528
1282,ice tea lemon flavor nestle,es teh rasa lemon nestle,88,0,22.3,22.3,0,0,0,63,223.4,0,0,0,0,0,0,0,0,0,0,0,0,7.4,0,2.5,88.2,46.6,0.1,29.7
1283,sprite coca cola,sprite coca cola,80,63,20.3,18,0.1,0,0,21,179.6,0,0,0,0,0,0,32,0,0,0,0,0,0,42,0.2,17,0,0,20.538
1284,cola coca cola,minuman bersoda,151,0,38.9,38.9,0,0,0,45,329.8,0,0,0,0,0,0,0,0,0,0,0,0,7.4,48,0,40.5,11,52,46.4
1285,cola,minuman bersoda,74,0.07,19.1,17.9,0.1,0,0,72,180.6,0,0,0,0,0,0,0,0,0,0,0,0,0,12,0.2,81,20,38,19.336
1286,cream soda,krim soda,252,0,65.7,65.7,0,0,0,98,428.3,0,0,0,0,0,0,0,0,0,0,0,0,24.7,0.2,4.9,0,4.9,0.3,90.6
1287,club soda,minuman bersoda klub,0,0,0,0,0,0,0,46,199.8,0,0,0,0,0,0,0,0,0,0,0,0,0,15,78,52,0,0,25
1288,pink lemonade,limun merah muda,86,0.3,21.6,20.6,0.1,0.2,0,0.01,177.8,0,3,78,0,0,47,35,61,6.2,0,62,0,8,92,4,4,34,93,36.488
1289,grape soda,minuman bersoda anggur,160,0,41.7,0,0,0,0,42,330.3,0,0,0,0,0,0,0,0,0,0,0,0,11.2,0.3,3.7,0,3.7,0.3,53.2
1290,cola without caffeine coca cola,cola tanpa kafein coca cola,151,0,38.9,38.9,0,0,0,0.04,329.8,0,0,0,0,0,0,0,0,0,0,0,0,7.4,26,0,40.5,11,32,46.381
1291,white lemonade,limun putih,80,3,20.8,20,0.1,0,0,0.02,178.7,0,0,4,43,0,0.02,94,94,7,7.8,0,0.04,0,13,0.3,83,4,66,21.02
1292,chocolate soda,coklat bubuk,207,0,52.6,52.6,0,0,0,31,438.9,0,0,0,0,0,0,0,0,0,0,0,0,19.7,0.5,4.9,4.9,246,0.8,72.8
1293,sweet tea lipton,teh manis lipton,130,0,35,35,0,0,0,0,0,0,0,0,0,0,0,0,0,0,0,0,0,0,0,0,0,0,0,35
1294,hibiscus tea,Teh kembang sepatu,74,1.3,14.8,12,0.9,0.6,0,91,179.3,0,2.6,0.03,0,0.2,0,0,0,36.8,0,0,0,2,17.3,2,6,18,0.2,73.7
1295,instant lemon tea,teh lemon instan,2,0,0.3,47,0.1,0,0,46,199.2,0,0,0,0,0,3,23,0.06,9,0,0,0,0,26,0.02,0.8,2,0,494
1296,pesca tea santal,teh ikan santal,116,0,0,0,0,0,0,0,0,0,0,0,0,0,0,0,0,0,0,0,0,0,0,0,0,0,0,0
1297,instant lemon tea sweetened,teh lemon instan yang dimaniskan,91,0.2,22.3,21.6,71,0.3,0,89,236.2,0,83,0,0,0,6,0,44,0,0,0,0,5.2,0,2.6,0,38.9,48,28.147
1298,tea with milk and sugar yorkshire,Teh dengan susu dan gula yorkshire,15,0.5,0.4,0,0,0,0,0,0,0,0,0,0,0,0,0,0,0,0,0,0,0,0,0,0,0,0,0.9
1299,tea blueberry muffin tekanne,muffin blueberry teh tekanne,4,0.2,0.4,7,0,0,0,0,0,0,0,0,0,0,0,0,0,0,0,0,0,0,0,0,0,0,0,0.6
1300,chamomile tea,Teh kamomil,2,0,0.4,0,0,0,0,3,199.4,0,0.06,0.05,0,22,0,27,0,0,0,0,0,4,0.2,2,0,18,6,4.6
1301,black tea,teh hitam,2,0,0.7,0,0,0,0,91,236.3,0,0,41,0,18,0,0.04,0,0,0,0,0,0,88,7.1,2.4,87.7,81,0.72
1302,herb tea,teh herbal,2,0,0.4,0,0,0,0,64,199.4,0,7,93,0,51,0,96,0,0,0,0,0,4,0.2,2,0,18,6,4.6
1303,fenugreek seeds,biji kelabat,36,0.7,6.5,0,2.6,2.7,0,0.09,1,0,36,46,0,19,0.2,0,64,0.3,0,0,0,19.5,3.7,21.2,32.9,85.5,0.3,36
1304,peanut topping mcdonalds,topping kacang mcdonalds,181,15,4.6,1.2,7.9,0,0,0,0.2,0,0.07,15,0,99,4.7,0.3,0.2,0,0,2.3,0,13,0.4,54.6,103,179.4,0.8,40.9
1305,beechnuts dried,kacang beech kering,173,15,10.1,0,1.9,0,0,68,2,0,53,87,0,0.1,0.3,0.3,0.2,4.7,0,0,0,0.3,0.7,0,0,305.1,0.1,32.7
1306,breadnut tree seeds raw,biji pohon kacang sukun mentah,61,0.3,13.1,0,1.7,0,0,84,12.7,0,0.04,77,0,53,0.2,0.3,0.1,7.8,0,0,0,27.7,0.6,19.2,19,334.8,0.3,51.2
1307,cumin seeds,biji jintan,8,0.5,0.9,63,0.4,0.2,0,73,0.2,0,79,15,0,93,64,0,21,0.2,0,96,1,19.6,1.4,7.7,10.5,37.5,0.1,23.2
1308,pili nuts dried,kacang pili kering,863,95.5,4.8,0,13,0,0,14,3.3,0,1.1,66,0,0.1,0.6,0.6,0.1,0.7,0,0,0,174,4.2,362.4,690,608.4,3.6,292.2
1309,hazelnuts roasted,hazelnut panggang,194,18.7,5.3,1.5,4.5,2.8,0,0,0.8,0,0.1,31,0,74,0.6,0.3,0.2,1.1,0,4.6,0,36.9,1.3,51.9,93,226.5,0.8,70.6
1310,lupins cooked,lupin dimasak,193,4.8,15.4,0,25.8,4.6,0,0.4,118,0,0.2,83,0,71,0.8,0.3,16,1.8,0,0,0,84.7,2,89.6,212.5,406.7,2.3,139.1
1311,hazelnuts blanched,hazelnut yang sudah direbus,178,17.3,4.8,1,3.9,3.1,0,0,1.6,0,0.1,21,0,49,0.4,0.2,0.2,0.6,0,5,0,42.2,0.9,45.3,87.7,186.2,0.6,72.8
1312,cashew nuts raw,kacang mete mentah,156,12.4,8.5,1.7,5.2,0.9,0,0.02,1.5,0,0.1,76,0,71,0.3,0.2,0.1,0.1,0,0.3,0.04,10.5,1.9,82.6,167.8,186.8,1.6,39.5
1313,sunflower seeds dried,biji bunga matahari kering,269,23.7,9.2,1.2,9.6,4,0,14,2.2,0,0.7,0.1,0,0.2,3.8,0.5,0.6,0.6,0,16.2,0,35.9,2.4,149.5,303.6,296.7,2.3,85.4
1314,lotus seeds dried,biji teratai kering,106,0.6,20.6,0,4.9,0,0,24,4.5,0,0.2,19,0,59,0.5,0.3,0.2,0,0,0,0,52.2,1.1,67.2,200.3,437.8,0.3,79.4
1315,butternuts dried,kacang butternut kering,734,68.4,14.5,0,29.9,5.6,0,62,4,0,0.5,88,0,0.2,1.3,0.8,0.7,3.8,0,0,0,63.6,4.8,284.4,535.2,505.2,3.8,190.6
1316,sesame seeds dried,biji wijen kering,52,4.5,2.1,31,1.6,1.1,0,49,0.4,0,37,0.05,0,57,0.4,82,96,0,0,99,0,87.8,1.3,31.6,56.6,42.1,0.7,98.4
1317,breadfruit seeds,biji sukun,57,1.7,8.8,0,2.2,1.6,0,0.04,16.9,0,0.1,95,0,66,0.1,0.3,24,2,0,0,0,10.8,1.1,16.2,52.5,282.3,0.3,28.2
1318,pinyon pine nuts dried,kacang pinus pinyon kering,1,73,0.01,0,83,5,0,0.07,45,0,0.02,66,0,0.04,27,0,48,4,0,0,0,22,7,0.2,98,0.6,49,359
1319,pine nuts dried,kacang pinus kering,909,92.3,17.7,4.8,18.5,5,0,86,3.1,0,0.5,18,0,0.3,5.9,0.4,0.1,1.1,0,12.6,2,21.6,7.5,338.9,776.3,806,8.7,163.7
1320,flaxseeds,biji rami,55,4.3,3,0.2,1.9,2.8,0,35,0.7,0,0.2,15,0,95,0.3,0.1,56,23,0,42,53,26.3,0.6,40.4,66.1,83.7,0.4,38.994
1321,safflower seed kernels dried,biji bunga matahari kering,146,10.9,9.7,0,4.6,0,0,42,1.6,0,0.3,55,0,0.1,0.6,1.1,0.3,0,0,0,0,22.1,1.4,99.9,182.3,194.4,1.4,48.7
1322,pistachio nuts raw,kacang pistachio mentah,691,55.8,33.8,9.4,24.9,12.7,0,37,4.8,0,1.1,87,0,0.2,1.6,0.6,2.1,6.9,0,2.8,0,129.2,4.8,148.8,602.7,1260.8,2.7,268.1
1323,peanuts raw,kacang tanah mentah,828,71.9,23.5,5.8,37.7,12.4,0,38,9.5,0,0.9,0.4,0,0.2,17.6,2.6,0.5,0,0,12.2,0,134.3,6.7,245.3,549,1029.3,4.8,286.5
1324,poppy seeds,biji bunga poppy,46,3.7,2.5,0.3,1.6,1.7,0,79,0.5,0,34,44,0,0.04,69,71,0.09,61,0,0.2,0,126.5,0.9,30.5,76.6,63.3,0.7,136.934
1325,valencia peanuts raw,kacang tanah valencia mentah,832,69.5,30.5,0,36.6,12.7,0,94,6.2,0,0.9,0.4,0,0.4,18.8,2.6,0.5,0,0,0,0,90.5,3.1,268.6,490.6,484.7,4.9,242.9
1326,spanish peanuts,kacang spanyol,832,72.4,23.1,0,38.2,13.9,0,36,9.3,0,1,0.4,0,0.2,23.3,2.6,0.5,0,0,0,0,154.8,5.7,274.5,566.5,1086.2,3.1,308.1
1327,dill seeds,biji adas,20,1,3.6,0,1.1,1.4,0,37,0.5,0,11,85,0,59,0.2,0,1,1.4,0,0,0,100.1,1.1,16.9,18.3,78.3,0.3,109.7
1328,caraway seeds,biji jintan,22,1,3.3,38,1.3,2.5,0,14,0.7,0,96,52,0,75,0.2,0,99,1.4,0,0.2,0,46.2,1.1,17.3,38.1,90.5,0.4,56.8
1329,acorn raw,biji pohon ek mentah,110,6.8,11.5,0,1.7,0,0,0,7.9,0,16,0.06,0,45,0.5,0.2,0.1,0,0,0,0,11.6,0.2,17.5,22.4,152.5,0.1,31.8
1330,almonds roasted,kacang almond panggang,182,16.6,5.3,1.4,6.4,3.2,0,29,0.8,0,55,32,0,0.2,1.1,49,65,0,0,7.8,0,87.3,1.1,82.2,139.8,209.7,0.9,119.9
1331,lotus seeds raw,biji teratai mentah,25,0.1,4.9,0,1.2,0,0,0.02,21.8,0,73,52,0,0.07,0.1,88,74,0,0,0,0,12.5,0.3,15.8,47.5,103.9,43,19
1332,chestnuts cooked,kastanye yang dimasak,37,0.4,7.9,0,0.6,0,0,46,19.3,0,95,99,0,53,0.2,46,21,7.6,0,0,0,13,0.5,15.3,28,202.3,0.02,30
1333,alfalfa seeds,biji alfalfa,1,75,2,58,0.1,15,0,48,2.8,0,65,8,0,78,0.02,51,21,0.2,0,36,42,1,34,0.8,2.1,2.4,71,1.435
1334,virginia peanuts roasted,kacang tanah virginia panggang,173,14.6,6,0,7.8,2.7,0,18,0.7,0,66,61,0,22,4.4,0.4,99,0,0,0,0,25.8,0.5,56.4,151.8,195.6,2,57.4
1335,hazelnuts raw,hazelnut mentah,471,45.6,12.5,3.3,11.2,7.3,0,0,4,0,0.5,34,0,22,1.4,0.7,0.4,4.7,0,11.3,97,85.5,3.5,122.3,217.5,510,1.8,170.3
1336,anise seeds,biji adas manis,7,0.3,1.1,0,0.4,0.3,0,0.1,0.2,0,58,2,0,91,0.09,58,0.01,0.4,0,0,0,13.6,0.8,3.6,9.2,30.3,0.1,16.9
1337,macadamia nuts roasted,kacang macadamia panggang,215,22.8,4,1.2,2.3,2.4,0,64,0.5,0,0.2,2,0,86,0.7,0.2,0.1,0.2,0,0.2,0,21,0.8,35.4,59.4,108.9,0.4,53.5
1338,studentenfutter alnatura,mahasiswa alnatura,139,7.8,13.2,11.7,3.1,31,1.7,0,0,0,0,0,0,0,0,0,0,0,0,0,0,0,0,0,0,0,0,24.152
1339,pumpkin squash seeds roasted,biji labu siam panggang,46,3.9,1.2,0.1,2.4,0.5,0,45,0.2,0,46,41,0,46,0.4,0.02,12,0.1,0,49,2,4.2,0.6,44,93.9,63,0.6,12.9
1340,water chestnut raw,kastanye air mentah,120,0.1,29.7,6,1.7,3.7,0,97,91.1,0,0.2,11,0,0.2,1.2,0.6,0.4,5,0,1.5,58,13.6,34,27.3,78.1,724.2,0.6,53.84
1341,chestnuts roasted,kastanye panggang,37,0.3,7.9,1.6,0.5,0.8,0,43,6.1,0,0.08,96,0,11,0.2,46,75,3.9,0,0.08,8,4.4,0.1,5,16.1,88.8,86,17.9
1342,ginkgo nuts raw,kacang ginkgo mentah,52,0.5,10.6,0,1.2,0,0,67,15.6,0,13,85,0,0.04,1.7,78,98,4.2,0,0,0,0.6,0.3,7.6,35.1,144.3,79,17.4
1343,almonds raw,kacang almond mentah,9,0.7,0.3,26,0.3,0.2,0,43,26,0,79,73,0,66,52,68,29,0,0,0.4,0,4,82,4,7.3,10.6,61,5.554
1344,peanuts roasted,kacang tanah panggang,180,15.8,4.6,1.3,8.4,2.8,0,69,0.4,0,57,51,0,0.02,4.1,0.4,0.1,0.2,0,2.1,0,18.3,0.5,52.8,119.1,217.8,1,50.6
1345,sunflower seeds toasted,biji bunga matahari panggang,829,76.1,27.6,0,23.1,15.4,0,0.8,1.3,0,0.4,0.3,0,0.4,5.6,9.5,1.1,1.9,0,0,0,76.4,9.1,172.9,1551.7,657.9,7.1,229.6
1346,sisymbrium seeds,Biji bunga sismbrium,235,3.4,43.1,0,9,0,0,47,4.5,0,0.1,72,0,0.3,12.5,0.7,0.6,22.7,0,0,0,1208.4,98,232.4,4.4,1576.2,0.2,1.286.643
1347,breadnut tree seeds dried,biji pohon kacang sukun kering,587,2.7,127,0,13.8,23.8,0,91,10.4,0,0.04,0.2,0,0.2,3.4,3,1.1,74.6,0,0,0,150.4,7.4,184,284.8,3217.6,3.1,399.7
1348,pecans raw,kacang pecan mentah,753,78.4,15.1,4.3,10,10.5,0,0,3.8,0,0.7,19,0,0.1,1.3,0.9,0.2,1.2,0,1.5,33,76.3,2.8,131.9,301.9,446.9,4.9,194.3
1349,chia seeds dried,biji chia kering,138,8.7,11.9,0,4.7,9.7,0,47,1.6,0,0.2,98,0,0.08,2.5,0,0,0.5,0,0.1,0,178.6,2.2,94.8,243.4,115.2,1.3,216.3
1350,japanese chestnuts roasted,kastanye jepang panggang,57,0.2,12.8,0,0.8,0,0,79,14.1,0,0.1,22,0,0,0.2,0.1,0.1,7.9,0,0,0,9.9,0.6,18.1,26.3,120.8,0.4,32.2
1351,sesame seeds toasted,biji wijen sangrai,45,3.8,2.1,0,1.4,1.1,0,0.07,0.3,0,84,75,0,22,0.4,74,2,0,0,0,0,79.1,1.2,28.5,51,38,0.6,88.7
1352,cashew nuts roasted,kacang mete panggang,174,14.3,9,1.5,5.1,1,0,91,0.7,0,0.1,0.08,0,25,0.5,0.3,56,71,0,0.3,41,12.9,1.8,81.9,159.3,189.6,1.6,44.12
1353,lupins raw,lupin mentah,668,17.5,72.7,0,65.1,34,0,9,18.8,0,1.2,0.6,0,0.4,3.9,1.4,0.6,8.6,0,0,0,316.8,7.8,356.4,792,1823.4,8.6,522.5
1354,mustard seeds ground,biji sesawi digiling,10,0.7,0.6,0.1,0.5,0.2,0,17,0.1,0,72,93,0,0.02,93,18,0,0.1,0,0.1,86,5.3,0.2,7.4,16.6,14.8,0.1,7.6
1355,mixed nuts roasted,kacang campur sangrai,178,15.4,7.6,1.4,5.2,2.7,0,0.1,0.5,0,63,8,0,74,1.4,0.4,73,0.1,0,3.3,17,21,1.1,67.5,130.5,207.9,1.1,53.1
1356,salat mix alestro,salad campur alestro,61,5.2,2.4,0,0,0,0,0,0,0,0,0,0,0,0,0,0,0,0,0,0,0,0,0,0,0,0,7.6
1357,chestnuts raw,kastanye mentah,309,3.3,66,0,3.5,11.7,0,0.02,70.5,0,0.3,0.03,0,0.2,1.7,0.7,0.5,62.4,0,0,0,39.2,1.5,46.4,134.9,751.1,0.8,187.6
1358,pistachio nuts roasted,kacang pistachio panggang,172,13.7,8.5,2.3,6.3,3.1,0,8,0.6,0,0,0.2,9,0,72,0.4,0.2,0.3,0.9,0,0.7,54,0.4,1.2,0.4,140.7,21,32.348
1359,walnut,kenari,33,3.3,0.7,0.1,0.8,0.3,0,41,0.2,0,64,4,0,37,75,29,18,37,0,0.06,29,4.9,0.1,7.9,17.3,22.1,0.2,10.109
1360,celery seeds,biji seledri,25,1.6,2.7,78,1.2,0.8,0,68,0.4,0,98,0.05,0,22,0.2,0,39,1.1,0,0.06,0,114.9,2.9,28.6,35.6,91,0.5,125.2
1361,hickorynuts dried,kacang hickory kering,788,77.2,21.9,0,15.3,7.7,0,53,3.2,0,1,42,0,0.2,1.1,2.1,0.2,2.4,0,0,0,73.2,2.5,207.6,403.2,523.2,5.2,200.2
1362,spanish peanuts roasted,kacang tanah panggang spanyol,851,72.1,25.7,0,41.2,13.1,0,0.6,2.6,0,0.5,0.2,0,0.1,22,2,0.4,0,0,0,0,147,3.4,247,568.9,1140.7,2.9,302.5
1363,woca seeds dried,biji woca kering,102,0.3,22.6,0.1,2.2,5.4,0,48,2.6,0,29,92,0,42,1.2,0.4,0.3,0,0,10.1,0,7.6,0.4,24.3,64.8,156.5,1.8,38.5
1364,pecans roasted,kacang pecan panggang,215,22.6,3.9,1.2,2.8,2.9,0,62,0.3,0,0.1,53,0,0.02,0.4,0.2,71,0.2,0,0.8,0,20.1,0.7,36.3,78.9,117.6,1.3,53.2
1365,fennel seeds,biji adas,7,0.3,1,0,0.3,0.8,0,97,0.2,0,21,0,0,92,0.1,0,45,0.4,0,0,0,23.9,0.4,7.7,9.7,33.9,42,27.1
1366,macadamia nuts raw,kacang macadamia mentah,38,4,0.7,0.2,0.4,0.5,0,11,11,0,32,61,0,42,0.1,66,35,62,0,58,0,4.5,0.2,6.8,9.9,19.3,34,10.387
1367,pectin,pektin,163,0.2,45.2,0,0.2,4.3,0,0.1,4.4,0,42,25,0,21,17,23,63,0,0,0,0,3.5,1.4,0.5,1,3.5,0.2,54.8
1368,virginia peanuts raw,kacang tanah virginia mentah,822,71.2,24.1,5.8,36.8,12.4,0,8,10.1,0,1,0.3,0,0.2,18.1,2.6,0.5,0,0,9.6,0,129.9,3.7,249.7,554.8,1007.4,6.5,278.1
1369,valencia peanuts roasted,kacang tanah panggang valencia,177,15.4,4.9,0,8.1,2.7,0,4,0.6,0,52,3,0,68,4.3,0.4,72,0,0,0,0,16.2,0.5,48,95.7,183.6,0.9,47.8
1370,nesfit diet cereal nestle,sereal diet nesfit nestle,75,0,0,0,0,0,0,0,0,0,0,0,0,0,0,0,0,0,0,0,0,0,0,0,0,0,0,0
1371,corn grits cooked,bubur jagung dimasak,182,1.2,37.9,0.3,4.4,2.1,0,0.6,213.1,0,0.2,2,0,0.1,2.1,0.1,0.1,0,0,0.03,0,2.6,1.5,18,51.4,69.4,0.5,49.7
1372,amaranth flakes,serpihan bayam,134,2.7,27,0.2,5.9,3.6,0,67,1.1,0,33,25,0,0,1,0,6,1,0,0.5,7,6.5,0.7,9.5,125.8,134.1,11,47.4
1373,granola,granola,293,14.6,32.3,11.9,8.2,5.3,0,0.01,3.5,8,0.3,17,0,0.2,1.6,0.9,0.2,0.7,0,6.7,35,45.6,2.4,100.8,258.6,323.4,2.5,109.142
1374,muesli with fruit nuts,muesli dengan buah dan kacang,231,3.4,45.7,14.2,4.3,5.8,0,0.1,5.1,0.2,0.4,177.6,47,0.5,5.5,2.8,0.5,0,28,1.4,38,25.8,5.9,72,176.4,229.2,1.6,91.1
1375,muesli master crumble,remah muesli master,124,2.4,4.5,42,2.4,0,0,0,0,0,0,0,0,0,0,0,0,0,0,0,0,0,0,0,0,0,0,9.3
1376,bran flakes,serpihan dedak,131,0.8,32.2,7.4,4,7.3,0,0.2,1.4,0,0.3,0.5,0.4,11,0.6,6.7,0.3,0.7,0,0.09,0.3,25,0.3,11.2,1.4,179.6,83,45.358
1377,nut cereal,sereal kacang,245,5.9,46.2,17.2,4,3.6,0,0.3,2.6,0.2,0.5,0.3,0,0.6,6.5,0.3,0.7,10.7,2,0,0,75.6,10.3,39,106.8,134.4,3,156.5
1378,corn flakes,serpihan jagung,108,0.3,24.6,2.2,1.7,0.8,0,0.2,0.9,0,0.3,1.3,26,56,0.5,5.9,22,0.5,18.2,11,11,0,83,5.4,0.06,9.2,77,27.947
1379,corn grits dry,bubur jagung kering,36,0.2,7.7,8,0.7,0.4,0,54,1.1,0,0.1,0.08,0,32,0.4,72,97,0,0,0.07,0,0.4,0.3,3.5,10.8,13.7,46,9.7
1380,margarine with yoghurt,margarin dengan yoghurt,88,9.8,73,0,58,0,0,18,3.9,0.1,74,86,73,5,97,0,75,82,0,0.7,2,2.8,27,0.3,2.2,3.5,8,12.971
1381,sunflower seed butter,mentega biji bunga matahari,99,8.8,3.7,1.7,2.8,0.9,0,65,0.1,0,21,5,0,75,1.1,0.2,13,0.4,0,3.7,0,10.2,0.7,49.8,106.6,92.2,0.8,27.5
1382,hazelnut oil,minyak kemiri,120,13.6,0,0,0,0,0,0,0,0,0,0,0,0,0,0,0,0,0,6.4,0,0,0,0,0,0,0,13.6
1383,menhaden fish oil,minyak ikan menhaden,1966,218,0,0,0,0,1.8,0,0,0,0,0,0,0,0,0,0,0,0,0,0,0,0,0,0,0,0,218
1384,cod liver fish oil,minyak ikan hati ikan kod,123,13.6,0,0,0,0,77.5,0,0,4.1,0,0,0,0,0,0,0,0,4,0,0,0,0,0,0,0,0,17.7
1385,sardine oil,minyak sarden,123,13.6,0,0,0,0,96.6,0,0,0,0,0,0,0,0,0,0,0,0.02,0,0,0,0,0,0,0,0,13.6
1386,cupu assu oil,minyak assu cupu,120,13.6,0,0,0,0,0,0,0,0,0,0,0,0,0,0,0,0,0,35,0,0,0,0,0,0,0,13.6
1387,lard,lemak babi,115,12.8,0,0,0,0,12.2,0,0,0,0,0,0,0,0,0,0,0,25,78,0,0,0,0,0,0,89,12.8
1388,sesame butter,mentega wijen,94,8.1,3.8,0,2.9,0.9,0,31,0.3,0,4,2,0,99,1.1,77,0.1,0,0,0,0,153.6,3.1,57.9,105.4,93.1,1.2,172.4
1389,margarine spread,olesan margarin,59,6.7,0.1,0,82,0,0.1,19,7,0,0,67,0,84,0,51,49,0,0,0.6,73,0.6,78,0.1,0.6,5,54,7.547
1390,lard vegetable oil,minyak sayur lemak babi,115,12.8,0,0,0,0,7.2,0,0,0,0,0,0,0,0,0,0,0,0,0.1,16,0,0,0,0,0,0,12.8
1391,shortening,mentega,113,12.8,0,0,0,0,0,0,0,0,0,0,0,0,0,0,0,0,0,0.8,39,0,0,0,0,0,0,12.8
1392,vegetable oil spread,olesan minyak sayur,75,8.4,0.1,0,7,0,0.1,81,5.3,0.1,98,52,88,0.06,81,0,0.5,92,0,3,22,2.9,0,0.3,2.2,4.2,0,11.613
1393,cottonseed oil,minyak biji kapas,120,13.6,0,0,0,0,0,0,0,0,0,0,0,0,0,0,0,0,0,4.8,66,0,0,0,0,0,0,13.6
1394,vegetable oil spread fat free,minyak sayur oles bebas lemak,6,0.5,0.4,0,0.2,0,0.2,0.1,13.7,0.1,15,4,69,79,2,0,77,51,0,0.8,62,5.7,41,0.6,4.5,7.5,44,7.001
1395,soy margarine,margarin kedelai,88,9.9,0,0,0,0,0,0.1,3.9,2.7,0,6,58,0,35,0,41,51,0,0,0.8,0,0,0,0,0,0,12.642
1396,margarine with salt,margarin dengan garam,100,11.3,17,0,31,0,0,0.1,2.3,2.1,0.1,1,63,0.08,94,54,0,36,13,0,1.3,68,0,59,0,0.7,0,13.618
1397,margarine,margarin,102,11.5,18,0,37,0,0,91,2.3,2.1,0.1,84,65,0.02,93,34,0,76,98,0,1.3,59,0,73,0,0.7,0,13.719
1398,salmon fish oil,minyak ikan salmon,123,13.6,0,0,0,0,66,0,0,0,0,0,0,0,0,0,0,0,0,0,0,0,0,0,0,0,0,13.6
1399,nutmeg butter oil,minyak mentega pala,1927,218,0,0,0,0,0,0,0,0,0,0,0,0,0,0,0,0,0,0.4,0,0,0,0,0,0,0,218
1400,almond butter,mentega almond,98,8.9,3,0.7,3.4,1.6,0,37,0.3,0,39,17,0,0.2,0.5,16,72,0,0,3.9,0,55.5,0.6,44.6,81.3,119.7,0.5,73
1401,sour cream shoprite,toko krim asam shoprite,60,5,1,14,0,0,0,0,0,0,0,0,0,0,0,0,0,0,0,0,0,0,0,0,0,0,0,6
1402,ucuhuba butter oil,minyak mentega ucuhuba,120,13.6,0,0,0,0,0,0,0,0,0,0,0,0,0,0,0,0,0,61,0,0,0,0,0,0,0,13.6
1403,chicken fat,lemak ayam,115,12.8,0,0,0,0,10.9,0,32,0,0,0,0,0,0,0,0,0,11,0.3,0,0,0,0,0,0,0,12.8
1404,herring fish oil,minyak ikan herring,123,13.6,0,0,0,0,104.2,0,0,0,0,0,0,0,0,0,0,0,0,0,0,0,0,0,0,0,0,13.6
1405,bacon grease,lemak babi,39,4.3,0,0,0,0,4.1,9,0,0,0,0,0,0,0,0,0,0,63,81,0,0,0,0,0,0,31,4.3
1406,turkey fat,lemak kalkun,45,5,0,0,0,0,5.1,0,14,0,0,0,0,0,0,0,0,0,85,0.1,0,0,0,0,0,0,0,5
1407,beef tallow,lemak sapi,115,12.8,0,0,0,0,14,0,0,0,0,0,0,0,0,0,0,0,62,0.3,0,0,0,0,0,0,0,12.8
1408,goose fat,lemak angsa,45,5,0,0,0,0,5,0,53,0,0,0,0,0,0,0,0,0,0,0.1,0,0,0,0,0,0,0,5
1409,duck fat,lemak bebek,44,5,0,0,0,0,5,0,15,0,0,0,0,0,0,0,0,0,43,0.1,0,0,0,0,0,0,0,5
1410,mutton tallow,lemak kambing,45,5,0,0,0,0,5.1,0,0,0,0,0,0,0,0,0,0,0,89,0.1,0,0,0,0,0,0,0,5
1411,grapeseed oil,minyak biji anggur,120,13.6,0,0,0,0,0,0,0,0,0,0,0,0,0,0,0,0,0,3.9,0,0,0,0,0,0,0,13.6
1412,sheanut oil,minyak kemiri,1927,218,0,0,0,0,0,0,0,0,0,0,0,0,0,0,0,0,0,0,0,0,0,0,0,0,0,218
1413,almond oil,minyak almond,120,13.6,0,0,0,0,0,0,0,0,0,0,0,0,0,0,0,0,0,5.3,53,0,0,0,0,0,0,13.6
1414,sunflower oil,minyak bunga matahari,120,13.6,0,0,0,0,0,0,0,66,0,0,0,0,0,0,0,0,0,0,5.6,0.1,0,0.06,0,0,0,13.617
1415,cashew butter,selai kacang mete,94,7.9,4.4,0.8,2.8,0.3,0,71,0.5,0,65,99,0,42,0.3,0.2,59,0,0,0.1,93,6.9,0.8,41.3,73.1,87.4,0.8,23.1
1416,canola oil,minyak kanola,124,14,0,0,0,0,0,0,0,32,0,0,0,0,0,0,0,0,0,0,2.4,88,0,0,0,0,0,14.132
1417,babassu oil,minyak babassu,1927,218,0,0,0,0,0,0,0,0,0,0,0,0,0,0,0,0,0,41.6,0,0,0,0,0,0,0,218
1418,teaseed oil,minyak biji teh,120,13.6,0,0,0,0,0,0,0,0,0,0,0,0,0,0,0,0,0,0,0,0,0,0,0,0,0,13.6
1419,avocado oil,minyak alpukat,124,14,0,0,0,0,0,0,0,0,0,0,0,0,0,0,0,0,0,0,0,0,0,0,0,0,0,14
1420,vegetable palm kernel oil,minyak inti sawit nabati,117,13.6,0,0,0,0,0,0,0,0,0,0,0,0,0,0,0,0,0,0.5,26,0,0,0,0,0,0,13.6
1421,coconut oil,minyak kelapa,117,13.6,0,0,0,0,0,0,0,45,0,0,0,0,0,0,0,0,0,0,17,29,0,13,0,0,0,13.661
1422,safflower oil,minyak bunga matahari,120,13.6,0,0,0,0,0,0,0,0,0,0,0,0,0,0,0,0,0,4.6,55,0,0,0,0,0,0,13.6
1423,vegetable oil,minyak sayur,120,13.6,0,0,0,0,0,0,0,0.08,0,0,0,0,0,0,0,0,0,0,1.3,73,0,83,0,0,0,13.706
1424,apricot kernel oil,minyak biji aprikot,40,4.5,0,0,0,0,0,0,0,0,0,0,0,0,0,0,0,0,0,0.2,0,0,0,0,0,0,0,4.5
1425,peanut oil,minyak kacang,119,13.5,0,0,0,0,0,0,0,0,0,0,0,0,0,0,0,0,0,2.1,0.04,0,4,0,0,0,56,13.575
1426,poppyseed oil,minyak biji poppy,120,13.6,0,0,0,0,0,0,0,0,0,0,0,0,0,0,0,0,0,1.6,0,0,0,0,0,0,0,13.6
1427,flaxseed oil,minyak biji rami,120,13.6,0,0,86,0,0,0,0.04,0,0,0,0,0,0,0,0,0,0,25,81,0.1,0,0,0.1,0,86,13.729
1428,tomatoseed oil,minyak biji tomat,1927,218,0,0,0,0,0,0,0,0,0,0,0,0,0,0,0,0,0,8.3,0,0,0,0,0,0,0,218
1429,wheat germ oil,minyak biji gandum,120,13.6,0,0,0,0,0,0,0,0,0,0,0,0,0,0,0,0,0,20.3,34,0,0,0,0,0,0,13.6
1430,sesame oil,minyak wijen,40,4.5,0,0,0,0,0,0,0,0,0,0,0,0,0,0,0,0,0,2,71,0,0,0,0,0,0,4.5
1431,corn granola oil,minyak granola jagung,124,14,0,0,0,0,0,0,0,0,0,0,0,0,0,0,0,0,0,2.1,82,0,0,0,0,0,0,14
1432,cocoa butter oil,minyak mentega kakao,120,13.6,0,0,0,0,0,0,0,0,0,0,0,0,0,0,0,0,0,0.2,37,0,0,0,0,0,0,13.6
1433,olive oil,minyak zaitun,119,13.5,0,0,0,0,0,4,0,0,0,0,0,0,0,0,0,0,0,1.9,66,0.1,92,0,0,0.1,0,13.618
1434,palm kernel oil,minyak inti sawit,40,4.5,0,0,0,0,0,98,64,0.2,0,0,0,0,0,0,0,0,0,0,0.2,33,0,71,0,0,0,4.741
1435,mustard oil,minyak mustard,124,14,0,0,0,0,0,0,0,0,0,0,0,0,0,0,0,0,0,0,0,0,0,0,0,0,0,14
1436,rice bran oil,minyak dedak padi,120,13.6,0,0,0,0,0,0,0,0,0,0,0,0,0,0,0,0,0,4.4,72,0,1,0,0,0,0,13.689
1437,vegetable macaroni dry,makaroni sayur kering,308,0.9,62.9,0,11,3.6,0,0.06,8.3,0,0.9,0.2,0,0.4,6.2,0.6,0.1,0,0,0,0,28.6,3.6,38.6,97.4,239.4,0.6,110.6
1438,chow mein noodles,mie chow mein,257,9.9,37.5,0.5,5.9,1.5,0,0.5,0.7,0,0.3,48,0,0.2,3.3,0.3,29,0,0,1.3,0.08,11.2,2.6,29.1,90.2,67.2,0.8,68.6
1439,chinese noodles,mie cina,456,94,111.9,0,0.2,0.7,0,88,17.4,0,0,0.2,32,0,0,0.3,0.1,31,0,0,0.2,0,0.1,2.8,0.1,41.6,44,112.906
1440,macaroni raw,makaroni mentah,390,1.6,78.4,2.8,13.7,3.4,0,97,10.4,0,0.9,0.2,0,0.4,7.5,0.5,0.1,0,0,0.1,56,22.1,3.5,55.7,198.5,234.2,1.5,122.7
1441,spaghetti dry,spageti kering,105,0.4,21.1,0.8,3.7,0.9,0,0.09,2.8,0,0.3,61,0,0.1,2,0.1,84,0,0,64,89,5.9,0.9,15,53.5,63.1,0.4,32.9
1442,fusilli cucina,resep masakan fusilli,100,0.4,3.4,41,0,0,0,0,0,0,0,0,0,0,0,0,0,0,0,0,0,0,0,0,0,0,0,3.8
1443,japanese somen noodles dry,mie somen jepang kering,101,0.2,21,0,3.2,1.2,0,0.5,2.6,0,0,28,0,86,0.2,0.1,98,0,0,0,0,6.5,0.4,7.9,22.6,46.4,0.1,32.5
1444,pasta cooked,pasta yang dimasak,301,2.4,57.3,0,11.8,0,75.9,73,157.7,61,0.5,0.1,89,0.3,2.3,0.4,36,0,0,0,0,13.8,2.6,41.4,144.9,55.2,1.3,87.985
1445,macaroni cooked,makaroni matang,221,1.3,43.2,0.8,8.1,2.5,0,71,87,0,0,0.4,0.1,0,0.2,2.4,0.2,89,0,0,21,0,0.1,1.8,0.5,81.2,29,55.217
1446,spinach egg noodles dry,mie telur bayam kering,145,1.7,26.7,0,5.6,2.6,36.1,96,3.3,0,0.4,83,0.1,0.2,2.5,0.3,0.2,0,0,0,0,21.3,1.6,31.2,73.3,134.9,0.7,59.5
1447,japanese soba noodles cooked,mie soba jepang yang dimasak,113,0.1,24.4,0,5.8,0,0,0.1,83.2,0,0.1,22,0,97,0.6,0.3,26,0,0,0,0,4.6,0.5,10.3,28.5,39.9,0.1,35.4
1448,rice noodles cooked,mie beras dimasak,190,0.4,42.3,52,3.2,1.8,0,75,129.9,0,2,9,0,11,0.1,87,3,0,0,0,0,7,0.2,5.3,35.2,7,0.4,54.9
1449,whole wheat macaroni cooked,makaroni gandum utuh yang dimasak,174,0.8,37.2,1.1,7.5,3.9,0,57,94,0,0.2,39,0,87,1,0.6,0.1,0,0,0.4,61,21,1.5,42,124.6,61.6,1.1,71.9
1450,spaghetti cooked,spageti dimasak,363,2.1,71,1.3,13.3,4.1,0,89,142.9,0,0,0.6,0.2,0,0.3,3.9,0.3,0.1,0,0,0.1,0,0.2,2.9,0.7,133.4,16,90.8
1451,whole wheat spaghetti cooked,spaghetti gandum utuh dimasak,174,0.8,37.2,1.1,7.5,6.3,0,91,94,0,0.2,81,0,43,1,0.6,0.1,0,0,0.4,83,21,1.5,42,124.6,61.6,1.1,74.3
1452,waffle,omongan,218,10.6,24.7,0,5.9,0,51.8,0.4,31.5,69,0.2,62,0.08,0.3,1.6,0.4,67,0.3,0,0,0,191.3,1.7,14.3,142.5,119.3,0.5,234.547
1453,baked taco shell,kulit taco panggang,61,2.7,8.3,0.2,0.8,0.9,0,4,0.8,0,0.09,38,0,48,0.2,0,89,0,0,94,69,12.5,0.2,11.1,30.4,30.1,0.2,25.4
1454,puff pastry,kue kering,1367,94.3,112,1.8,18.1,3.7,0,0.6,18.1,0,0.8,0.1,0,0.6,9.3,0,62,0,0,1.3,0.03,24.5,6.4,39.2,147,151.9,1.3,259
1455,blueberry muffin,muffin bluberi,214,9.2,30.2,17.9,2.6,0.6,17.1,0.2,14.2,0.1,95,68,77,94,16,0.8,0.3,34,0.5,65,0.9,54,63,0.7,0.3,83.2,2,42.915
1456,bread crumbs,tepung roti,427,5.7,77.7,6.7,14.4,4.9,0,0.8,7,0,1,0.1,21,0.4,7.2,0.6,0.1,0,0,11,5,197.6,5.2,46.4,178.2,211.7,1.6,305.5
1457,warm cinnamon roll mcdonalds,roti gulung kayu manis hangat mcdonalds,113,5.1,15,7,2,0.5,16.4,0.1,5.8,0.06,0.05,19,0,59,0.7,0.2,43,0,0,0.5,0,16.1,0.5,5.4,29.4,39.6,0.2,39.264
1458,corn muffin,muffin jagung,201,5.5,33.7,11.7,3.9,2.2,17.2,0.3,21.5,0.01,0.2,43,99,0.2,1.3,0.3,63,0,0,0.5,35,48.8,1.9,21.1,187.4,45.5,0.4,96.069
1459,tortilla,tortila,467,1.9,98.4,5.4,14.3,4.7,0,0.9,78.7,0,0.7,0.2,0,0.2,8.1,0.3,0.1,0,0,0.4,28,137.9,7.5,37.4,287.6,206.9,0.6,264.7
1460,croutons seasoned,crouton yang dibumbui,186,7.3,25.4,1.8,4.3,2,2.8,0.4,1.4,29,0.2,57,53,0.2,1.9,0.3,78,0,0,0.2,69,38.4,1.1,16.8,56,72.4,0.4,78.5
1461,buttermilk waffle,wafel susu mentega,102,3.1,16,1.5,2.4,0.9,4.3,0.2,10.4,0.1,0.2,45,0.06,0.2,2.6,98,0.4,0,0,0.2,43,98.7,2.2,7.3,146.5,45.5,0.2,123.4
1462,flour tortilla,tortila tepung,146,3.7,24.1,1.3,3.9,1.2,0,0.4,15.9,0,0.2,65,0,93,2.1,0.1,42,0,0,0.4,95,79.9,1.6,10.3,104.4,65.2,0.3,114.4
1463,glazed donut,donat berlapis gula,55,3,6.2,3,0.8,0.3,3.9,82,2.9,98,2,62,77,61,0.3,59,21,0.2,16,0.2,25,13.1,0.3,2.2,15.2,13.3,31,23.931
1464,corn tortilla,tortila jagung,52,0.7,10.7,0.2,1.4,1.5,0,75,11,0,75,36,0,28,0.4,73,41,0,0,38,0,19.4,0.3,17.3,75.4,44.6,0.3,34
1465,muffin,roti lapis,169,6.5,23.6,0,3.9,1.5,22.2,0.3,21.5,78,0.2,94,28,0.2,1.3,0.2,0.01,0.2,0,0,0,114,1.4,9.7,87.2,69,0.3,151.166
1466,croutons,roti kering,33,0.5,5.9,0,1,0.4,0,35,0.4,0,47,61,0,78,0.4,73,0.06,0,0,0,0,6.1,0.3,2.5,9.2,9.9,93,14.2
1467,donut with jelly filling,donat isi jeli,289,15.9,33.2,17.9,5,0.8,22.1,0.4,30.3,44,0.3,86,81,0.1,1.8,0.7,0.05,0,0,0.4,12,21.3,1.5,17,72.3,67.2,0.6,77.736
1468,sweet cinnamon rolls,roti gulung kayu manis manis,309,13.6,42.2,26.3,5.1,2,54.8,0.3,20.6,39,0.3,3,73,0.2,2,0.3,85,1.7,0,1.7,88,59.8,1.3,14.1,63.1,92.1,0.5,125.783
1469,oat bran muffin,muffin dedak gandum,46,1.3,8.2,1.4,1.2,0.8,0,67,6,0,28,0.09,0,49,24,0.2,26,0,0,0.1,35,10.7,0.7,26.7,63.9,86.2,0.3,22.9
1470,french cruller donut,donat cruller perancis,169,7.5,24.4,14.4,1.3,0.5,4.5,0.1,7.3,2,5,62,61,57,0.9,0.02,52,0,0,58,36,10.7,1,4.9,50.4,32,0.1,45.42
1471,pancakes,panekuk,86,3.7,10.8,0,2.4,0,22.4,0.2,20.1,25,82,31,0.03,0.1,0.6,0.2,69,0.1,0,0,0,83.2,0.7,6.1,60.4,50.2,0.2,100.942
1472,chocolate donut,donat coklat,250,11.9,34.4,19.2,2.7,1.3,34.2,0.1,9.8,78,91,59,9,51,0.3,0.2,0.04,41,0,0.1,71,127.8,1.4,20.4,97.2,63.6,0.3,179.637
1473,sweet cheese rolls,roti keju manis,238,12.1,28.8,0,4.7,0.8,50.2,0.2,19.4,0,16,0.06,48,83,0.5,0.3,86,0.1,0,0,0,77.9,0.5,12.5,64.7,90.4,0.4,124.9
1474,eclair,kue sus,234,19.2,11.2,2,4.4,0.4,121.5,0.1,54.4,0.2,0.1,0.02,56,0.2,0.7,0.4,5,0.2,0.04,0.7,47,31.5,0.9,7.2,67.5,63.9,0.4,68
1475,donut with cream filling,donat isi krim,307,20.8,25.5,12.4,5.4,0.7,20.4,0.3,32.5,43,0.3,0.02,26,0.1,1.9,0.6,96,0,0,0.2,88,21.3,1.6,17,64.6,68,0.7,75.331
1476,fruit toaster pastry,kue panggang buah,209,5.6,37.1,14.8,2.4,0.5,0,0.2,5.3,0.2,0.2,51,0,0.2,2.7,0.2,0.2,0,0,0.5,11,5.6,2,6.1,38.8,41.3,0.2,53.4
1477,donut,donat,192,10.3,22.9,0,2.3,0.7,14.4,0.2,8.8,62,0.1,82,0.01,26,0.7,0.2,65,27,0,0,0,27,0.5,7.7,52.7,45.9,0.2,63.823
1478,pancakes whole wheat,pancake gandum utuh,92,2.9,12.9,0,3.7,1.2,26.8,0.3,23.2,47,26,94,91,0.2,1,0.2,75,0.2,0,0,0,110,1.4,20.2,164.1,122.8,0.5,132.377
1479,keikitos,keikito,196,10.6,22.3,10.8,2.9,0.5,0,0.2,5.5,0,0,0,0,0,0,0,0,0,0,0,0,26.5,1.1,5,107.1,37.8,0.2,63.9
1480,zwieback,kue kering,30,0.7,5.2,0.9,0.7,0.2,0.6,0.05,0.3,63,31,7,2,0,4,2,79,0.01,0.4,0,0.2,41,83,0.06,0,3.9,23,7.083
1481,waffle toasted,wafel panggang,103,3.2,16.3,1.7,2.4,0.8,5,0.2,10.1,0.1,0.2,23,19,0.2,2.9,0.1,0.3,0,0,0.3,29,101.3,2.3,7.9,141.6,47.5,0.2,126.4
1482,cinnamon toaster pastry,kue panggang kayu manis,206,7.1,34.1,0,2.6,0.5,0,0.2,5.4,0.1,0.2,63,43,0.3,2.3,0.1,0.2,17,0,0,0,17,2,12,66.5,57,0.3,63.489
1483,wheat bran bread,roti dedak gandum,89,1.2,17.2,3.5,3.2,1.4,0,0.2,13.6,0,0.1,82,0,0.1,1.6,0.2,79,0,0,0.1,69,26.6,1.1,29.2,66.6,81.7,0.5,50.7
1484,white bread,roti putih,77,1,14.3,1.6,2.6,0.8,0,0.1,10.6,22,0,0.2,26,0,6,1.4,0.2,38,0,0,1,81,0.04,1,0.2,28.4,9,18.931
1485,oat bran bread,roti dedak gandum,71,1.3,11.9,2.3,3.1,1.4,0,0.1,13.2,0.09,0.2,66,0,0.1,1.4,0.2,8,0,0,0.1,75,19.5,0.9,10.5,42.3,44.1,0.3,38.121
1486,whole wheat bread natures own,roti gandum utuh alami,50,1,0,0,0,0,0,0,0,0,0,0,0,0,0,0,0,0,0,0,0,0,0,0,0,0,0,1
1487,high protein bread dr zaks,roti protein tinggi dr zaks,152,3,15.3,0.6,0,0,0,0,0,0,0,0,0,0,0,0,0,0,0,0,0,0,0,0,0,0,0,18.3
1488,wheat bread,roti gandum,79,1.3,13.8,1.7,3.1,1.2,0,0.1,10.2,39,0,0.1,54,0,0.09,1.6,0.2,62,26,0,24,26,66,1,0.3,37.4,39,19.619
1489,egg bread toasted,roti telur panggang,117,2.4,19.5,0.7,3.9,0.9,20.7,0.2,10.5,96,0.1,66,91,0.2,1.8,0.05,4,0,1,0.1,63,37.7,1.2,7.8,43.3,46.6,0.3,65.618
1490,butter toastbrot ja,roti panggang mentega ya,66,0.9,2,0.4,0,0,0,0,0,0,0,0,0,0,0,0,0,0,0,0,0,0,0,0,0,0,0,2.9
1491,vienna bread toasted,roti panggang viena,93,0.6,18,1,3.8,0.9,0,0.2,6,0,0.1,37,0,0.1,1.6,0.2,7,95,0,11,63,13.6,1.1,9,36.5,40.6,0.3,38.073
1492,vienna bread,roti viena,92,0.6,18.1,0.8,3.8,0.8,0,0.2,8.9,0,0.1,0.08,0,81,1.5,0.1,62,95,0,7,76,14.1,1.2,9,36.5,41,0.3,38.633
1493,protein bread,roti berprotein,47,0.4,8.3,0.3,2.3,0.6,0,8,7.6,0,0,43,0,83,0.8,0,25,0,0,3,7,23.6,0.8,12.4,35.2,61.2,0.3,36
1494,banana bread,roti pisang,186,6,31.1,0,2.5,0.6,24.5,0.2,16.6,68,78,73,35,0.1,0.8,0.2,37,1,0,0,0,12,0.8,8,33.1,76.4,0.2,54.061
1495,rice bran bread,roti bekatul beras,66,1.2,11.7,1.3,2.4,1.3,0,81,11.1,0,0.2,63,0,51,1.8,0.2,92,0,0,0.2,19,18.6,1,21.6,48.1,58.1,0.4,36.2
1496,white fibre wonder bread,roti ajaib berserat putih,95,1,18,2,3.5,1.5,0.1,0,0,0,0,0,0,0,0,0,0,0,0,0,0,0,0,0,0,0,0,24
1497,focaccia,focaccia,142,4.5,20.4,1,5,1,0,0.3,26.2,0,0.3,38,0,0.2,2.1,0.4,0.01,0,0,0.8,14,20,1.8,11.4,73,65,0.8,52.7
1498,oat bran bread toasted,roti panggang dedak gandum,70,1.3,11.8,2.3,3.1,1.3,0,0.1,10.4,0.07,0.1,35,0,46,1.3,79,23,0,0,0.1,84,19.2,0.9,9.2,31.3,33.2,0.3,37.631
1499,rye bread,roti gandum hitam,83,1.1,15.5,1.2,2.7,1.9,0,0.2,11.9,0,0.1,37,0,0.1,1.2,0.1,98,0.1,0,0.1,63,23.4,0.9,12.8,40,53.1,0.4,45.6
1500,wheat germ bread,roti gandum,73,0.8,13.5,1,2.7,0.6,0,0.2,10.4,0,0.1,59,72,0.1,1.3,0.1,86,33,0,0.1,0.09,24.9,1,7.8,33.9,71.1,0.3,43.598
1501,protein bread toasted,roti protein panggang,46,0.4,8.2,0.2,2.2,0.6,0,49,5.8,0,36,23,0,67,0.7,0.03,0.06,0,0,69,25,23.1,0.8,9.5,32.1,58.8,0.2,35.3
1502,oatmeal bread,roti gandum,73,1.2,13.1,2.2,2.3,1.1,0,0.1,9.9,83,0.1,64,0,25,0.8,9,26,0,0,0.1,58,17.8,0.7,10,34,38.3,0.3,36.227
1503,arepa,arepa,215,5.3,36.4,0.9,5.4,2.5,4.9,0.3,49.8,11,21,0,0,0.05,0.9,0.2,0.1,0,0,0.3,41,87.2,1,26.5,114.7,86.2,0.8,137.897
1504,raisin bread toasted,roti kismis panggang,86,1.4,16.5,1.8,2.5,1.4,0,0.1,8.1,0,27,77,0,0.1,1,1,65,0.1,0,13,89,20.9,0.9,8.1,34.2,71.3,0.2,43.7
1505,cracked wheat bread,roti gandum pecah,74,1.1,14,0,2.5,1.6,0,0.2,10.1,0,0.1,11,0,42,1,0.1,0.08,0,0,0,0,12.2,0.8,14.7,43.3,50.1,0.4,32.2
1506,garlic bread,roti bawang,151,7.1,17.9,1.6,3.6,1.1,0,0.2,13.7,67,0.2,34,52,37,1.8,0.3,0.04,95,58,0.5,12,11.6,1.3,9.9,37.4,44.3,0.4,42.646
1507,rye bread toasted,roti gandum panggang,82,1,15.4,1.2,2.7,1.9,0,0.2,9,0,0.1,39,0,19,1.1,9,76,47,0,0.1,48,23.2,0.9,12.5,40,53.1,0.4,45.128
1508,whole wheat bread,roti gandum utuh,128,2.5,23.6,1.8,3.9,2.8,0,0.2,15,0,0.1,84,0,0.1,1.8,0.2,43,0,0,0.3,7,15.2,1.4,37.3,86,144.4,0.7,49.4
1509,whole wheat bread toasted,roti gandum utuh panggang,128,2.5,23.7,1.8,3.9,2.8,0,0.2,10.9,0,0.1,12,0,0.03,1.7,0.1,49,0,0,0.4,48,15.1,1.4,37.4,86.1,144.9,0.7,49.4
1510,pan dulce bread,roti manis pan dulce,231,7.3,35.5,7.9,5.9,1.4,18.9,0.1,13.6,48,0.2,38,82,0.1,2.2,0.4,58,0.8,0,0.2,49,54.2,1.8,15.1,59.2,64.9,0.5,106.92
1511,rice bran bread toasted,roti bekatul panggang,66,1.3,11.8,1.3,2.4,1.3,0,26,9,0,0.1,64,0,0,1.7,15,73,0,0,0.2,64,18.8,1,19,43.5,53,0.3,36.6
1512,pita bread whole wheat,roti pita gandum utuh,74,0.7,15.4,0.2,2.7,2.1,0,0.1,8.6,0,83,68,0,73,0.8,0.2,28,0,0,0.2,76,4.2,0.9,19.3,50.4,47.6,0.4,26
1513,wheat germ bread toasted,roti gandum panggang,73,0.8,13.6,1,2.7,0.6,0.3,0.2,7.3,0,11,84,63,22,1.1,63,76,0.03,0,0.1,92,25,1,9.5,43.8,71.3,0.4,43.706
1514,pumpernickel bread,roti pumpernickel,65,0.8,12.4,0.1,2.3,1.7,0,0.2,9.9,0,34,0.06,0,94,0.8,0.1,65,0,0,0.1,1,17.7,0.7,14,46.3,54.1,0.4,35.6
1515,frybread,roti goreng,502,18.6,73.4,3.1,10.2,0,10.6,0.5,48,0,0.7,0.2,0,0.3,7,0.2,92,0,0,0,58,86.6,6.1,27.4,187,117,0.5,194.9
1516,white bread toasted,roti putih panggang,83,1.1,15.4,1.3,2.5,0.7,0.3,0.2,8.6,0,0.1,5,0,0.07,1.1,0.01,77,0,0,14,94,33.7,0.9,7.4,29.1,37.1,0.2,54.3
1517,piki bread,roti piki,109,2,20.2,0.4,2.5,2.6,0,28,2.5,0,23,0,0,93,0.8,0.2,0.2,0,0,0.2,78,51.5,1.7,50.7,104.7,169.1,1.1,80.5
1518,wheat bread toasted,roti gandum panggang,75,1,13.4,1.5,3.1,1.1,0,0.1,5.8,0,0.1,48,0,45,1.5,0.1,68,8,0,87,86,39.6,1,14.2,45.1,53.5,0.4,59.243
1519,pita bread,roti pita,165,0.7,33.4,0.8,5.5,1.3,0,0.3,19.3,0,0.4,12,0,0.2,2.8,0.2,95,0,0,0.2,1,51.6,1.6,15.6,58.2,72,0.5,94.1
1520,potato bread,roti kentang,85,1,15.1,3,4,2,0,0.1,10.7,0,16,59,37,12,77,0.4,0.3,84,0,24,0.2,72,72,0.7,74,118.1,51,22.272
1521,egg bread,roti telur,115,2.4,19.1,0.7,3.8,0.9,20.4,0.2,13.9,95,0.2,66,9,0.2,1.9,0.1,6,0,87,0.1,78,37.2,1.2,7.6,42.4,46,0.3,64.622
1522,oatmeal bread toasted,roti gandum panggang,73,1.2,13.2,2.2,2.3,1.1,0,0.1,7.8,43,11,79,0,86,0.8,26,38,4,0,0.1,23,18,0.7,10.3,34.3,38.5,0.3,36.622
1523,cheese bread,roti keju,196,10,21.5,1,5,1,4.8,0.4,10.1,7,0.2,7,14,0.1,1.6,0.2,0.08,0,56,0.7,35,43.2,1.2,8.2,57.6,40.3,0.5,81.937
1524,pumpernickel bread toasted,roti pumpernickel panggang,80,1,15.1,0.2,2.8,2.1,0,0.2,9.2,0,47,85,0,62,0.9,0.05,15,0,0,0.1,44,21.5,0.9,17.4,56.6,66.1,0.5,43.4
1525,raisin bread,roti kismis,88,1.4,16.7,1.8,2.5,1.4,0,0.1,10.8,0,0.1,37,0,0.1,1.1,0.1,3,52,0,0.05,32,21.1,0.9,8.3,34.9,72.6,0.2,44.09
1526,pumpernickel roll,gulungan pumpernickel,77,0.8,14.8,0.1,3,1.5,0,0.1,9,0,0.1,27,0,18,0.8,0.2,28,0,0,0.2,54,18.8,0.8,15.1,47.9,58.2,0.4,39.7
1527,cinnamon raisin bagel,bagel kismis kayu manis,71,0.4,14.4,1.6,2.5,0.6,0,47,8.3,98,0.08,0.03,0,0.05,0.8,0.1,45,0.2,0,22,81,4.9,1,7.3,26,38.5,0.3,24.016
1528,english muffin,muffin inggris,127,1.1,25.5,0.9,5,2.6,0,0.2,24.1,0,0.2,54,0,0.2,1.9,0.2,18,0,0,0.3,94,101.5,1.6,21.1,61,106,0.6,137.3
1529,rye dinner roll,roti gandum hitam,123,1.5,22.8,0.5,4.4,2.1,0,0.3,12.9,0,0.2,8,0,0.1,1.7,0.2,15,0,0,0.1,28,12.9,1.2,23.2,68.4,77.4,0.4,44.9
1530,bagel,roti bagel,245,1.5,47.9,6,10,4,0,0.4,36.8,0,0,0.4,68,0,0.2,3.3,0.4,0.1,0,0,0.3,19,0.2,2.7,1.4,139.2,99,63.783
1531,oat bran bagel,bagel dedak gandum,176,0.8,36.8,1.1,7.4,2.5,0,0.4,22.7,31,0.2,53,0,0.2,2,0.3,5,0.1,0,0.2,14,8.3,2.1,21.4,75.9,79.4,0.6,58.051
1532,pain au chocolat de la boulangerie,sakit au coklat de la boulangerie,235,12,0,0,0,0,0,0,0,0,0,0,0,0,0,0,0,0,0,0,0,0,0,0,0,0,0,12
1533,vanilla wafers low fat,wafer vanila rendah lemak,353,12.2,58.9,30,4,1.5,40.8,0.3,4.1,37,0.2,45,28,0.3,2.5,0.3,27,0,0,0.2,82,38.4,1.9,11.2,83.2,77.6,0.3,116.995
1534,chocolate chip cookies mcdonalds,kue kering coklat mcdonalds,136,6.4,18.7,9.6,1.6,0.6,18.4,58,1.2,3,63,46,82,51,0.6,0.2,0.03,0,0,0.2,0,9.6,1.1,11.3,29.7,54.9,0.2,38.09
1535,gingersnap cookies,kue jahe,29,0.7,5.4,1.4,0.4,0.2,0,12,0.4,0,26,0,0,7,0.2,16,0.09,0,0,0.07,63,5.4,0.4,3.4,5.8,24.2,0.06,12.5
1536,biscotti abbracci mulino bianco,biscotti abbracci mulino bianco,54,2.6,0.8,51,0.4,0,0,0,0,0,0,0,0,0,0,0,0,0,0,0,0,0,0,0,0,0,0,3.8
1537,chocolate chip cookie,kue coklat chip,63,2.8,9.3,5.3,0.5,0.3,0,47,1.4,13,0,93,95,0,68,0.3,68,52,0,0,0.2,36,49,0.6,26,8.7,34,13.122
1538,brownie,kue brownies,243,9.8,38.3,22,2.9,1.3,10.2,0.2,8.2,0.02,0.2,46,98,0.1,1,0.3,92,0,0,98,48,17.4,1.4,18.6,60.6,89.4,0.4,71.166
1539,shortbread cookies,kue kering,40,1.9,5.2,1.2,0.5,0.1,1.6,97,0.3,18,23,0.05,53,23,0.3,11,27,0,0.01,63,42,2.8,0.2,1.4,8.6,8,5,10.729
1540,oatmeal cookies with raisins,kue gandum dengan kismis,65,2.4,10.3,0,1,0,5,22,1,96,15,69,37,88,0.2,53,6,78,0,0,0,15,0.4,6.3,24.2,35.9,0.1,29.198
1541,peanut butter sandwich cookies,kue sandwich selai kacang,67,3,9.2,5,1.2,0.3,0,98,0.4,39,17,38,33,33,0.5,0.1,68,93,0,0.3,0.1,7.4,0.4,6.9,26.3,26.9,0.1,21.624
1542,peanut butter cookies,kue selai kacang,95,4.8,11.8,0,1.8,0,6.2,0.1,1.2,66,44,92,23,0.06,0.7,25,79,32,0,0,0,7.8,0.4,7.8,23.2,46.2,0.2,26.738
1543,vanilla sandwich cookie,kue sandwich vanila,72,3,10.8,5.9,0.7,0.2,0,44,0.3,0,96,36,0,0.08,0.4,36,85,0,0,0.2,85,4.1,0.3,2.1,11.3,13.7,51,19.1
1544,sugar wafers with creme filling,wafer gula dengan isi krim,51,2.3,7.1,4.3,0.4,0.2,0,0.06,0.2,0,16,69,0,31,0.2,0.03,51,0,0,0.3,59,2.7,0.4,1.6,7.3,11.8,74,13.1
1545,cheese puffs,kue keju,197,12.8,18.6,1.1,2.1,0.6,2.5,0.3,0.6,12,0.01,39,35,65,1.6,0.3,92,0,0,1.5,43,20,0.7,6.3,44.8,66.2,0.2,54.854
1546,saltine crackers,kerupuk asin,13,0.3,2.2,63,0.3,22,0,67,0.1,37,0,75,97,33,94,0.2,17,62,0,0,71,59,25,0.2,88,3.3,39,3.081
1547,trail mix,campuran jejak,139,8.8,13.5,0,4.1,0,0,14,2.8,0,0.1,2,0,27,1.4,0.3,77,0.4,0,0,0,23.4,0.9,47.4,103.5,205.5,1,51.1
1548,corn cones,kerucut jagung,144,7.6,17.8,0,1.6,0.3,0,0.3,0.6,0,97,79,0,32,0.4,11,95,0,0,0,0,0.8,0.7,3.1,12.5,22.9,32,28.8
1549,breadsticks,roti batangan,103,2.4,17.1,0.3,3,0.8,0,0.2,1.5,0,0.1,22,0,0.1,1.3,0.1,15,0,0,0.3,38,5.5,1.1,8,30.3,31,0.2,29.9
1550,milk crackers,kerupuk susu,50,1.7,7.7,1.8,0.8,0.2,1.2,95,0.5,73,78,56,0.09,0.09,0.5,32,55,17,0,0.1,16,18.9,0.4,2.4,33.3,12.5,22,29.845
1551,matzo crackers whole wheat,kerupuk matzo gandum utuh,98,0.4,22.1,0,3.7,3.3,0,2,1.3,0,0.1,88,0,13,1.5,0.3,78,0,0,0,0,6.4,1.3,37.5,85.4,88.5,0.7,37.2
1552,matzo crackers with egg,kerupuk matzo dengan telur,109,0.6,22,0,3.4,0.8,23.2,57,1.8,77,0.2,41,6,0.2,1.4,0.1,39,0.07,0,0,0,11.2,0.8,6.7,41.4,42,0.2,38.972
1553,granola bites,gigitan granola,23,0.9,3.3,1.5,0.4,0.3,0,67,0.4,0,44,13,0.02,0.03,23,0.1,41,86,44,0,0.1,15,74,24,17,10.8,16,5.042
1554,crackers whole wheat,kerupuk gandum utuh,120,4,19.5,0.3,3,2.9,0,0.2,0.8,0,74,68,0,11,1.3,0.2,74,0,0,0.4,75,10.1,0.9,30.8,92.7,96.6,0.7,40.4
1555,tropical trail mix,campuran jejak tropis,619,23.9,91.8,0,8.8,0,0,0.1,12.6,0,0.6,99,0,0.2,2.1,1.7,0.5,10.6,0,0,0,79.8,3.7,134.4,260.4,992.6,1.6,218.6
1556,soft pretzels,pretzel lembut,389,3.6,79.8,0.3,9.4,2,3.5,0.9,17.3,0,0.5,79,0,0.3,4.9,0,2,0,0,0.6,71,26.5,4.5,24.2,90.9,101.2,1.1,125.8
1557,corn tostada shell,kulit tostada jagung,58,2.9,7.9,0,0.8,0.7,0,84,0.4,0,0.08,0,0,27,0.2,85,31,0,0,0,0,9.3,0.2,9.3,25,29.2,0.2,21.8
1558,matzo crackers,kerupuk matzo,111,0.4,23.4,98,2.8,0.8,0,0,1.2,0,0.1,77,0,13,1.1,0.1,78,0,0,26,47,3.6,0.9,7,24.9,31.4,0.2,31.9
1559,sesame crunch,renyah wijen,9,0.6,0.9,0.6,0.2,0.1,0,27,73,0,61,51,0,15,25,49,13,0,0,2,0,11.5,19,4.5,7.4,5.5,13,13.351
1560,trail mix with chocolate chips,campuran makanan ringan dengan kepingan coklat,707,46.6,65.6,0,20.7,0,5.8,0.2,9.6,0,0.6,0.01,0,0.3,6.4,1.4,0.4,1.9,0,0,0,159.1,4.9,235.1,565,946.1,4.6,298.8
1561,cracker meal,makanan kerupuk,440,2,93,0.4,10.7,3,0,78,8.7,0,0.8,0.2,0,0.5,6.6,0.5,17,0,0,0.5,53,26.5,5.3,27.6,119.6,132.3,0.8,140.5
1562,puffed rice,nasi kembung,153,0.2,34.1,0,2.4,0.6,0,53,1.1,0,1,93,0,0.7,13.4,0.1,55,0,0,0,0,2.3,12,9.5,37.2,42.9,0.4,51.6
1563,filinchen gutena,burung pipit kecil,19,0.2,0.5,28,0.4,0,0,0,0,0,0,0,0,0,0,0,0,0,0,0,0,0,0,0,0,0,0,1.1
1564,melba toast crackers,kerupuk roti panggang melba,117,1,23,0.3,3.6,1.9,0,0.2,1.5,0,0.1,55,0,71,1.2,0.2,87,0,0,0.1,29,27.9,1.1,17.7,58.8,60.6,0.6,58.5
1565,matzo crackers with egg onion,kerupuk matzo dengan telur dan bawang,109,1.1,21.6,0,2.8,1.4,12.6,52,2,62,0.2,69,18,0.1,1.4,0.2,36,26,0,0,0,10.1,1.2,8.4,24.9,23.2,0.2,38.316
1566,cornnuts,kacang jagung,126,4.4,20.3,0.2,2.4,2,0,0.2,0.4,0,24,0,0,15,0.5,0.1,94,0,0,0.6,97,2.5,0.5,32,77.8,78.7,0.5,32.1
1567,bagel chips,keripik bagel,789,26.5,116.1,10.5,21.6,7.2,0,0.4,8.8,0,0.9,0.2,0,0.6,13.4,0.8,0.2,0,0,1.4,31,42,8.8,68.3,229.3,245,1.8,222.2
1568,pretzels,kue pretzel,115,0.9,24.1,0.7,3,1,0,0.4,0.9,37,0,0.1,84,0,26,1.6,0.1,84,0.6,0,0.1,0.01,0.08,1.4,0.3,38.4,0.01,29.214
1569,potato raw,kentang mentah,164,0.2,37.2,1.7,4.3,4.7,0,72,169,0,0.2,2,0,0.02,2.2,0.6,0.6,42,0,59,43,25.6,1.7,49,121.4,896.7,0.6,115.7
1570,gatto di patate home made,gatto di patate buatan sendiri,202,9.4,4,3.6,0,0,0,0,0,0,0,0,0,0,0,0,0,0,0,0,0,0,0,0,0,0,0,13.4
1571,baked potato,kentang panggang,161,0.2,36.6,2,4.3,3.8,0,97,129.6,0,0,0.1,1,0,56,2.4,0.7,0.5,16.6,0,34,57,0.2,1.9,0.4,121.1,28,45.667
1572,potato sticks,batang kentang,188,12.4,19.2,6,2.4,1.2,0,0.2,0.8,0,41,43,0,62,1.7,0.1,0.1,17,0,3.3,89,6.5,0.8,23,61.9,445.3,0.4,59.5
1573,potato cooked,kentang yang dimasak,52,6,12.1,0.5,1.1,1.2,0,35,46.2,0,26,82,0,29,0.9,0.3,0.2,7.8,0,43,42,3,0.2,13.2,26.4,227.4,0.2,25.487
1574,vivaldi potatoes sainsburys,kentang vivaldi sainsburys,23,0.1,0,0,0,0,0,0,0,0,0,0,0,0,0,0,0,0,0,0,0,0,0,0,0,0,0,0.1
1575,potato ham chowder soup,sup kentang dan ham,192,12.5,13.4,0,6.5,1.4,21.6,0.9,204.7,0,0,0,0,0,0,0,0,0,0,0,0,0,1.7,0,0,0,0,35.5
1576,russet potato raw,kentang russet mentah,292,0.3,66.7,2.3,7.9,4.8,0,68,290,0,0.3,56,0,0.1,3.8,1.1,1.3,21,0,97,83,48,3.2,84.9,203,1538.7,1.1,151.9
1577,russet potato baked,kentang panggang russet,290,0.4,64.1,3.2,7.9,6.9,0,84,222.6,0,0.2,61,0,0.1,4,1.1,1.1,24.8,0,0.2,84,53.8,3.2,89.7,212.3,1644.5,1,161.1
1578,french fries,kentang goreng,13,0.4,2.2,88,0.2,0.2,0,56,5.9,0,43,19,0,42,0.2,76,85,1.5,0,61,86,0.8,76,1.9,7.4,36.3,18,5.362
1579,potato scalloped,kentang bergelombang,216,9,26.4,0,7,4.7,29.4,0.8,198.3,0,0.2,18,0,0.2,2.6,1.3,0.4,26,0,0,0,139.7,1.4,46.6,154.4,926.1,1,214.2
1580,cottage fries,kentang goreng,11,0.4,1.9,19,0.2,0.2,0,58,4.4,0,26,63,0,86,0.1,3,16,0.8,0,43,76,0.9,25,1.9,6.7,32.5,27,4.413
1581,mashed potatoes,kentang tumbuk,215,6.8,35.5,1.2,4,3.1,0,0.7,192.7,79,23,13,49,5,2.6,0,0.3,0,0,1,78,43.6,0.8,36.3,142.8,692.1,0.5,93.836
1582,mashed potato with milk and butter,kentang tumbuk dengan susu dan mentega,237,8.9,35.3,3,3.9,3.2,23.1,0.7,158.8,26,0.2,23,0.05,69,2.3,1,0.5,12.6,0.08,0.3,33,50.4,0.5,37.8,94.5,596.4,0.6,114.854
1583,red potato raw,kentang merah mentah,149,0.3,33.9,2.7,4,3.6,0,0.02,172.4,0,0.2,26,0,0.06,2.4,0.6,0.4,18.3,0,3,51,21.3,1.6,46.9,129.9,969.2,0.7,83
1584,potato skin raw,kulit kentang mentah,22,99,4.7,0,1,1,0,53,31.7,0,55,31,0,24,0.4,0.1,38,4.3,0,0,0,11.4,1.2,8.7,14.4,156.9,0.1,23.697
1585,hash brown potato,kentang goreng,144,9,15.3,0.3,1.4,1.4,0,0.3,26.1,41,0,23,12,0,55,1,0.1,68,2.9,0,1.4,69,4,0.3,99,51.9,43,27.245
1586,baked chips lays,keripik panggang,130,2,0,0,0,0,0,0,0,0,0,0,0,0,0,0,0,0,0,0,0,0,0,0,0,0,0,2
1587,corn chips,keripik jagung,162,10,17.2,31,1.9,1.2,0,0.2,0.3,21,66,62,86,0,76,0.3,0.2,73,0,0,2.2,68,21,0.4,0.1,58.2,42,30.501
1588,nacho cheese tortilla chips low fat,keripik tortilla keju nacho rendah lemak,90,1,18.5,0.8,2.4,1.8,0.6,0.2,0.5,0,58,36,3,39,0.4,48,88,1.6,0,1,88,36.2,1.4,28,69.3,112.1,1,62.9
1589,corn chips barbecue,keripik jagung panggang,1036,64.7,111.3,0,13.9,10.3,0,1.5,2.4,0,0.1,14,0,0.4,3.3,0.3,0.5,3.4,0,0,0,259.4,3,152.5,409.9,467.3,2.1,466
1590,corn chips unsalted,keripik jagung tawar,490,29.4,50.5,1.2,5.8,3.9,0,24,0.9,0,0.1,28,0,0.1,1.3,0,0.2,1.8,0,1.2,26,109.1,1.5,61.6,161.9,162.8,0.7,202
1591,potato chips fat free,keripik kentang bebas lemak,860,1.4,190.1,8.4,21.9,17,0,1.5,4.5,0,2.5,0.1,0,0.3,14.6,0,1.8,21.1,0,29,6,79.5,8.1,158.9,379.1,3695.6,1.7,339.1
1592,sweet chilli kettle baked chips,keripik panggang cabai manis,99,2.2,2.1,0.4,2,0,0,0,0,0,0,0,0,0,0,0,0,0,0,0,0,0,0,0,0,0,0,6.3
1593,taro chips,keripik talas,11,0.6,1.6,0.04,49,0.2,0,22,64,0,88,67,0,77,0.03,0.1,91,0.1,0,0.3,78,1.4,8,1.9,3,17.4,69,4.042
1594,potato chips reduced fat,keripik kentang rendah lemak,801,35.4,113.7,0.4,12.1,10,0,0.8,1.7,0,0.4,28,0,0.5,11.9,0.5,1.1,43.7,0,9.3,76,35.7,2.3,151.3,328.1,2964.8,0.1,252.9
1595,onion snacks,cemilan bawang,150,6.8,19.5,1.4,2.3,1.2,0,0.3,0.6,87,92,0.01,0,48,1,61,84,0.5,0,0.8,3,8.7,1.1,8.4,21.6,42.9,86,40.199
1596,potato chips cheese,keripik kentang keju,843,46.2,98.1,0,14.5,8.8,6.8,0.8,3.1,57,0.3,0,0,0.3,8.5,1.3,0.6,92,0,0,0,122.4,3.1,127.5,508.3,2597.6,1.5,385.109
1597,yuca cassava chips,keripik singkong singkong,9,0.4,1.2,6,54,2,0,41,62,0,49,0,0,87,58,0.06,66,0,0,67,47,0.9,99,0.8,1.7,14.8,78,2.621
1598,tortilla chips low fat,keripik tortilla rendah lemak,117,1.6,22.6,0.2,3.1,1.5,0,0.1,0.5,0,89,52,0,1,0.1,0,3,95,0,0.2,43,45,0.5,27.5,90,77,0.3,74.368
1599,ranch flavor tortilla chips,keripik tortilla rasa peternakan,992,48.8,124.2,6,14.2,7.9,0,1,6.2,0,93,0,0,0.1,2.6,1.2,0.4,0,0,0,73,265.3,2.7,172.3,499,512.8,2.8,463.1
1600,potato chips,keripik kentang,161,10.4,15.9,7,2.1,1.4,0,21,0.6,0,86,45,0,6,1.1,1.3,0.2,9.3,0,2.7,0.02,7.2,0.5,20.1,49.5,382.5,0.3,46.8
1601,tortilla chips,keripik tortila,142,6.2,20.3,0.2,2.1,1.6,0,77,0.8,0.2,0,6,71,31,57,0.3,0.4,92,0,0,1.1,14,0.2,0.5,0,67.5,41,30.699
1602,sweet potato chips,keripik ubi jalar,149,9.1,15.9,2.5,0.8,2.5,0,0.05,1.3,0,13,88,0,69,0.6,0.4,0.1,0,0,2.7,0.08,16.5,0.6,18.2,40.6,259,0.1,45.4
1603,nacho cheese tortilla chips,keripik tortilla keju nacho,156,8.2,18.2,0.8,2.2,1.5,0,0.2,0.5,21,0.2,23,85,0,21,0.4,0.2,38,0.1,0,0,2,71,0.3,0.1,75.6,72,30.369
1604,vegetable chips,keripik sayur,134,6.6,17.1,1.1,1.5,1.3,0,0.3,1.8,0,19,2,0,25,0.8,0.1,0.2,1.4,0,1.4,27,14.7,0.4,15,36.8,237.2,0.1,43
1605,taco flavor tortilla chips,keripik tortilla rasa taco,1090,54.9,143.2,0,17.9,12,11.4,1.8,3.6,0,0.5,22,0,0.5,4.5,0.7,0.7,2,0,0,0,351.9,4.6,199.8,542.5,492.6,2.9,586.5
1606,potato chips barbecue,keripik kentang panggang,970,64.2,104.5,14,15.2,8.7,0,1.3,3.8,0,0.4,0.2,0,0.4,9.3,1.2,1.2,67.1,0,12.2,15,99,3.8,148.5,368.3,2496.8,1.9,362.5
1607,pita chips,keripik pita,137,4.6,20.5,1.4,3.5,1.1,0,0.3,0.6,33,0,0.2,42,0,77,2.1,0.2,39,0,0,2.1,51,65,1.4,0.2,37.2,3,29.893
1608,potato chips sour cream and onion,keripik kentang krim asam dan bawang,1051,67.1,102,0,16,10.3,13.9,1.1,3.6,73,0.4,0.1,79,0.4,8,1.6,1.3,73.9,0,0,0,142.6,3.2,146.5,348.5,2635.4,1.9,415.171
1609,adobo fresco,lukisan dinding adobo,780,60.2,53.6,5.8,5.8,3.7,0,49.4,63.6,0,0.1,94,0,37,1.4,0,0,16.7,0,7.7,88,354.2,9.2,66.2,109.4,538.6,0.7,503.4
1610,chili pepper sauce red,saus cabai merah,3,89,0.6,0.4,0.1,0.1,0,3,14.1,0,42,93,0,42,41,0,0.02,4.5,0,5,18,1.4,51,1.8,2.4,84.6,37,6.755
1611,creamy ranch sauce mcdonalds,saus ranch krim mcdonalds,132,14.7,1,1,0.3,0,5.9,0.2,11.7,0,9,0,7,75,9,21,6,0,0,1,0,8.2,39,0.8,8.5,22.1,71,24.274
1612,catsup,saus tomat,19,66,4.5,3.7,0.2,53,0,0.2,11.8,0,2,38,0,73,0.2,91,45,0.7,0,0.2,94,2.7,73,2.6,4.8,53.6,15,8.299
1613,chili pepper sauce green,saus cabai hijau,3,32,0.8,0.4,0.1,0.3,0,0.03,14.1,0,2,0.07,0,46,0.1,0,0.07,10.2,0,6,36,0.8,23,1.8,2.1,84.6,0.09,12.206
1614,red wine vinegar,cuka anggur merah,3,0,11,0,55,0,0,92,14.1,0,0,0,0,0,0,0,0,53,0,0,0,0.9,49,0.6,1.2,5.8,65,1.221
1615,fish sauce,saus ikan,6,13,0.7,0.7,0.9,0,0,1.4,12.8,58,52,43,47,31,0.4,86,93,12,0,0,0,7.7,0.1,31.5,1.3,51.8,57,9.498
1616,coleslaw dressing reduced fat,saus coleslaw rendah lemak,56,3.4,6.8,6.6,0,45,4.3,0.3,6.3,0,57,0,0.01,84,97,71,96,0,0,0.3,68,6.1,0.08,0.9,5.1,8.5,71,16.403
1617,sour dressing,saus asam,21,2,0.6,0.6,0.4,0,0.6,94,9,23,46,46,75,0.02,33,0.08,84,0.1,0,0.2,24,13.6,91,1.2,10.4,19.4,64,16.853
1618,guava sauce cooked,saus jambu biji matang,86,0.3,22.6,14,0.8,8.6,0,17,213.2,0,54,62,0,47,1,0,0.2,348.4,0,1.3,8,16.7,0.4,16.7,26.2,535.5,0.4,397.8
1619,pizza sauce,saus pizza,136,2.9,21.8,9.5,5.5,5,0,0.9,218.5,0,0,0.2,74,0,0.1,3.6,0.9,0.3,28.5,0,0,0,0.3,2.3,0.6,126,0,35.8
1620,sweetn sour sauce mcdonalds,saus asam manis mcdonalds,48,0.3,11,10,0.2,0,0,0.2,16.1,0,37,0,0,0.06,0.1,42,69,0.3,0,0.2,0,1.7,0.2,1.7,4.5,27.7,0.05,13.7
1621,nance syrup,sirup nance,4,2,0.8,0.6,28,0.3,0,35,2.8,0,35,0,0,84,69,0,12,0.4,0,0,0,1.6,13,0.6,0.3,7.2,0,3.227
1622,french dressing reduced fat,saus perancis rendah lemak,37,2.2,4.7,4.6,72,0.2,0,72,8.7,0,66,66,0,85,49,68,94,0,0,0.5,7,1.8,0.1,1.3,2.6,17.1,79,9.052
1623,peppercorn dressing,saus merica,76,8.2,0.5,0.3,0.2,0,6.6,0.1,4.3,91,0,12,17,0,0,0,0.02,0.09,89,0.6,49,2.9,55,0.3,3.5,23.6,11,11.946
1624,sorghum syrup,sirup sorgum,61,0,15.7,15.7,0,0,0,96,4.8,0,0.03,0,0,51,0.02,0.2,0.1,0,0,0,0,31.5,0.8,21,11.8,210,46,48
1625,ranch dressing fat free,saus ranch bebas lemak,17,0.3,3.7,0.7,39,88,1,0.1,9.6,78,79,0.04,0,0.06,7,0.1,22,0,0,33,77,7,0.1,1.1,15.8,15.5,41,11.204
1626,caesar dressing low calorie,saus caesar rendah kalori,17,0.7,2.8,2.4,28,53,0.3,0.2,11,87,38,65,0,79,36,89,0,0,0,0.1,96,3.6,16,0.3,2.9,4.4,29,7.293
1627,sweet sour dressing,saus asam manis,2,0,0.6,0.6,82,0,0,65,15.3,0,73,57,0,0,17,91,0.04,1.3,0,0.4,73,0.6,78,0.5,0.5,5.3,99,2.587
1628,mayonnaise imitation fat free,mayones imitasi bebas lemak,13,0.4,2.5,1.6,43,0.3,1.4,0.1,12.6,0,0,0,0,29,0,0,0,0,0,0.04,23,1,8,0.3,0.8,7.8,37,4.313
1629,sofrito,sofrito,488,37.5,11.2,0,26.4,3.5,0,2.4,122.9,0,0.6,36,0,0.4,6,1.2,0.7,42,0,0,0,41.2,1.9,51.5,286.3,826.1,2.9,163.7
1630,turkey gravy instant,kuah kalkun instan,27,1,3.9,0.5,0.8,0.3,1.6,0.3,0.4,35,13,42,57,48,29,91,15,92,0,46,0.06,7.7,0.6,2,13.6,20.5,32,14.333
1631,teriyaki sauce,saus teriyaki,16,15,2.8,2.5,1.1,16,0,0.7,12.2,0,74,36,0,91,0.2,68,0.09,0,0,0,0,4.5,0.3,11,27.7,40.5,49,8.733
1632,tomato sauce,saus tomat,59,0.7,13,8.7,2.9,3.7,0,83,223.6,0,29,32,2,0,0.2,2.4,0.8,0.2,17.2,0,3.5,83,0.3,2.4,0.3,66.2,0.09,20.864
1633,barbecue sauce kraft,saus barbekyu kraft,28,53,6.5,5.2,0.1,32,0,0.2,8.7,0,69,0,0,1,73,0.09,2,31,0,0.1,0,7.5,0.1,2.4,3,39.5,6,14.388
1634,cranberry sauce sweetened,saus cranberry yang dimaniskan,418,0.4,107.8,105,0.6,2.8,0,76,168,0,0,33,0,93,0.3,0,29,5.5,0,2.3,75,11.1,0.6,8.3,16.6,72,0.1,128.8
1635,coleslaw dressing,saus coleslaw,62,5.3,3.8,3.2,0.1,24,4.2,0.1,6.4,32,21,55,79,78,0,49,17,0,57,0.5,0.01,2.2,0.01,0.3,4.2,1.4,62,11.62
1636,onion gravy dry,saus bawang kering,77,0.7,16.2,0,2.2,1.4,0.5,1,1,0,17,61,82,46,0.9,26,68,1.7,0,0,0,67.2,0.2,8.2,48.7,62.9,0.2,89.6
1637,corn syrup light,sirup jagung ringan,62,0.09,16.9,16.9,0,0,0,65,5,0,47,0,0,0,0,0,0,0,0,0,0,2.9,0,0.2,0,0.2,15,19.806
1638,bacon tomato dressing,saus tomat bacon,49,5.3,0.3,0.3,0.3,0.04,0.6,0.1,8.8,64,83,0,35,91,0.1,0,33,1.3,0,0.6,31,0.6,57,0.9,3.8,16.2,45,7.942
1639,pancake syrup,sirup panekuk,53,75,13.9,8.4,0,0,0,64,6,0,24,0,0,37,36,75,0,0,0,0,0,1,38,0.4,2,1.2,97,15.031
1640,balsamic vinegar,cuka balsamik,14,0,2.7,2.4,41,0,0,71,12.2,0,0,0,0,0,0,0,0,0,0,0,0,4.3,0.1,1.9,3,17.9,33,7.129
1641,ranch dressing reduced fat,saus peternakan rendah lemak,29,1.9,3.2,0.6,0.2,0.2,2.4,0.2,9.3,22,49,81,0,98,44,0.1,18,51,0,0.2,12,6,0.1,0.9,29,19.8,35,11.727
1642,barbecue sauce mcdonalds,saus barbekyu mcdonalds,46,0.3,10.3,9.6,0.4,0.4,0,0.3,16.2,0,32,76,0,25,0.2,71,88,0,0,0.3,0,3.1,0.1,3.6,8.4,55.2,97,14.6
1643,vinegar oil dressing,saus minyak cuka,72,8,0.4,0.4,0,0,0,76,7.6,0,0,0,0,0,0,0,0,0,0,0.7,24,0,0,0,0,1.3,0,8.4
1644,poppyseed dressing,saus biji poppy,66,5.5,4,3.9,0.2,0.03,2.5,0.1,6.4,5,0.03,14,38,69,83,27,92,0.04,53,0.4,44,9.7,48,1.5,8.1,10.1,91,19.612
1645,honey mustard dressing,saus mustard madu,70,6.1,3.5,2.4,0.1,57,4.4,19,4.9,82,31,56,47,78,3,68,17,6,92,0.5,85,1.8,0.07,0.8,3.3,3,44,11.752
1646,french dressing fat free,saus perancis bebas lemak,21,24,5.1,2.6,0.01,0.4,0,0.1,10.4,0,0.04,27,0,0,72,71,0,0,0,32,17,0.8,81,0.5,0,13.4,0.01,6.399
1647,vinegar,cuka,3,0,89,63,0,0,0,24,14.1,0,0,0,0,0,0,0,0,0,0,0,0,0.9,2,0.1,0.6,0.3,28,01.02
1648,spray dressing,semprotan pembalut,13,0.9,1.3,1.1,0.07,75,0,12,5.7,0,0,0,0,0,0,0,0,55,0,0,0,0.5,96,0,0,0,0,2.931
1649,honey mustard dressing fat free,saus mustard madu bebas lemak,25,0.2,5.8,2.7,0.2,0.2,0.2,0.2,8.4,0.01,77,49,0,19,93,1,39,0.3,0,0.1,18,3.6,53,2,5.6,10.4,61,10.426
1650,mushroom gravy,saus jamur,119,6.4,13,0,3,1,0,1.4,211.8,0,22,56,0,0.1,1.6,2.6,67,0,0,0,0,16.7,1.6,4.8,35.7,252.3,1.7,41.7
1651,white sauce,saus putih,368,26.6,22.9,11,9.6,0.5,17.5,0.9,187.2,0.3,0.2,18,55,0.5,1,0.8,0.1,2,12,0.7,34,295,0.8,35,245,390,1,357.7
1652,marinara pasta sauce,saus pasta marinara,129,3.9,19.9,14.5,3.7,4.8,5.3,1.1,230.7,0,21,62,0,0.2,10.3,0.2,0.5,5.3,0,6.3,42,71.3,2.1,47.5,89.8,842.2,0.5,111
1653,tomato sauce with mushrooms,saus tomat dengan jamur,86,0.3,20.7,14.1,3.6,3.7,0,1.1,215.5,0,0.2,16,0,0.3,3.1,0.9,0.3,30.4,0,4.7,49,31.9,2.2,46.6,78.4,931,0.5,92.8
1654,pork gravy powder,bubuk kuah daging babi,25,0.6,4.3,1.7,0.6,0.2,0.7,0.4,0.3,2,11,0.04,63,37,0.2,94,15,95,0,7,56,9.3,0.3,2.3,12.6,15.7,9,15.363
1655,beef gravy,kuah daging sapi,123,5.5,11.2,0.5,8.7,0.9,7,1.5,203.8,79,68,67,25,64,1.5,27,49,0,0,13,5,14,1.6,4.7,69.9,188.7,2.3,41.982
1656,green goddess dressing,saus dewi hijau,64,6.5,1.1,1,0.3,94,6,0.1,6.8,52,76,48,71,0.04,42,0,28,37,0,0.7,61,5.1,67,1.1,4.7,8.7,81,13.2
1657,salsa con queso,saus dengan keju,358,23.8,27.9,4.9,7.9,1.8,22.5,2,184.3,69,0.06,95,41,0.2,0.3,1.4,0.1,1,0,4.7,0.09,245,0.4,20,500,262.5,1,307.813
1658,cocktail sauce,saus koktail,19,0.2,4.2,1.8,0.2,0.3,0,0.2,9.9,2,78,66,0,69,0.1,33,42,1.7,0,0.2,14,3.9,0.1,2.6,4.5,46.4,86,10.667
1659,worcestershire sauce,saus worcestershire,13,0,3.3,1.7,0,0,0,0.2,13.4,36,23,9,0,51,0.1,0,0,2.2,0,36,42,18.2,0.9,2.2,10.2,136,23,24.673
1660,barbecue sauce,saus barbekyu,29,0.1,6.9,5.7,0.1,0.2,0,0.2,9.3,0,64,37,0,86,0.1,5,35,0.1,0,0.1,27,5.6,0.1,2.2,3.4,39.4,38,13.1
1661,tomato sauce with onions,saus tomat dengan bawang bombay,103,0.5,24.4,0,3.8,4.4,0,1.3,210.9,0,0.2,3,0,0.3,3,0.9,0.7,31.1,0,0,0,41.7,2.3,46.6,95.6,1011.9,0.6,108.2
1662,brown gravy dry,kuah coklat kering,22,0.6,3.6,0,0.6,0.1,0.2,0.3,0.3,33,13,29,11,39,0.2,59,61,48,0,0,0,7.9,0.1,2,12.2,15.7,13,13.021
1663,blue cheese dressing light,saus keju biru ringan,14,0.4,2.1,0.6,0.3,0,1.6,0.2,12.4,81,71,55,0.05,12,88,0,41,0,0,0.1,52,10.9,42,0.6,7.5,8.2,73,13.835
1664,spanish tomato sauce,saus tomat spanyol,81,0.7,17.7,0,3.5,3.4,0,1.2,217.4,0,0.2,53,0,0.2,3.2,0.7,0.4,21,0,0,0,41.5,8.5,46.4,117.1,900.4,0.8,96.3
1665,oyster sauce,saus tiram,9,66,2,0,0.2,24,0,0.5,14.4,0,89,5,0.05,49,0.3,9,23,36,0,0,0,5.8,69,0.7,4,9.7,22,8.095
1666,cheese sauce,saus keju,30,2.2,0.8,33,1.5,71,5.7,2,10,3,35,0.08,0,15,73,83,82,67,23,96,95,46.7,47,2.9,34.4,21.3,0.2,51.263
1667,hoisin sauce,saus hoisin,35,0.5,7.1,4.4,0.5,0.4,0.5,0.3,7.1,0,14,69,0,68,0.2,61,88,97,0,46,31,5.1,0.2,3.8,6.1,19,22,13.882
1668,pickle relish,acar,20,61,5.3,4.4,97,0.2,0,0.1,9.3,0,0,42,0,11,0.05,0.09,53,0.2,0,26,18,0.5,0.1,0.8,2.1,3.8,5,6.381
1669,tomato sauce with herbs cheese,saus tomat dengan keju herbal,144,4.7,25,0,5.2,5.4,7.3,1.3,203.6,0,0.2,35,0,0.3,2.9,0.7,8,24.4,0,0,0,90.3,2.1,46.4,131.8,868.6,0.9,157.1
1670,french dressing,saus perancis,73,7.2,2.5,2.6,0.1,0,0,0.1,5.8,0,0.02,0,15,0.02,91,0,0,0.6,0,0.8,65,3.8,0.1,0.8,3,10.7,84,14.3
1671,mayonnaise hellmanns,mayones hellmann,15,1.7,87,0.2,0,0,0,0,0,0,0,0,0,0,0,0,0,0,0,0,0,0,0,0,0,0,0,1.737
1672,canadian maple syrup,sirup maple kanada,76,0,19.1,17,0,0,0,86,9.1,0,13,0,0,0.4,62,0,0,0,0,0,0,30.8,88,5.9,0,63.7,0.2,49.95
1673,maple syrup,sirup maple,52,47,13.4,13.6,0.09,0,0,59,6.5,0,63,0,0,0.3,88,54,36,0,0,0,0,20.4,14,4.2,0.4,42.4,0.3,33.895
1674,barbecue sauce bulls eye,saus barbekyu bulls eye,27,0.1,6.4,5.6,0.1,0.2,0,0.2,8.8,0,3,0,0,85,0.1,53,0.05,94,0,0.1,0,6.9,0.1,2.6,3.5,42.1,41,13.891
1675,ranch dressing,saus peternakan,65,6.7,0.9,0.7,0.2,0,3.9,0.1,6.9,67,98,61,0.05,42,11,83,0.1,93,0,15,0.3,24,85,0.05,92,27.9,17,8.046
1676,tomato ketchup mp,saus tomat mp,15,0,0.2,0,0,0,0,0,0,0,0,0,0,0,0,0,0,0,0,0,0,0,0,0,0,0,0,0.2
1677,mayonnaise light,mayones ringan,36,3.3,1.4,0.5,32,0,2.4,0.1,9.9,3,6,82,94,0,0,73,0.09,0.09,0,0,0.3,0.05,39,58,56,2.3,61,4.966
1678,mayonnaise dressing,saus mayones,103,11.7,66,93,0,0,0,81,3.3,0,8,0,0,5,11,0,95,0,0,1.8,15,1.1,0,0.2,3.8,2.1,0.1,12.917
1679,malt syrup,sirup malt,67,0,15,15,1.3,0,0,0.05,4.4,0,99,91,0,95,1.7,95,0.1,0,0,0,0,12.8,0.2,15.1,49.6,67.2,48,29.3
1680,gravy dry,kuah kering,86,2,14.5,0,3.3,0,1,1.4,1,0,0.04,77,72,0.1,0.9,72,11,1.8,0,0,0,37.5,0.3,11.3,50.8,65.5,0.4,59.4
1681,cranberry orange relish,sambal cranberry jeruk,490,0.3,127.1,0,0.8,0,0,63,146.3,0,53,0,0,66,0.3,0,0,49.5,0,0,0,30.3,0.6,11,22,104.5,0,208.6
1682,caesar dressing,saus caesar,80,8.5,0.5,0.4,0.3,36,5.7,0.2,5,92,83,98,0,58,45,44,47,57,97,0.7,39,7.1,0.2,0.3,2.8,4.3,18,16.717
1683,italian dressing,saus italia,35,3.1,1.8,1.6,32,0,0,0.1,9.3,83,0,42,0,0,0,97,0,11,25,0,0.3,59,63,81,99,2.2,55,5.108
1684,brown gravy instant,saus coklat instan,25,0.8,4,0.6,0.6,0.2,0.8,0.3,0.4,0,18,33,81,0.03,0.2,33,42,0.1,0,0.05,26,7.8,0.5,2.1,14.2,24.6,87,14
1685,roquefort cheese dressing,saus keju roquefort,15,1.1,0.4,0.4,0.8,0,0.2,0.1,11.9,0,87,25,18,49,59,0,64,69,0,92,67,13.4,69,1.1,12.5,0.8,0.09,15.875
1686,blue cheese dressing,saus keju biru,71,7.7,0.7,0.5,0.2,45,4.7,0.2,6,48,56,72,49,94,0.05,31,26,0.1,71,0.6,36,5.6,58,1.2,11.1,13.2,55,14.429
1687,duck sauce,saus bebek,80,63,19.7,9.9,0.1,0.2,0,0.1,12.2,0,21,85,0,0.09,44,0,98,0.3,0,47,12,3.6,0.1,1.6,2.9,28.3,0.1,24.017
1688,au jus,aku hanya ingin,38,0.5,5.9,0,2.8,0,0,1.1,223,0,0.04,45,32,0.1,2.1,76,23,2.4,0,0,0,9.4,1.4,4.7,70.8,191.2,2.4,22.4
1689,corn syrup dark,sirup jagung hitam,57,0,15.5,15.5,0,0,0,47,4.4,0,25,0,0,45,71,13,62,0,0,0,0,3.6,44,1.6,2.2,8.8,69,19.122
1690,buttermilk dressing light,saus buttermilk ringan,30,1.9,3.2,0.6,0.2,0.2,2.4,0.2,9.3,23,59,52,0,12,51,0.1,85,61,0,0.2,26,6,0.1,0.9,29,19.8,2,11.699
1691,cider vinegar,cuka sari apel,3,0,0.1,18,0,0,0,11,14,0,0,0,0,0,0,0,0,0,0,0,0,1,52,0.7,1.2,10.9,59,1.117
1692,tartar sauce,saus tartar,32,2.5,2,0.6,0.2,78,1.1,0.1,10.1,56,23,8,0,74,94,76,34,0.3,0,0.3,89,3.9,47,0.9,2.6,10.2,98,9.096
1693,pepper hot sauce,saus cabai,1,18,31,65,24,71,0,0.1,4.2,0,6,45,0,78,78,97,61,3.5,0,61,39,0.4,35,0.2,0.5,6.8,55,4.171
1694,tomato chili sauce,saus tomat cabai,6,95,1.2,0.6,0.2,0.4,0,83,4.1,0,21,33,0,28,43,0,86,1,0,0.1,25,1.2,87,0.7,3.1,22.2,82,4.085
1695,turkey gravy dry,kuah kalkun kering,26,0.5,4.6,0,0.7,0,1,0.3,0.3,13,26,87,45,11,0.2,29,0.03,15,0,0,0,10.2,0.2,3.1,17.8,30,0.01,16.335
1696,salsa sauce,saus salsa,5,39,1.2,0.7,0.3,0.3,0,0.1,16.1,0,37,55,0,92,0.2,0.07,21,0.3,0,0.2,67,5.4,7,2.7,5.9,49.5,0.08,7.524
1697,steak sauce,saus steak,16,4,3.7,1.7,0.2,0.3,0,0.3,12.1,0,0.01,44,0,81,0.2,0,36,1.2,0,0.2,15,3.2,0.2,2.9,5.6,53,0.02,8.815
1698,molasses,tetes,58,68,14.9,14.9,0,0,0,7,4.4,0,17,0,0,44,0.2,0.2,0.1,0,0,0,0,41,0.9,48.4,6.2,292.8,0.08,56.848
1699,italian dressing fat free,saus Italia bebas lemak,7,0.1,1.2,1.2,0.1,77,0.3,0.2,12,0,81,31,0.07,17,73,0,0,26,0,0.1,42,4.2,36,0.7,15.3,14.3,59,5.71
1700,plum sauce,saus plum,35,0.2,8.1,0,0.2,0.1,0,0.1,10.2,0,75,32,0,66,0.2,92,94,21,0,0,0,2.3,0.3,2.3,4.2,49.2,29,11.246
1701,chow mein stir fry master foods,tumis mie chow mein master foods,26,0.2,0,0,0,0,0,0,0,0,0,0,0,0,0,0,0,0,0,0,0,0,0,0,0,0,0,0.2
1702,beef gravy instant,kuah daging sapi instan,25,0.6,4.1,1.6,0.7,0.3,0.7,0.3,0.3,0.1,85,65,9,27,26,12,0.1,0.01,0,2,21,9.4,0.4,2.7,16,30.2,82,15.598
1703,horseradish,lobak pedas,2,85,0.6,0.4,3,0.2,0,39,4.3,0,0,56,52,0,0.02,37,48,81,1.2,0,12,27,52,0.04,62,1.6,16,1.133
1704,grenadine,buah delima,54,0,13.4,9.3,0,0,0,38,6.5,0,0,0,0,64,0,0,0,0,0,0,0,1.2,11,0.8,0.8,5.6,66,14.63
1705,tabasco sauce,saus tabasco,1,2,6,67,45,13,0,75,4.5,0,56,59,0,66,91,81,0,0.2,0,14,31,0.6,19,0.6,1.1,6,89,1.054
1706,sweet sour sauce,saus asam manis,26,84,6.7,3.3,0.02,65,0,24,10.5,0,48,79,0,0.08,26,21,0.09,1.5,0,0.1,2,1.8,21,1.4,1.2,17.3,72,10.183
1707,salsa verde,saus hijau,6,0.1,1,0.5,0.2,0.3,0,34,13.4,0,27,84,0,5,0.2,21,93,1.8,0,97,3,1.4,79,2.9,6.2,38.9,67,4.826
1708,miso,miso,40,1.2,5.1,1.2,2.6,1.1,0,0.7,8.6,0,0,82,63,45,0.06,0.2,15,0.04,0,0,65,94,46,0.5,0.2,31.8,92,10.193
1709,soy flour roasted,tepung kedelai sangrai,375,18.6,28.6,6.5,29.6,8.2,0,83,3.2,0,0.4,0.2,0,0.8,2.8,1,0.3,0,0,1.7,87,159.8,4.9,313.7,404.6,1734.9,3,249.7
1710,soy flour low fat,tepung kedelai rendah lemak,330,7.8,30.7,9.3,40,14.1,0,85,4.1,0,1,0.3,0,0.2,2.6,1.4,0.9,0,0,0.5,23,250.8,7.2,250.8,594,1839.2,3.6,350.6
1711,soy proteins isolate,isolat protein kedelai,96,1,2.1,0,22.8,1.6,0,0.3,1.4,0,37,0.01,0,85,0.4,79,6,0,0,0,0,50.4,4.1,11,219.6,22.9,1.1,82
1712,tofu yogurt,yogurt tahu,246,4.7,41.8,3.2,9.2,0.5,0,0.03,203.1,0,0,0.2,4,0,27,0.6,0,48,6.6,0,0.8,13,0.2,2.8,0,99.6,68,56.57
1713,bacon meatless,daging babi asap tanpa daging,446,42.5,9.1,0,15.4,3.7,0,2.1,70.5,0,6.3,47,0,0.7,10.9,0.2,0.7,0,0,9.9,0,33.1,3.5,27.4,100.8,244.8,0.6,107.3
1714,meatless chicken fried,ayam goreng tanpa daging,304,16.6,11.1,0,27.7,5.6,0,0.5,73.4,0,1.7,17,38,0.5,16.6,0,1.1,0,0,2.5,0,54.6,5,15.6,318.5,390,0.8,120.6
1715,soymilk,susu kedelai,109,4.8,8.4,6.1,7.1,1,0,0.1,221.1,0,0,0.2,7,61,0.5,8,0,0.6,17.5,69,6.1,0,0.3,1.2,0,0,99,22.2
1716,soy vermicelli,bihun kedelai,463,0.1,115.2,24.4,0.1,5.5,0,32,16.7,0,0,0,0,0,0,0,0,0,0,0.7,19,77,2.5,2.8,28,4.2,5.9,200.4
1717,tofu fried,tahu goreng,35,2.6,1.2,0.4,2.4,0.5,0,21,6.6,0,0,0.01,36,0,54,73,41,94,0,0,11,99,51,0.6,0.2,37.3,38,6.832
1718,tempeh,tempe,320,17.9,15.6,0,30.8,0,0,68,99,0,0.1,86,96,0.6,4.4,0.5,0.4,0,0,0,0,184.3,4.5,134.5,441.6,683.9,1.9,253.1
1719,koyadofu,koyadofu,81,5.2,1.7,0,8.9,1.2,0,81,1,0,0,21,78,0,41,0.2,11,29,0.1,0,0,0,0.2,1.7,0.6,82.1,0.04,17.237
1720,meatless meatloaf,daging cincang tanpa daging,110,5,4.5,0.7,11.8,2.6,0,0.3,32.5,0,0.5,66,62,0.3,5.6,0,0.7,0,0,1,0,16.2,1.2,10.1,192.6,100.8,1,41.3
1721,soya vanille joghurt alpro,yoghurt kedelai vanili alpro,21,0.6,1,0.09,0.3,0,0,0,0,0,0,0,0,0,0,0,0,0,0,0,0,0,0,0,0,0,0,1.9
1722,soybean curd cheese,keju dadih kedelai,340,18.2,15.5,3.6,28.1,0,0,94,159.5,0,0,6,0,0.3,1.1,0.3,0.2,0,0,1.4,11,423,12.6,513,499.5,447.8,3.9,497.4
1723,soy sauce,kecap,8,54,0.8,97,1.3,0.1,0,0.9,11.4,0,0,12,0.04,0,73,0.4,46,0.01,0,0,0,0,31,0.2,0.2,26.6,87,2.293
1724,soybean dry roasted,kedelai sangrai kering,419,20.1,30.4,0,36.8,7.5,0,77,0.7,0,0.4,0.2,0,0.7,1,0.4,0.2,4.3,0,0,76,130.2,3.7,212,603.6,1268.5,4.4,233
1725,soybean oil,minyak kedelai,120,13.6,0,0,0,0,0,0,0,0,0,0,0,0,0,0,0,0,0,1.1,64,0,48,0,0,0,95,13.67
1726,meatless chicken,ayam tanpa daging,376,21.4,6.1,0,39.7,6,0,1.2,98.9,0,0.1,0.1,68,0.4,2.4,1,1.2,0,0,4.5,0,58.8,5.5,28.6,562.8,90.7,1.2,137.5
1727,soymilk nonfat,susu kedelai rendah lemak,68,46,10.1,8.9,6,0.5,0,0.1,225.2,0.1,64,92,63,0.4,0.8,0,84,0,71,0.2,63,281.9,0.9,24.3,211.4,255.2,0.2,299.508
1728,soy flour,tepung kedelai,23,1.1,1.8,0.4,1.8,0.5,0,23,0.3,0,0,62,58,0,2,0.2,69,9,0,0,0.1,61,0.2,0.3,0.1,25.7,86,5.488
1729,soybean lecithin oil,minyak lesitin kedelai,104,13.6,0,0,0,0,0,0,0,0,0,0,0,0,0,0,0,0,0,1.1,15,0,0,0,0,0,0,13.6
1730,tofu raw,tahu mentah,188,11.9,4.7,0,20,0.7,0,0.06,209.7,0,0.2,96,0,0.1,0.5,0.2,0.1,0.2,0,0,0,868,13.3,74.4,240.6,300.1,2,918.8
1731,soy chips,keripik kedelai,109,2.1,15,0.5,7.5,1,0,0.2,2.4,0,0.02,98,0,76,0.8,0.4,0.1,0,0,0.3,48,48.4,1.5,48.1,2,2,0.4,75.5
1732,green soybean raw,kedelai hijau mentah,376,17.4,28.3,0,33.2,10.8,0,17,172.8,0,1.1,0.4,0,0.4,4.2,0.4,0.2,74.2,0,0,0,504.3,9.1,166.4,496.6,1587.2,2.5,677.3
1733,soy proteins concentrate,konsentrat protein kedelai,93,0.1,7.2,0,18,1.6,0,0.3,1.6,0,76,87,0,78,0.2,7,15,0,0,0,0,102.7,3.1,39.6,237.4,127.4,1.2,132.7
1734,soybean margarine,margarin kedelai,34,3.8,43,0,52,0,0,5,0.7,67,0.06,13,49,51,33,12,54,77,0,0.1,0,1.4,0,0.1,1.1,2,0,5.309
1735,chocolate soymilk nonfat,susu kedelai coklat rendah lemak,107,46,20.7,8.9,6,0.5,0,0.1,214.8,0.1,1,0.03,5,0.4,1.2,0,37,0,62,0.3,21,281.9,0.9,24.3,211.4,255.2,0.2,310.107
1736,okara,okra,93,2.1,15.3,0,3.9,0,0,0.07,99.6,0,0,35,17,0,63,0.1,0.1,0.1,0,0,0,0,0.2,1.6,0.5,73.2,48,21.6
1737,meatless meatballs,bakso tanpa daging,284,13,11.5,1.8,30.2,6.6,0,0.8,83.5,0,1.4,0.1,73,0.3,3.6,0.7,0.3,0,0,2.5,0,36,3.1,25.9,495.4,259.2,2.6,100.4
1738,vanilla soymilk,susu kedelai vanila,131,4.3,15.3,9.7,7.9,1.5,0,0.1,214,0,0.1,32,0,0.2,1.2,0.9,0.2,0,0,0.3,42,60.8,1.6,60.8,126.4,286.7,0.3,91.4
1739,soy meal raw,makanan kedelai mentah,414,2.9,49,0,54.8,0,0,17,8.5,0,0.8,0.4,0,0.3,3.2,2.4,0.7,0,0,0,0,297.7,16.7,373.3,855.2,3037.8,6.2,421.1
1740,soymilk low fat,susu kedelai rendah lemak,104,1.5,17.5,8.5,4,1.9,0,0.04,218.4,0,0,0,0,0,0,0,0,0,32,0,0,199.3,1.1,0,150.7,155.5,0,225.3
1741,sprouted soybean raw,kedelai kecambah mentah,85,4.7,6.7,0,9.2,0.8,0,5,48.3,0,0,0.2,0.1,0,45,0.8,0.7,0.1,10.7,0,0,0,0.3,1.5,0.5,114.8,45,21.8
1742,soybean raw,kedelai mentah,830,37.1,56.1,13.6,67.9,17.3,0,23,15.9,0,1.6,0.7,0,1.6,3,1.5,0.7,11.2,0,1.6,99,515.2,29.2,520.8,1309.4,3342.4,9.1,734
1743,tempeh cooked,tempe matang,55,3.2,2.6,0,5.1,0,0,84,16.9,0,21,22,0.07,0.1,0.6,0.1,79,0,0,0,0,27.2,0.6,21.8,71.6,113.5,0.4,38.7
1744,vanilla soymilk light,susu kedelai vanila ringan,83,2.1,9.4,1,6.4,1.5,0,0.2,223.6,0,0,62,0.09,0.4,0,0,0,0,25,0,0,298.9,1.1,31.6,250.3,284.3,0.2,319.4
1745,chocolate soymilk,susu kedelai coklat,153,3.7,24.2,19.1,5.5,1,0,0.1,208,0,0.2,98,79,56,0.6,1.2,0.2,0.2,4.1,26,0.3,74,0.5,1.2,0,123.9,23,35.156
1746,soy oil,minyak kedelai,120,13.6,0,0,0,0,0,0,0,0,0,0,0,0,0,0,0,0,0,1.1,76,0,0,0,0,0,0,13.6
1747,natto,natto,169,8.8,11.5,3.9,14.2,4.3,0,26,44,0,0,0.1,89,0,0.2,0,0.2,0.1,10.4,0,9,85,0.5,6.9,1.2,139.2,33,39.429
1748,chrysanthemum raw,krisan mentah,12,0.3,1.5,0,1.7,1.5,0,12,46.6,0,0,0.07,84,0,97,0.3,0.1,61,0.7,0,0,0.2,44,1.2,0.5,27.5,0,5.285
1749,gourd cooked,labu masak,100,0.6,25.5,9.2,1.2,5.2,0,65,150,0,0,92,36,0,36,0.5,0.9,0.2,10.1,0,0.4,0.03,0.2,0.6,0.4,55.2,21,32.903
1750,cauliflower raw,kembang kol mentah,3,81,0.6,0.2,0.2,0.3,0,42,12,0,0,85,12,0,82,14,87,19,6.3,0,55,33,0.01,77,3,5.7,0.05,1.337
1751,red cabbage raw,kubis merah mentah,53,0.3,12.5,6.5,2.4,3.6,0,79,153.7,0,0.1,88,0,0.1,0.7,0.2,0.4,96.9,0,0.2,82,76.5,1.4,27.2,51,413.1,0.4,193.6
1752,broccoli raab raw,brokoli raab mentah,9,0.2,1.1,0.2,1.3,1.1,0,0.04,37,0,0,0.06,39,0,56,0.5,0.1,64,8.1,0,0.6,74,22,0.9,0.2,29.2,72,3.861
1753,napa cabbage cooked,kubis napa dimasak,13,0.2,2.4,0,1.2,0,0,12,105,0,51,94,0,96,0.5,0.07,52,3.5,0,0,0,31.6,0.8,8.7,20.7,94.8,0.2,39.7
1754,kelp,kelp,2,67,0.5,69,0.07,18,0,19,4.1,0,31,6,0,5,27,61,0.07,0.2,0,0.04,15,8.4,0.1,6.1,2.1,4.5,38,9.303
1755,shallots raw,bawang merah mentah,18,61,4.2,2,0.6,0.8,0,44,20,0,0,0.04,83,0,0.07,89,3,16,2,0,25,7,4,0.3,46,15,91,5.833
1756,bamboo shoots raw,rebung mentah,49,0.5,9.4,5.4,4.7,4,0,67,163.8,0,0,0.3,87,0,0.1,1.1,0.3,0.4,7.2,0,1.8,0,0.3,0.9,0.5,106.2,1,19.3
1757,jute cooked,goni dimasak,32,0.2,6.3,0.9,3.2,1.7,0,43,75.8,0,21,76,0,0.2,0.8,0.02,0.5,28.7,0,83,59,183.6,2.7,53.9,62.6,478.5,0.7,226.4
1758,red lettuce,selada merah,4,0.08,0.6,0.1,0.4,0.3,0,57,26.8,0,0,41,7,0,61,97,0.1,26,1,0,67,21,93,0.3,95,7.8,44,1.595
1759,broccoli cooked,brokoli dimasak,98,1.1,20.1,3.9,6.7,9.2,0,0.1,249.9,0,0,0.2,0.3,0,0.3,1.5,1.7,0.6,181.7,0,4.1,0.4,0.2,1.9,0.5,187.6,8,38.3
1760,romanesco raw,romanesco mentah,20,0.2,3.9,1.9,1.9,2,0,25,57.5,0,25,91,0,94,0.5,0.4,0.1,56.4,0,95,85,21.1,0.5,12.8,39.7,192,0.4,86
1761,eggplant raw,terong mentah,115,0.8,26.9,16.2,4.5,13.7,0,28,422.7,0,0.2,0.1,0,0.2,3,1.3,0.4,10.1,0,1.4,52,41.2,1.1,64.1,109.9,1048.8,0.7,98.3
1762,leeks raw,daun bawang mentah,54,0.3,12.6,3.5,1.3,1.6,0,3,73.9,0,0,56,87,0,38,0.4,0.1,0.2,10.7,0,0.8,11,0.1,1.9,0.4,31.2,0.03,16.132
1763,lemongrass citronella,serai serai wangi,5,76,1.2,0,38,0,0,24,3.4,0,0.05,11,0,97,18,82,34,0.1,0,0,0,3.1,0.4,2.9,4.8,34.7,0.1,4.937
1764,pumpkin cooked,labu masak,49,0.2,12,5.1,1.8,2.7,0,6,229.5,0,0,4,57,0,0.2,1,0.5,0.1,11.5,0,2,98,0.2,1.4,0.2,73.5,54,17.005
1765,celery cooked,seledri dimasak,7,98,1.5,0.9,0.3,0.6,0,93,35.3,0,81,21,0,71,0.1,49,22,2.3,0,0.1,61,15.8,0.2,4.5,9.4,106.5,98,20.767
1766,serrano pepper,cabai serrano,2,75,0.4,0.2,0.1,0.2,0,67,5.5,0,0,0.09,15,0,9,59,95,99,2.7,0,88,21,63,83,58,2.4,47,902
1767,nopales raw,nopales mentah,14,63,2.9,1,1.1,1.9,0,76,80.9,0,24,59,0,0.07,0.4,0.1,79,8,0,0,39,141,0.5,44.7,13.8,221,0.2,155.484
1768,sweet potato leaves cooked,daun ubi jalar yang sudah dimasak,22,0.2,4.7,3.5,1.4,1.2,0,0.2,57.1,0,57,16,0,0.2,0.6,0.1,0.1,1,0,0.6,12,21.1,0.4,30.7,25.6,199.7,0.2,30
1769,eggplant cooked,terong masak,33,0.2,8.1,3.2,0.8,2.5,0,0.2,88.8,0,66,86,0,28,0.6,8,81,1.3,0,0.4,21,5.9,0.2,10.9,14.9,121.8,0.1,19
1770,asparagus cooked,asparagus yang sudah dimasak,3,74,0.6,0.2,0.4,0.3,0,0,13.9,0,0,65,36,0,25,0.2,36,22,1.2,0,0.2,99,31,0.1,63,8.1,49,1.458
1771,rutabaga cooked,lobak swedia dimasak,72,0.4,16.4,9.5,2.2,4.3,0,49,219.7,0,0.2,69,0,91,1.7,0.4,0.2,45.1,0,0.6,0.03,43.2,0.4,24,98.4,518.4,0.3,112
1772,parsnips raw,lobak mentah,128,0.5,30.6,8.2,2,8.3,0,68,135.2,0,0,0.2,0.1,0,36,1.2,1,0.2,28.9,0,2.5,55,0.2,1,1,120.7,94,41.83
1773,sour pickles,acar asam,17,0.3,3.5,1.6,0.5,1.9,0,1.9,145.8,0,0,13,0,6,0,69,96,1.6,0,0.1,38,0,0.6,6.2,21.7,35.7,79,8.4
1774,turnip greens cooked,lobak hijau dimasak,29,0.3,6.3,0.8,1.6,5,0,0.4,134.2,0,77,0.2,0,0.1,0.6,0.4,0.3,39.5,0,2.7,0.5,197.3,1.2,31.7,41.8,292.3,0.2,251.2
1775,jerusalem artichokes,artichoke Yerusalem,110,47,26.2,14.4,3,2.4,0,11,117,0,0.3,52,0,49,2,0.6,0.1,6,0,0.3,14,21,5.1,25.5,117,643.5,0.2,63.742
1776,collard raw,sawi mentah,12,0.2,2,0.2,1.1,1.4,0,14,32.3,0,0,7,33,0,68,0.3,0.06,3,12.7,0,0.8,0.2,4,0.2,0.2,9,41,5.001
1777,chrysanthemum cooked,krisan yang dimasak,20,36,4.3,2,1.6,2.3,0,42,92.5,0,0,86,92,0,0.2,0.7,61,0.1,23.9,0,2.5,0.1,0.1,3.7,0.4,43,1,8.597
1778,oriental radish dried,lobak oriental kering,314,0.8,73.5,43.3,9.2,27.7,0,0.3,22.8,0,0.3,0.3,0,0.8,3.9,2.2,0.7,0,0,8,31,729.6,7.8,197.2,236.6,4053,2.5,848.6
1779,tomatillos,tomat kecil,42,1.3,7.7,5.2,1.3,2.5,0,19,121,0,88,93,0,99,2.4,0.2,74,15.4,0,0.5,33,9.2,0.8,26.4,51.5,353.8,0.3,38.2
1780,taro shoots raw,kecambah talas mentah,9,69,2,0,0.8,0,0,56,82.4,0,24,0.04,0,14,0.7,74,35,18.1,0,0,0,10.3,0.5,6.9,24.1,285.5,0.4,31.723
1781,acorn squash raw,labu acorn mentah,172,0.4,44.9,0,3.4,6.5,0,17,378.3,0,0.6,0.06,0,71,3,1.7,0.7,47.4,0,0,0,142.2,3,137.9,155.2,1495.6,0.6,247.8
1782,leeks dried,daun bawang kering,10,26,2.4,0,0.5,0.3,0,77,18,0,56,89,0,8,0.1,76,23,3.8,0,0,0,11.5,0.2,5.2,11.1,76.8,96,18.709
1783,cabbage raw,kubis mentah,70,0.3,16.2,9,3.6,7,0,6,258.1,0,0,0.2,0.1,0,0.1,0.7,0.6,0.3,102.5,0,0.4,0.2,83,1.3,0.4,72.8,57,27.635
1784,sweet red peppers cooked,paprika merah manis dimasak,19,0.1,4.5,3.2,0.7,0.9,0,0.2,67.1,0,41,55,0,49,0.3,66,0.2,124.8,0,1.2,16,6.6,0.3,7.3,13.1,121.2,55,137.9
1785,sweet red peppers raw,paprika merah manis mentah,46,0.4,9,6.3,1.5,3.1,0,92,137.4,0,94,89,0,0.1,1.5,0.5,0.4,190.3,0,2.4,95,10.4,0.6,17.9,38.7,314.4,0.4,215.3
1786,cucumber peeled,mentimun kupas,16,0.2,2.9,1.8,0.8,0.9,0,98,128.7,0,0,49,66,0,95,48,0.3,82,4.3,0,6,52,18,0.3,58,27.9,27,4.903
1787,purslane raw,krokot mentah,9,0.2,1.5,0,0.9,0,0,66,39.9,0,97,59,0,15,0.2,94,3,9,0,0,0,28,0.9,29.2,18.9,212.4,63,40.5
1788,peas onions cooked,kacang polong bawang bombay dimasak,81,0.4,15.5,6.8,4.6,4,0,0.5,158.7,0,0.3,78,0,0.1,1.9,0.2,0.2,12.4,0,19,53,25.2,1.7,23.4,61.2,210.6,0.5,63.8
1789,tomato cooked,tomat matang,22,0.1,4.9,3.1,1.2,0.9,0,29,116,0,0,54,52,0,74,0.7,0.2,96,28,0,0.7,54,52,0.8,0.1,34.4,0,7.36
1790,taro shoots cooked,kecambah talas yang sudah dimasak,20,0.1,4.5,0,1,0,0,0.3,133.4,0,24,14,0,35,1.1,0.1,0.2,26.5,0,0,0,19.6,0.6,11.2,36.4,481.6,0.8,52.3
1791,scots kale raw,kangkung Skotlandia mentah,28,0.4,5.6,0,1.9,1.1,0,59,58.3,0,0.05,0.08,0,0.09,0.9,57,0.2,87.1,0,0,0,137.4,2,59,41.5,301.5,0.2,235.5
1792,artichoke raw,artichoke mentah,60,0.2,13.5,1.3,4.2,6.9,0,0.1,108.7,0,0,97,58,0,0.03,1.3,0.4,0.1,15,0,0.2,45,0.3,1.6,0.3,115.2,56,25.274
1793,navy bean sprouts raw,tauge kacang navy mentah,70,0.7,13.6,0,6.4,0,0,63,82.3,0,0.4,0.1,0,0.2,1.3,0.9,0.2,19.6,0,0,0,15.6,2,105,104,319.3,0.9,57.9
1794,sweet pickles,acar manis,146,0.7,33.8,29.2,0.9,1.6,0,0.7,121.9,0,79,77,0,6,0.2,37,5,1.1,0,0.6,18,97.6,0.4,11.2,28.8,160,0.2,136.1
1795,oriental radish cooked,lobak oriental dimasak,25,0.4,5,2.7,1,2.4,0,0.4,139.7,0,0,59,0,89,0.2,0.2,21,22.2,0,0,16,25,0.2,13.2,35.3,419,0.2,56.2
1796,sweet potato leaves raw,daun ubi jalar mentah,15,0.2,3.1,0,0.9,1.9,0,73,30.4,0,31,0,0,0.1,0.4,0.07,42,3.9,0,0,0.1,27.3,0.3,24.5,28.4,177.8,0,37.6
1797,irishmoss,lumut Irlandia,2,49,0.6,98,37,82,0,84,4.1,0,4,0.02,0,27,9,36,61,0.2,0,0.04,12,3.6,0.4,7.2,7.9,3.2,52,4.975
1798,drumstick leaves cooked,daun kelor yang sudah dimasak,25,0.4,4.7,0.4,2.2,0.8,0,0.1,34.3,0,41,91,0,0.2,0.8,7,0.4,13,0,84,85,63.4,1,63.4,28.1,144.5,0.2,85.5
1799,winter squash raw,labu musim dingin mentah,39,0.2,10,2.6,1.1,1.7,0,27,104.1,0,54,0.08,0,1,0.6,0.2,0.2,14.3,0,0.1,21,32.5,0.7,16.2,26.7,406,0.2,60.5
1800,pumpkin raw,labu mentah,30,0.1,7.5,3.2,1.2,0.6,0,62,106.3,0,9,36,0,0.1,0.7,0.3,71,10.4,0,1.2,12,24.4,0.9,13.9,51,394.4,0.4,45.1
1801,chicory greens,daun sawi hijau,7,96,1.4,0.2,0.5,1.2,0,17,26.7,0,0,33,21,0,8,0.1,0.3,62,7,0,0.7,79,81,0.3,0.1,13.6,15,3.279
1802,spinach cooked,bayam dimasak,41,0.5,6.8,0.8,5.3,4.3,0,0.1,164.2,0,0,0.2,0.3,0,0.4,0.9,0.3,0.4,17.6,0,3.7,0.9,0.3,6.4,1.7,100.8,29,18.5
1803,radish pickled,lobak acar,42,0.5,7.8,3,1.7,3.3,0,1.2,137.3,0,54,1,0,21,0.5,0.3,0.2,0,0,0,8,42,0.3,12,46.5,499.5,0.3,55.6
1804,sweet onion,bawang manis,106,0.3,25,16.6,2.6,3,0,63,302,0,0,0.1,47,0,62,0.4,0.3,0.4,15.9,0,38,33,0.2,0.9,0.3,89.4,67,31.6
1805,salsify cooked,salsify dimasak,92,0.2,20.7,3.9,3.7,4.2,0,28,109.4,0,42,31,0,0.2,0.5,0.4,0.3,6.2,0,0.3,99,63.5,0.7,24.3,75.6,382.1,0.4,99.2
1806,radish seeds sprouted,biji lobak tumbuh,16,1,1.4,0,1.4,0,0,67,34.2,0,6,77,0,54,1.1,0.3,0.1,11,0,0,0,19.4,0.3,16.7,42.9,32.7,0.2,34.5
1807,turnips raw,lobak mentah,51,0.2,11.8,7,1.6,3.3,0,0.1,168.1,0,0,54,83,0,47,0.7,0.4,0.2,38.4,0,88,57,0.2,0.5,0.2,49.4,55,17.384
1808,burdock root raw,akar burdock mentah,85,0.2,20.5,3.4,1.8,3.9,0,8,94.5,0,21,88,0,57,0.4,0.4,0.3,3.5,0,0.4,61,48.4,0.9,44.8,60.2,363.4,0.4,79.2
1809,red cabbage cooked,kubis merah dimasak,49,0.2,11.8,5.6,2.6,4.4,0,47,154.4,0,0,0.1,98,0,0.1,0.6,0.3,0.4,18.4,0,0.2,49,32,1.1,0.4,56.1,68,19.534
1810,jute raw,rami mentah,10,46,1.6,0,1.3,0,0,42,24.6,0,0,43,0.02,0,0.2,0.4,11,0.2,10.4,0,0,0,49,1.3,9,23.2,9,3.197
1811,hot chile pepper dried,cabai rawit kering,2,54,0.3,0.2,54,0.1,0,41,87,0,71,48,0,28,85,91,23,0.2,0,79,46,0.2,62,0.4,0.8,9.4,59,01.07
1812,salsify raw,salsifikasi mentah,109,0.3,24.7,0,4.4,4.4,0,93,102.4,0,0,0.1,66,0,0.3,0.7,0.5,0.4,10.6,0,0,0,0.1,0.9,0.4,99.8,0.06,34.3
1813,crookneck squash raw,labu leher bengkok mentah,24,0.3,4.9,4.5,1.3,1.3,0,47,119.7,0,85,76,0,79,0.6,0.2,0.1,24.5,0,0.2,97,26.7,0.6,25.4,40.6,281.9,0.4,59.6
1814,indian squash cooked,labu india yang dimasak,38,0.4,7.6,4.7,0.7,3.5,0,0,226.1,0,64,98,0,16,0.2,0.1,25,0,0,0,0,0,0,0,0,0,0,12.2
1815,poi,aku suka,269,0.3,65.4,0.9,0.9,1,0,91,171.9,0,0,0.3,0.08,0,31,2.6,0.7,0.7,9.6,0,5.5,22,0.4,2.1,0.9,93.6,98,68.761
1816,sesbania flower cooked,bunga turi yang sudah dimasak,22,7,5.3,0,1.2,0,0,0.3,97,0,28,5,0,12,0.3,0,0,38.5,0,0,0,22.9,0.6,12.5,21.8,111.3,0,68.544
1817,acorn squash cooked,labu acorn yang dimasak,115,0.3,29.9,0,2.3,9,0,0.5,169.9,0,0.3,31,0,8,1.8,1,0.4,22.1,0,0,0,90.2,1.9,88.2,92.3,895.9,0.3,155.7
1818,cauliflower cooked,kembang kol dimasak,29,0.6,5.1,2.6,2.3,2.9,0,94,115.3,0,0,8,62,0,56,0.5,0.6,0.2,54.9,0,4,68,41,0.4,0.2,39.7,59,11.26
1819,crookneck squash cooked,labu leher bengkok dimasak,34,0.7,6.8,4.5,1.9,2,0,0.4,169.7,0,72,14,0,49,0.9,0.6,0.1,20.9,0,0.2,2,39.6,0.7,28.8,52.2,318.6,0.4,72.6
1820,laver seaweed,rumput laut laver,1,12,0.1,71,0.2,0.09,0,75,2.2,0,5,89,0,96,57,68,13,1,0,62,52,1.8,87,49,1.5,9.3,0.09,3.176
1821,mountain yam cooked,ubi gunung dimasak,119,0.1,29,0,2.5,0,0,0.4,111.9,0,0.1,89,0,81,0.2,0.7,0.3,0,0,0,0,11.6,0.6,14.5,58,717.8,0.5,43.8
1822,pumpkin flowers raw,bunga labu mentah,5,84,1.1,0,0.3,0,0,66,31.4,0,0,26,0,79,0.2,0,0,9.2,0,0,0,12.9,0.2,7.9,16.2,57.1,0,23.71
1823,mustard greens raw,sawi hijau mentah,15,0.2,2.6,0.7,1.6,1.8,0,4,50.8,0,88,26,0,97,0.4,0.1,0.1,39.2,0,1.1,0.1,64.4,0.9,17.9,32.5,215,0.1,110.7
1824,arrowhead,mata panah,12,84,2.4,0,0.6,0,0,82,8.7,0,29,0.06,0,84,0.2,0.09,12,0.1,0,0,0,1.2,0.3,6.1,20.9,110.6,94,4.68
1825,japanese cabbage,kubis jepang,45,0.2,8.5,2,2.4,4.7,0,0.4,137.1,0,0,94,0,29,0.3,0.3,0.2,1.1,0,0.2,0.2,72,0.7,18,64.5,1279.5,0.3,89.6
1826,mung bean sprouts cooked,tauge kacang hijau yang sudah dimasak,24,0.1,4.5,3.5,2.5,1,0,0.3,115.8,0,0.02,92,0,0.1,1,0.3,32,14.1,0,61,39,14.9,0.8,17.4,34.7,125.2,0.6,37.9
1827,scallop squash cooked,kerang squash dimasak,29,0.3,5.9,2.7,1.9,3.4,0,0.4,171,0,85,37,0,36,0.8,0.1,0.2,19.4,0,0.2,35,27,0.6,34.2,50.4,252,0.4,58.5
1828,pumpkin leaves cooked,daun labu yang sudah dimasak,15,0.2,2.4,0.5,1.9,1.9,0,0.2,65.7,0,96,27,0,53,0.6,78,0.1,0.7,0,0.7,49,30.5,2.3,27,56.1,311,0.1,39.9
1829,hungarian pepper,Lada Hungaria,8,0.1,1.8,1,0.2,0.3,0,28,24.7,0,21,53,0,8,0.3,64,0.1,25.1,0,0.1,64,3.2,0.1,4.3,7.8,54.5,47,30.8
1830,sweet potato baked,ubi jalar panggang,103,0.2,23.6,7.4,2.3,3.8,0,0.07,86.4,0,0.1,43,0,0.1,1.7,1,0.3,22.3,0,0.8,0.04,43.3,0.8,30.8,61.6,541.5,0.4,96.3
1831,chinese cabbage pe tsai raw,kubis cina pe tsai mentah,12,0.2,2.5,1.1,0.9,0.9,0,49,71.7,0,68,0.05,0,28,0.3,55,0.2,20.5,0,3,88,58.5,0.2,9.9,22,180.9,0.2,83.7
1832,taro raw,talas mentah,116,0.2,27.5,0.4,1.6,4.3,0,54,73.5,0,28,24,0,59,0.6,0.3,0.3,4.7,0,2.5,1,44.7,0.6,34.3,87.4,614.6,0.2,83.6
1833,yam bean jicama,"ubi jalar, singkong",49,0.1,11.5,2.3,0.9,6.4,0,47,117.1,0,75,61,0,17,0.3,0.2,0.02,26.3,0,0.6,19,15.6,0.8,15.6,23.4,195,0.2,61.6
1834,olives,buah zaitun,10,0.9,0.5,0,0.09,0.1,0,1,6.7,0,0.06,0,0,0,22,56,86,0.03,0,0.1,42,7.4,0.5,0.3,0.3,0.7,85,9.479
1835,mustard greens cooked,sawi hijau yang sudah dimasak,36,0.7,6.3,2,3.6,2.8,0,0.4,128.5,0,8,7,0,42,0.6,0.2,0.1,35.4,0,2.5,0.8,165.2,1.2,18.2,58.8,226.8,0.2,215.2
1836,pumpkin flowers cooked,bunga labu yang sudah dimasak,20,0.1,4.4,3.2,1.5,1.2,0,82,127.6,0,19,49,0,41,0.4,0,94,6.7,0,61,0,49.6,1.2,33.5,45.6,142,0.1,64.7
1837,tree fern cooked,pakis pohon dimasak,57,96,15.3,0,0.4,5.3,0,0.3,125.8,0,0,31,0,0.4,5,83,0.3,42.6,0,0,0,11.4,0.2,7.1,5.7,7.1,0.4,75.253
1838,yellow corn raw,jagung kuning mentah,606,7.9,123.3,1.1,15.6,12.1,0,0.06,17.2,0,0.6,57,0,0.3,6,0.7,1,0,0,0.8,16,11.6,4.5,210.8,348.6,476.4,3.7,175
1839,endive,andewi,9,0.1,1.7,0.1,0.6,1.6,0,0.08,46.9,0,92,65,0,17,0.2,0.5,95,3.3,0,0.2,0.1,26,0.4,7.5,14,157,0.4,33.7
1840,wakame,bangun,36,0.5,7.3,0.5,2.4,0.4,0,0.7,64,0,87,0.2,0,0.2,1.3,0.6,0.07,2.4,0,0.8,39,120,1.7,85.6,64,40,0.3,134.7
1841,tahitian taro raw,talas tahitian mentah,55,1.2,8.6,0,3.5,0,0,3,110,0,79,29,0,0.3,1.2,0.2,0.1,120,0,0,0,161.3,1.6,58.8,56.3,757.5,0.1,296.2
1842,broccoli raw,brokoli mentah,31,0.3,6,1.5,2.6,2.4,0,49,81.3,0,0,88,85,0,0.1,0.6,0.5,0.2,81.2,0,0.7,92,16,0.7,0.2,60.1,36,11.548
1843,sweet green peppers raw,paprika hijau manis mentah,30,0.3,6.9,3.6,1.3,2.5,0,23,139.9,0,13,11,0,68,0.7,0.1,0.3,119.8,0,0.6,83,14.9,0.5,14.9,29.8,260.8,0.2,146.2
1844,chinese cabbage pak choi cooked,kubis cina pak choi dimasak,20,0.3,3,1.4,2.7,1.7,0,0.5,162.4,0,68,12,0,0.1,0.7,0.1,0.3,44.2,0,0.2,49,158.1,1.8,18.7,49.3,630.7,0.3,211.8
1845,agar,agar,1,58,0.3,5,53,27,0,49,4.6,0,0,27,0.08,0,97,6,91,66,0,0,3,75,2,46,27,0.3,0.1,587
1846,watercress,selada air,4,6,0.4,99,0.8,0.2,0,38,32.3,0,0,28,85,0,34,3,0.1,85,14.6,0,0.3,69,63,56,48,20.4,95,1.59
1847,beet greens cooked,daun bit dimasak,39,0.3,7.9,0.9,3.7,4.2,0,0.3,128.3,0,0.2,9,0,0.4,0.7,0.5,0.2,35.9,0,2.6,0.7,164.2,2.7,97.9,59,1309,0.7,218.9
1848,winter squash cooked,labu musim dingin yang dimasak,76,0.7,18.1,6.8,1.8,5.7,0,68,182.9,0,17,9,0,0.1,1,0.5,0.3,3.7,0,0.2,36,45.1,0.9,26.7,39,494.1,0.5,76
1849,new zealand spinach raw,bayam selandia baru mentah,8,0.1,1.4,0.2,0.8,0.8,0,17,52.6,0,51,63,0,3,0.3,0.2,0.2,16.8,0,0.8,0.2,32.5,0.4,21.8,15.7,72.8,0.2,52.8
1850,okra,buah okra,4,82,0.9,0.2,0.2,0.4,0,98,10.7,0,41,67,0,24,0.1,18,44,2.7,0,1,85,9.8,82,6.8,7.3,35.6,0.04,14.081
1851,yautia tannier,yautia penyamak kulit,132,0.5,31.9,0,2,2,0,31,98.6,0,0.1,15,0,71,0.9,0.3,0.3,7,0,0,0,12.2,1.3,32.4,68.9,807.3,0.7,56.9
1852,mustard spinach cooked,bayam sawi dimasak,29,0.4,5,0,3.1,3.6,0,0.5,170.1,0,81,0.1,0,0.1,0.8,0.2,0.2,117,0,0,0,284.4,1.4,12.6,32.4,513,0.2,414.9
1853,rhubarb cooked,rhubarb dimasak,278,0.1,74.9,68.9,0.9,4.8,0,7,162.7,0,0,71,66,0,0.06,0.5,0.1,41,7.9,0,0.5,81,24,0.5,0.2,19.2,57,80.893
1854,beets raw,bit mentah,58,0.2,13,9.2,2.2,3.8,0,0.1,119.1,0,0,96,0.1,0,77,0.5,0.2,26,6.7,0,64,79,0.1,1.1,0.4,54.4,96,19.395
1855,drumstick pods raw,polong paha ayam mentah,37,0.2,8.5,0,2.1,3.2,0,77,88.2,0,22,83,0,95,0.6,0.8,0.1,141,0,0,0,30,0.4,45,50,461,0.5,185.4
1856,baby zucchini,zucchini bayi,2,89,0.3,0,0.3,0.1,0,41,10.2,0,0.06,35,0,92,63,52,9,3.8,0,0,0,2.3,98,3.6,10.2,50.5,84,6.89
1857,onion raw,bawang mentah,16,48,3.7,1.7,0.4,0.7,0,65,35.6,0,0,47,54,0,43,74,63,98,3,0,29,0.08,11,14,72,11.6,92,4.955
1858,romanesco cooked,romanesco dimasak,39,0.4,7.7,0,3.7,4,0,0.3,109.2,0,39,85,0,0.1,0.8,0.8,0.3,88.6,0,0,0,39,0.9,23.2,69.5,339.2,0.8,144.3
1859,butternut squash raw,labu butternut mentah,90,0.2,23.4,4.4,2,4,0,67,172.8,0,0,0.2,16,0,48,2.4,0.8,0.3,42,0,2.9,75,0.1,1.4,0.4,66,24,30.078
1860,amaranth leaves,daun bayam,6,75,1.1,0,0.7,0,0,71,25.7,0,46,29,0,42,0.2,39,9,12.1,0,0,0.3,60.2,0.6,15.4,14,171.1,0.3,74.73
1861,turnip greens raw,lobak hijau mentah,18,0.2,3.9,0.4,0.8,1.8,0,12,49.3,0,15,0.1,0,15,0.3,0.2,0.1,33,0,1.6,0.1,104.5,0.6,17.1,23.1,162.8,0.1,144.8
1862,spaghetti squash raw,spaghetti squash mentah,31,0.6,7,2.8,0.6,1.5,0,81,92.5,0,0.06,22,0,61,1,0.4,0.1,2.1,0,0.1,76,23.2,0.3,12.1,12.1,109.1,0.2,35.3
1863,seaweed dry,rumput laut kering,52,0.3,9.2,0,3.1,7.3,6.6,0.9,2.8,0,14,0.01,43,0.3,0.8,0,3,5.8,11,1.1,0,59.8,13.3,138.4,52,588.8,0.5,98.8
1864,yam cooked,ubi jalar matang,158,0.2,37.4,0.7,2,5.3,0,17,95.4,0,0,0.1,35,0,88,0.8,0.4,0.3,16.5,0,0.5,83,0.2,0.7,0.5,66.6,6,45.477
1865,corn dried,jagung kering,119,3,18.8,6,4.1,5.8,0,29,1.8,0,95,48,0,11,2.3,0.4,0.3,0,0,0.1,0,7.1,0.7,42.2,97.4,219.3,0.9,39.5
1866,cucumber,timun,23,0.2,5.4,2.5,1,0.8,0,61,142.8,0,64,0.08,0,66,0.1,0.4,46,4.2,0,49,38,24,0.4,19.5,36,220.5,0.3,36
1867,arrowroot,ararut,78,0.2,16.1,0,5.1,1.6,0,52,96.9,0,0.2,0.4,0,0.06,2,0.4,0.3,2.3,0,0,0,7.2,2.7,30,117.6,544.8,0.8,35.2
1868,cardoon raw,cardoon mentah,30,0.2,7.2,0,1.2,2.8,0,0.3,167.3,0,0,64,0.1,0,98,0.5,0.6,0.2,3.6,0,0,0,0.4,1.2,0.5,40.9,58,12
1869,bamboo shoots cooked,rebung dimasak,14,0.3,2.3,0,1.8,1.2,0,0.04,115.1,0,0,67,71,0,51,0.4,68,0.1,0,0,0,0,83,0.3,0.1,24,46,5.76
1870,summer squash raw,labu musim panas mentah,42,0.5,8.7,5.7,3.1,2.9,0,51,246.1,0,0,0.1,19,0,0.4,1.3,0.4,0.6,44.2,0,0.3,9,0.1,0.9,0.5,98.8,96,15.958
1871,sweet potato raw,ubi jalar mentah,112,2,26.2,5.4,2,3.9,0,79,100.5,0,0,0.1,49,0,81,0.7,1,0.3,3.1,0,0.3,48,0.2,0.8,0.3,61.1,44,32.696
1872,green tomato,tomat hijau,42,0.4,9.3,7.3,2.2,2,0,55,169.3,0,0.1,27,0,17,0.9,0.9,0.1,42.6,0,0.7,3,23.7,0.9,18.2,51,371.3,0.1,81.1
1873,beet greens raw,daun bit mentah,8,78,1.6,0.2,0.8,1.4,0,13,34.6,0,8,64,0,68,0.2,27,87,11.4,0,0.6,0.2,44.5,1,26.6,15.6,289.6,0.1,60.771
1874,savoy cabbage cooked,kubis savoy dimasak,41,0.2,9.2,0,3.1,4.8,0,0.05,156.4,0,0,76,39,0,66,12,0.3,0.3,28.9,0,0,0,89,0.6,0.3,56.1,77,17.612
1875,witloof chicory,sawi putih,9,31,2.1,0,0.5,1.6,0,22,50.1,0,29,16,0,68,15,53,96,1.5,0,0,0,10.1,0.1,5.3,13.8,111.8,79,15.994
1876,turnips cooked,lobak dimasak,34,0.1,7.9,4.7,1.1,3.1,0,17,146,0,0,1,96,0,11,0.5,0.2,0.1,18.1,0,82,63,25,0.3,0.2,29.6,17,12.408
1877,dried tomatoes,tomat kering,5,53,1.1,0.8,0.3,0.2,0,69,0.3,0,13,22,0,56,0.2,72,34,0.8,0,79,0.09,2.2,0.2,3.9,7.1,68.5,85,4.838
1878,radicchio,lobak,15,0.2,2.9,0.4,0.9,0.6,0,33,60.5,0,39,39,0,77,0.2,0.2,48,5.2,0,1.5,0.2,12.4,0.4,8.5,26,196.3,0.4,22.6
1879,mixed vegetables cooked,sayuran campur yang dimasak,118,0.3,23.8,5.7,5.2,8,0,89,151.5,0,0,0.1,53,0,0.2,1.5,0.3,0.1,5.8,0,0.7,83,0.2,1.5,0.7,92.8,22,37.698
1880,yellow tomato,tomat kuning,32,0.6,6.3,0,2.1,1.5,0,88,202,0,0,56,67,0,89,2.5,0.2,0.1,19.1,0,0,0,0.2,1,0.3,76.3,71,10.8
1881,cardoon cooked,cardoon dimasak,26,0.1,6.4,0,0.9,2,0,0.2,112.2,0,47,81,0,44,0.4,0.1,9,2,0,0,0,86.4,0.9,51.6,27.6,470.4,0.2,98.7
1882,spinach raw,bayam mentah,7,0.1,1.1,0.1,0.9,0.7,0,36,27.4,0,45,64,0,24,0.2,63,94,8.4,0,0.6,0.1,29.7,0.8,23.7,14.7,167.4,0.2,41.7
1883,kale raw,kangkung mentah,7,0.3,0.9,0.2,0.6,0.9,0,45,18.8,92,42,48,0,55,0.2,58,88,19.6,0,0.1,18,53.3,0.3,6.9,11.6,73.1,82,75.973
1884,drumstick pods cooked,polong paha ayam dimasak,42,0.2,9.7,0,2.5,5,0,0.3,104.3,0,0.08,39,0,37,0.7,0.8,0.1,114.5,0,0,0,23.6,0.5,49.6,57.8,539.3,0.5,156
1885,kohlrabi raw,kolrabi mentah,72,0.3,16.4,6.9,4.5,9.5,0,63,241.2,0,0,0.1,55,0,75,1.1,0.4,0.4,164.3,0,1.3,69,0.3,1.1,0.4,121.9,15,31.457
1886,lentil sprouts,kecambah kacang lentil,82,0.4,17,0,6.9,0,0,44,51.9,0,0.2,46,0,82,0.9,0.4,0.1,12.7,0,0,0,19.3,2.5,28.5,133.2,247.9,1.2,58.8
1887,carrots raw,wortel mentah,25,0.1,5.8,2.9,0.6,1.7,0,24,53.9,0,0,64,34,0,33,0.6,0.2,84,3.6,0,0.4,28,22,0.2,4,21.4,12,8.43
1888,red chili peppers,cabai merah,18,0.2,4,2.4,0.8,0.7,0,0.03,39.6,0,76,85,0,36,0.6,0.04,0.2,64.7,0,0.3,39,6.3,0.5,10.4,19.4,144.9,0.1,77.2
1889,fennel,adas,73,0.5,17.1,0,2.9,7.3,0,0.1,211.1,0,0,49,11,0,22,1.5,0.5,0.1,28.1,0,1.4,0.1,0.2,1.7,0.4,117,25,28.2
1890,sweet corn white,jagung manis putih,63,0.9,13.9,2.4,2.4,2,0,16,55.5,0,0,0.1,0.06,0,0.03,1.2,0.6,74,5,0,79,84,49,0.4,0.1,65,94,19.356
1891,celeriac raw,seledri mentah,66,0.5,14.4,2.5,2.3,2.8,0,0.2,137.3,0,0,44,98,0,63,1.1,0.5,0.3,12.5,0,0.6,81,0.1,1.1,0.2,179.4,93,20.499
1892,hubbard squash raw,labu hubbard mentah,46,0.6,10.1,4.6,2.3,4.5,0,94,102.1,0,0,66,98,0,25,0.6,0.5,0.2,12.8,0,0.2,86,33,0.5,0.2,24.4,0.02,17.795
1893,brussels sprouts cooked,kubis brussel dimasak,8,0.1,1.5,0.4,0.5,0.5,0,51,18.7,0,12,0,0,79,0.1,22,43,13,0,76,59,7.6,0.3,4.2,11.8,66.6,67,23.5
1894,carrots cooked,wortel dimasak,16,92,3.8,1.6,0.3,1.4,0,25,41.5,0,53,63,0,51,0.3,0.1,36,1.7,0,0.5,36,13.8,0.2,4.6,13.8,108.1,73,21.214
1895,lambs quarters raw,daging domba potong seperempat mentah,0,67,69,0,0.08,46,0,33,0.8,0,41,83,0,11,65,0,54,0,0,0,94,3.3,0.06,1.5,0.6,11.4,0.08,3.658
1896,lotus root cooked,akar teratai dimasak,6,56,1.4,0,0.1,0.3,0,0,7.2,0,23,15,0,22,7,83,53,2.4,0,0,0,2.3,59,2,6.9,32.3,97,6.591
1897,split peas raw,kacang polong mentah,672,2.3,118.9,15.8,48.4,50.2,0,75,22.2,0,1.4,0.5,0,0.4,5.7,3.5,0.3,3.5,0,0.2,37,108.4,8.7,226.6,721,1932.6,5.9,340.4
1898,scots kale cooked,kangkung Skotlandia dimasak,36,0.5,7.3,0,2.5,0,0,0.4,118.6,0,68,42,0,56,1,0.08,0.2,68.6,0,0,0,171.6,2.5,74.1,49.4,356.2,0.3,253
1899,corn cooked,jagung matang,99,1.5,21.6,4.7,3.5,2.5,0,39,75.6,0,0,6,53,0,17,1.7,0.8,0.1,5.7,0,6,55,25,0.5,0.2,79.3,84,29.288
1900,radish raw,lobak mentah,1,26,0.2,66,42,2,0,33,4.3,0,0,66,88,0,82,4,73,96,0.7,0,0,2,52,26,84,0.9,13,556
1901,stinging nettles,jelatang,37,7,6.7,0.2,2.4,6.1,0,0.09,78,0,27,99,0,0.1,0.3,0,98,0,0,0,0.4,428.1,1.5,50.7,63.2,297.3,0.3,444.816
1902,baby carrots,wortel bayi,5,53,1.2,0.7,31,0.4,0,97,13.6,0,2,35,0,35,95,0.09,92,0.4,0,0,53,4.8,0.1,1.5,4.2,35.6,25,6.999
1903,sweet yellow peppers,paprika kuning manis,50,0.4,11.8,0,1.9,1.7,0,17,171.2,0,0.08,64,0,52,1.7,0.3,0.3,341.3,0,0,0,20.5,0.9,22.3,44.6,394.3,0.3,378.5
1904,taro leaves raw,daun talas mentah,12,0.2,1.9,0.8,1.4,1,0,83,24,0,41,41,0,0.1,0.4,35,96,14.6,0,0.6,47,30,0.6,12.6,16.8,181.4,0.1,49.7
1905,corn raw,jagung mentah,123,1.9,26.7,9,4.7,2.9,0,83,108.8,0,0,0.2,0.08,0,32,2.5,1,0.1,9.7,0,0.1,54,76,0.7,0.2,127.3,22,36.328
1906,roselle,bunga rosela,28,0.4,6.4,0,0.5,0,0,79,49.4,0,5,0,0,17,0.2,0,0,6.8,0,0,0,122.6,0.8,29.1,21.1,118.6,0,137.5
1907,drumstick leaves raw,daun kelor mentah,13,0.3,1.7,0,2,0.4,0,71,16.5,0,26,31,0,0.1,0.5,65,0.3,10.9,0,0,0,38.9,0.8,30.9,23.5,70.8,0.1,55
1908,scallop squash raw,kerang squash mentah,23,0.3,5,3.1,1.6,1.6,0,75,122.4,0,2,0.08,0,0.01,0.8,0.1,0.1,23.4,0,0.2,38,24.7,0.5,29.9,46.8,236.6,0.4,57.1
1909,chicory roots,akar sawi putih,65,0.2,15.8,7.9,1.3,1.4,0,55,72,0,0,0.08,7,0,29,0.4,0.3,0.2,4.5,0,0,0,51,0.7,0.2,54.9,76,18.997
1910,brussels sprouts raw,kubis brussel mentah,8,77,1.7,0.4,0.6,0.7,0,49,16.3,0,54,18,0,11,0.1,38,0.02,16.2,0,0.2,32,8,0.3,4.4,13.1,73.9,59,27.553
1911,kale cooked,kangkung dimasak,42,1.4,6.3,1.4,3.5,4.7,0,18,106,0,0.2,28,58,0,0.2,0.5,49,69,21,0,1.9,0.5,0.2,1,0.5,49.6,82,16.697
1912,pupusas con frijoles,pupusas dengan dingin,289,11.4,39.7,1.6,7,7.3,0,0.4,65.7,0,61,0,0,26,1.1,0.4,0.2,0,0,0.5,99,64.3,1.8,68,181.4,384.3,1.2,131.5
1913,mustard cabbage,kubis mustard,36,0.1,7.2,1.8,1.4,4,0,0.9,117.9,0,0,31,93,0,0.1,0.9,0.2,0.4,0,0,49,0.1,77,0.9,0.3,34.6,24,13.276
1914,gourd raw,labu mentah,19,0.2,4.1,1.9,1.1,1,0,0.03,89.2,0,0,35,59,0,84,0.4,0.2,22,11.4,0,62,47,16,0.3,29,30.4,32,6.584
1915,butternut squash cooked,labu butternut yang sudah dimasak,80,0.2,21,3.9,1.8,6.4,0,2,175.6,0,0.1,22,0,33,1.9,0.7,0.2,30.2,0,2.6,29,82,1.2,58,54,568,0.3,142.8
1916,burdock root cooked,akar burdock dimasak,146,0.2,35.1,5.9,3.5,3,0,0.4,125.6,0,5,67,0,79,0.5,0.6,0.5,4.3,0,0.8,63,81.3,1.3,64.7,154.4,597.6,0.6,128.7
1917,cassava,singkong,330,0.6,78.4,3.5,2.8,3.7,0,99,122.9,0,0,0.2,51,0,82,1.8,0.2,0.2,42.4,0,0.4,11,0.2,0.6,0.8,55.6,86,85.964
1918,peas carrots cooked,kacang polong wortel dimasak,77,0.7,16.2,7,4.9,5,0,0.5,137.3,0,0.4,16,0,0.1,1.8,0.3,0.1,13,0,0.8,57,36.8,1.5,25.6,78.4,252.8,0.7,78.1
1919,romaine lettuce,selada romaine,8,0.1,1.5,0.6,0.6,1,0,83,44.5,0,0.09,51,0,6,0.1,92,26,1.9,0,11,99,15.5,0.5,6.6,14.1,116.1,0.1,21.1
1920,yam raw,ubi jalar mentah,177,0.3,41.8,0.8,2.3,6.2,0,17,104.4,0,0,0.2,2,0,1,0.8,0.5,0.4,25.7,0,0.5,25,0.3,0.8,0.6,82.5,0.1,51.39
1921,chowchow pickles,acar chowchow,296,2.2,65.3,58.5,3.7,3.7,0,1.3,168.8,0,0,67,0,66,0,0.2,22,14.7,0,0.4,0.2,56.4,3.4,51.5,53.9,490,0.6,149.4
1922,prairie turnips raw,lobak padang rumput mentah,20,29,4.5,0.1,0.3,1,0,59,7.7,0,19,51,0,0.02,0.1,0,27,0.7,0,0,0,16.5,0.2,8,3.9,19.8,0.05,23.255
1923,savoy cabbage raw,kubis savoy mentah,19,17,4.3,1.6,1.4,2.2,0,7,63.7,0,0,3,0.06,0,94,0.2,0.1,0.1,21.7,0,0.1,66,71,0.3,0.1,29.4,14,8.199
1924,celery raw,seledri mentah,6,45,1.2,0.5,0.3,0.6,0,19,38.2,0,0,41,41,0,2,0.1,32,7,1.2,0,0.1,86,56,63,0.01,9.6,31,2.212
1925,celeriac cooked,seledri yang dimasak,42,0.3,9.1,0,1.5,0,0,84,143.1,0,33,91,0,65,0.7,0.3,0.2,5.6,0,0,0,40.3,0.7,18.6,102.3,268.2,0.3,57.5
1926,mustard spinach raw,bayam sawi mentah,33,0.5,5.9,0,3.3,4.2,0,25,138.3,0,0.1,0.2,0,0.1,1,0.3,0.2,195,0,0,0,315,2.3,16.5,42,673.5,0.3,526.2
1927,zucchini raw,zucchini mentah,44,0.8,8.1,6.5,3.1,2.6,0,23,246.5,0,0,0.1,96,0,0.2,1.2,0.5,0.4,46.5,0,0.3,33,0.1,1,0.5,98.8,0.05,15.151
1928,okra cooked,okra dimasak,35,0.3,7.2,3.8,3,4,0,0.4,148.1,0,0.2,97,0,24,1.4,0.3,0.3,26.1,0,0.4,57,123.2,0.4,57.6,51.2,216,0.7,164.2
1929,white icicle radish,lobak es putih,14,0.1,2.6,0,1.1,1.4,0,49,95.4,0,2,97,0,95,0.3,0.2,79,29,0,0,0,27,0.8,9,28,280,0.1,62
1930,orange tomato,tomat oranye,18,0.2,3.5,0,1.3,1,0,1,105.2,0,0,67,0.06,0,27,0.7,0.2,71,17.8,0,0,0,79,0.5,99,32.2,6,6.093
1931,pumpkin leaves raw,daun labu mentah,7,0.2,0.9,0,1.2,0,0,57,36.2,0,49,42,0,55,0.4,22,15,4.3,0,0,0,15.2,0.9,14.8,40.6,170,45,22.7
1932,spaghetti squash cooked,spaghetti squash dimasak,42,0.4,10,3.9,1,2.2,0,0.4,143.1,0,26,99,0,17,1.3,0.6,0.2,5.4,0,0.2,83,32.6,0.5,17.1,0,181.4,0.3,52.1
1933,white corn cooked,jagung putih matang,100,1.5,22.4,8,3.4,2.8,0,82,75,0,0,99,93,0,0.05,1.7,0.8,0.1,6.4,0,37,17,52,0.6,0.2,94.8,56,30.302
1934,artichoke cooked,artichoke dimasak,64,0.4,14.3,1.2,3.5,10.3,0,87,100.9,0,0,17,0.1,0,0.1,1.3,0.3,28,8.9,0,0.2,35,0.2,0.7,0.3,87.6,74,28.845
1935,avocado,alpukat,432,39.6,23,1.8,5.4,18.1,0,45,197.7,0,0,0.2,0.2,0,0.4,4.7,3.8,0.7,27,0,5.6,78,0.5,1.5,0.4,140.4,52,87.302
1936,string beans wellsley farms,kacang panjang wellsley farms,8,0,1.7,0.3,0.3,87,1,0,0,0,0,0,0,0,0,0,0,0,0,0,0,0,0,0,0,0,0,02.09
1937,lambs quarters cooked,daging domba yang dimasak,58,1.3,9,1.1,5.8,3.8,0,0.5,160,0,0.2,77,0,0.5,1.6,0.1,0.3,66.6,0,0,0.9,464.4,1.3,41.4,81,518.4,0.5,552.2
1938,peas cooked,kacang polong yang dimasak,134,0.4,25,9.5,8.6,8.8,0,74,124.6,0,0,0.4,0.1,0,0.2,3.2,0.2,0.3,22.7,0,0.2,11,0.3,2.5,0.8,187.2,5,43.499
1939,beets cooked,bit dimasak,22,85,5,4,0.8,1,0,35,43.5,0,0,33,23,0,65,0.2,79,26,1.8,0,16,99,21,0.4,0.2,19,9,7.012
1940,shallots dried,bawang merah kering,3,13,0.7,0.3,0.1,0.1,0,59,87,0,0,44,0.02,0,13,18,0.05,96,0.4,0,93,43,82,21,88,2.7,32,01.07
1941,green lettuce,selada hijau,23,0.2,4.3,1.2,2,2,0,0.05,142.5,0,0,0.1,77,0,0.1,0.6,0.2,0.1,13.8,0,0.3,0.2,12,1.3,0.4,43.5,86,8.829
1942,kohlrabi cooked,kolrabi yang dimasak,48,0.2,11,4.6,3,1.8,0,35,149,0,0,13,29,0,37,0.6,0.3,0.3,89.1,0,0.9,8,0.2,0.7,0.2,74.3,37,16.506
1943,kanpyo dried,kanpyo kering,139,0.3,35.1,0,4.6,5.3,0,56,10.8,0,0,0,87,0,85,1.6,1.4,0.3,0.1,0,0,0,0.2,2.8,0.6,101.5,58,45.8
1944,prairie turnips boiled,lobak padang rumput rebus,18,86,4.2,0.7,0.2,1,0,12,9.5,0,9,0,0,41,88,0,26,0.3,0,0,0,14.4,0.1,6.9,2.8,15.1,35,20.299
1945,broccoli raab cooked,brokoli raab matang,21,0.4,2.7,0.5,3.3,2.4,0,77,77.7,0,0,0.1,4,0,0.1,1.7,0.4,0.2,31.5,0,2.2,0.2,0.06,1.1,0.3,69.7,69,9.289
1946,summer squash cooked,labu musim panas yang dimasak,49,1,9.9,6.4,2.7,2.9,0,36,245.1,0,0.1,0.1,95,0,23,1.3,0.4,0.2,30.2,0,0.3,28,0.3,1,0.6,75.4,32,17.09
1947,taro cooked,talas yang dimasak,187,0.1,45.7,0.6,0.7,6.7,0,55,84.2,0,0,0.1,42,0,2,0.7,0.4,0.4,6.6,0,3.9,73,0.3,1,0.6,100.3,5,53.993
1948,spring onion scallions,daun bawang daun bawang,6,77,1.5,0.5,0.4,0.5,0,48,18,0,0,25,0.06,0,43,0.1,97,55,3.8,0,0.1,6,57,0.3,0.09,7.4,56,2.554
1949,hubbard squash cooked,labu hubbard dimasak,57,0.7,12.3,5.6,2.8,5.5,0,0.5,173.1,0,0,84,1,0,64,0.6,0.6,0.2,12.4,0,0.2,29,95,0.5,0.2,26.6,53,21.554
1950,jalapeno pepper,cabai jalapeno,4,2,0.9,0.6,0.1,0.4,0,28,12.8,0,0,66,48,0,23,0.2,74,79,16.6,0,0.5,11,45,33,59,3.6,69,1.593
1951,new zealand spinach cooked,bayam selandia baru dimasak,22,0.3,3.8,0.5,2.3,2.5,0,0.6,170.6,0,22,38,0,0.2,0.7,0.5,0.4,28.8,0,2.2,0.5,86.4,1.2,57.6,39.6,183.6,0.6,125.3
1952,sesbania flower raw,bunga turi mentah,1,95,0.2,0,12,0,0,7,2.7,0,66,0.07,0,98,27,0,0,2.2,0,0,0,0.6,91,0.4,0.9,5.5,0,3.181
1953,spirulina dried,spirulina kering,20,0.5,1.7,0.2,4,0.3,0,31,0.3,0,0.2,14,0,0.3,0.9,0.2,37,0.7,0,0.4,0.08,8.4,2,13.7,8.3,95.4,0.1,17.6
1954,chinese cabbage pe tsai cooked,kubis cina pe tsai dimasak,17,0.2,2.9,0,1.8,2,0,0.3,113.3,0,21,44,0,8,0.6,42,0.2,18.8,0,0,0,38.1,0.4,11.9,46.4,267.8,0.2,64.2
1955,zucchini cooked,zucchini dimasak,27,0.6,4.8,3.1,2.1,1.8,0,77,171.4,0,8,97,0,39,0.9,0.5,0.1,23.2,0,0.2,75,32.4,0.7,34.2,66.6,475.2,0.6,65.6
1956,green olives pickled,zaitun hijau diasamkan,4,0.4,0.1,51,73,57,0,0.1,2,0,0,68,33,0,88,62,78,12,0,0,0.1,72,71,45,0,0.1,17,801
1957,lotus root raw,akar teratai mentah,85,0.1,19.8,0,3,5.6,0,0.06,91,0,0.2,7,0,0.3,0.5,0.4,0.3,50.6,0,0,0,51.8,1.3,26.5,115,639.4,0.4,132.2
1958,grape leaves,daun anggur,13,0.3,2.4,0.9,0.8,1.5,0,5,10.3,0,41,61,0,27,0.3,34,0.02,1.6,0,0.3,35,50.8,0.4,13.3,12.7,38.1,7,57.8
1959,dill pickled cucumber,acar mentimun,17,0.2,3.7,1.9,0.9,1.6,0,1.3,134.9,0,98,29,0,96,0.1,48,46,1.1,0,0.1,26,60.1,0.5,10,17.2,131.6,0.2,68.1
1960,skunk cabbage,kubis sigung,11,0.1,1.8,0,1.5,1.2,0,16,51.8,0,89,64,0,96,0.5,33,0.08,30.8,0,0,0,43.1,0.9,39.8,21.8,174.7,0.1,79.4
1961,banana pepper,paprika pisang,9,0.1,1.8,0.6,0.5,1.1,0,39,30.3,0,0.04,82,0,64,0.4,98,0.1,27.3,0,0.2,33,4.6,0.2,5.6,10.6,84.5,97,35.6
1962,oriental radish raw,lobak oriental mentah,61,0.3,13.9,8.5,2,5.4,0,14,319.8,0,6,73,0,35,0.7,0.5,0.2,74.4,0,0,59,91.3,1.4,54.1,77.7,767.3,0.5,188.7
1963,purslane cooked,krokot yang dimasak,21,0.2,4.1,0,1.7,0,0,0.3,107.5,0,37,53,0,0.1,0.5,94,51,12.1,0,0,0,89.7,0.9,77.1,42.6,561.2,0.2,108.7
1964,rhubarb raw,rhubarb mentah,11,0.1,2.3,0.6,0.5,0.9,0,58,47.7,0,0,79,22,0,58,0.2,19,42,4.1,0,0.1,58,18,0.1,26,7.1,3,4.017
1965,swamp cabbage,sayur kangkung,20,0.2,3.6,0,2,1.9,0,0.4,91.1,0,45,63,0,34,0.5,0.1,86,15.7,0,0,0,52.9,1.3,29.4,41.2,278.3,0.2,77.6
1966,mung bean sprouts raw,tauge kacang hijau mentah,6,44,1.2,0.8,0.6,0.4,0,0.08,18.1,0,0,0.09,93,0,6,0.1,75,33,2.6,0,23,69,72,0.2,61,10.8,0.04,2.418
1967,onion cooked,bawang bombay masak,7,34,1.5,0.7,0.2,0.2,0,0.04,13.2,0,0,48,0.07,0,26,44,72,78,0.8,0,22,84,67,69,84,5.3,55,2.171
1968,swiss chard raw,lobak Swiss mentah,7,42,1.3,0.4,0.6,0.6,0,89,33.4,0,0.02,7,0,52,0.1,57,45,10.8,0,0.7,0.3,18.4,0.6,29.2,16.6,136.4,0.1,32.314
1969,peas raw,kacang polong mentah,117,0.6,21,8.2,7.9,7.4,0,17,114.3,0,0.4,21,0,0.2,3,0.2,0.2,58,0,0.2,77,36.3,2.1,47.9,156.6,353.8,1.8,133.3
1970,cabbage cooked,kubis dimasak,35,19,8.3,4.2,1.9,2.9,0,11,138.9,0,0,63,31,0,42,0.4,0.3,0.2,56.3,0,0.2,0.2,67,0.3,0.3,49.5,23,13.566
1971,taro leaves cooked,daun talas yang sudah dimasak,35,0.6,5.6,0,3.9,2.9,0,0.3,133.6,0,0.2,74,0,0.6,1.8,77,0.1,51.5,0,0,0,124.7,1.7,29,39.2,667,0.3,190.9
1972,leeks cooked,daun bawang dimasak,38,0.2,9.4,2.6,1,1.2,0,67,112.6,0,7,66,0,95,0.2,9,0.1,5.2,0,0.6,55,37.2,1.4,17.4,21.1,107.9,57,55.6
1973,split peas cooked,kacang polong yang sudah dimasak,227,0.8,40.2,5.7,16.3,16.3,0,0.5,136.2,0,0.4,0.1,0,0.1,1.7,1.2,86,0.8,0,28,63,27.4,2.5,70.6,194,709.5,2,104.3
1974,sweet corn yellow,jagung manis kuning,58,0.4,14.2,2.6,4.1,1.5,0,0.05,55.9,0,0,79,16,0,93,0.9,0.5,68,5.9,0,86,0,75,0.3,14,46.7,29,20.347
1975,asparagus raw,asparagus mentah,2,37,0.5,0.2,0.3,0.3,0,47,11.2,0,0,73,64,0,61,0.1,4,67,0.7,0,0.1,88,39,0.3,68,6.2,58,1.326
1976,collard cooked,sawi masak,63,1.4,10.7,0,5.1,7.6,0,13,171.3,0,82,46,0,0.2,1.1,0.4,0.2,34.6,0,1.7,0.8,267.9,2.1,39.9,60.8,222.3,0.4,329.4
1977,swiss chard cooked,lobak Swiss yang dimasak,35,0.1,7.2,1.9,3.3,3.7,0,0.7,162.1,0,0.01,76,0,0.2,0.6,0.3,0.1,31.5,0,3.3,0.6,101.5,4,150.5,57.8,960.8,0.6,151.3
1978,nopales cooked,nopales dimasak,22,3,4.9,1.7,2,3,0,87,140.5,0,43,42,0,39,0.4,0.2,4,7.9,0,0,31,244.4,0.7,70,23.8,290.6,0.3,262.963
1979,tahitian taro cooked,talas tahitian yang dimasak,60,0.9,9.4,0,5.7,0,0,0.4,118.5,0,78,94,0,0.3,0.7,0.2,0.2,52.1,0,0,0,204.1,2.1,69.9,91.8,853.5,0.1,274.3
1980,chinese cabbage pak choi raw,kubis cina pak choi mentah,9,0.1,1.5,0.8,1.1,0.7,0,87,66.7,0,35,88,0,59,0.4,77,0.1,31.5,0,68,79,73.5,0.6,13.3,25.9,176.4,0.1,109
1981,green chili pepper,cabai hijau,18,97,4.3,2.3,0.9,0.7,0,23,39.5,0,0,51,41,0,35,0.4,73,0.1,109.1,0,0.3,17,59,0.5,0.1,20.7,55,6.188
1982,mountain yam raw,ubi gunung mentah,91,0.1,22.2,0.4,1.8,3.4,0,21,110.8,0,0.1,57,0,93,0.7,0.6,0.2,3.5,0,0.3,78,35.4,0.6,16.3,46.2,568.5,0.4,67
1983,parsnips cooked,lobak yang dimasak,114,0.5,27.2,7.7,2.1,6.4,0,21,128.4,0,0,0.1,37,0,0.01,1.2,0.9,0.1,20.8,0,1.6,65,0.2,0.9,0.5,110.4,56,36.576
1984,tomato stewed,tomat rebus,97,3.3,16.1,0,2.4,2.1,0,0.6,99.2,0,0,0.1,83,0,73,1.4,0.3,0.1,22.4,0,0,0,0.1,1.3,0.2,46.7,0.08,24.1
1985,sweet green peppers cooked,paprika hijau manis dimasak,19,0.1,4.5,2.3,0.7,0.9,0,0.2,67.1,0,55,92,0,33,0.3,87,0.2,54.3,0,0.4,67,6.6,0.3,7.3,13.1,121.2,9,67.4
1986,white corn raw,jagung putih mentah,143,2,31.6,5.3,5.3,4.5,0,88,126.1,0,0,0.3,96,0,65,2.8,0.7,0.08,11.3,0,0.1,81,0.5,0.9,0.8,147.7,96,43.973
1987,rutabaga raw,rutabaga mentah,286,1.2,66.5,34.4,8.3,17.8,0,61,690.4,0,0.7,0.2,0,0.3,5.4,1.2,0.8,193,0,2.3,48,332,3.4,154.4,409.2,2354.6,1.9,622.2
1988,jalapeno peppers canned,cabai jalapeno kalengan,37,1.3,6.4,2.9,1.3,3.5,0,2.3,120.9,0,17,92,0,46,0.5,0.6,0.3,13.6,0,0.9,0.06,31.3,2.6,20.4,24.5,262.5,0.5,60
1989,pumpkin canned,labu kalengan,83,0.7,19.8,8.1,2.7,7.1,0,0.6,220.4,0,92,15,0,0.1,0.9,1,0.1,10.3,0,2.6,67,63.7,3.4,56.4,85.8,504.7,0.4,107.7
1990,peas onions canned,kacang polong bawang kalengan,61,0.5,10.3,0,3.9,2.8,0,0.5,103.7,0,0.1,89,0,55,1.5,0.2,0.2,3.6,0,0,0,20.4,1,19.2,61.2,115.2,0.7,42.5
1991,sweet mashed potato canned,kentang tumbuk manis kalengan,258,0.5,59.1,13.9,5,4.3,0,0.2,188.4,0,76,0.05,0,0.2,2.4,1.3,0.6,13.3,0,2.8,58,76.5,3.4,61.2,132.6,535.5,0.5,162.1
1992,hominy canned,bubur jagung kalengan,119,1.5,23.5,3,2.4,4.1,0,0.6,136.2,0,55,84,0,66,3,0.3,32,0,0,37,26,16.5,1,26.4,57.8,14.9,1.7,49
1993,tomato puree canned,pure tomat kalengan,95,0.5,22.5,12.1,4.1,4.8,0,2,219.7,0,0,56,76,0,0.2,3.7,1.1,0.3,26.5,0,4.9,38,0.7,4.5,0.4,100,1,32.936
1994,dried tomatoes canned in oil,tomat kering kalengan dalam minyak,6,0.4,0.7,0,0.2,0.2,0,56,1.6,0,5,26,0,38,0.1,95,62,3.1,0,0,0,1.4,57,2.4,4.2,47,38,6.037
1995,mixed vegetables canned,sayuran campuran kalengan,88,0.6,17.5,0,3.5,9.3,0,0.5,221.1,0,0,0.03,97,0,98,1.2,0.3,0.2,9.3,0,0,0,0.3,1.6,1,90.7,0.02,31.4
1996,straw mushrooms canned,jamur jerami kalengan,2,0.09,0.3,0,0.2,0.1,0,49,4.9,0,0,12,12,0,21,16,65,99,0,0,0,0,0.06,15,88,3.4,83,771
1997,capers canned,caper kalengan,2,89,0.4,11,0.2,0.3,0,0.2,7.2,0,89,18,0,36,94,99,78,0.4,0,66,83,3.4,0.1,2.8,0.9,3.4,92,4.856
1998,red peppers canned,paprika merah kalengan,15,58,3.7,2.4,0.7,0.9,0,0.9,67.5,0,0.05,17,0,16,0.6,2,0.1,49.6,0,0.5,37,5.1,0.4,10.2,12.4,136.5,0.1,60.443
1999,carrots canned,wortel kalengan,104,0.6,24.4,11.2,2.6,8.2,0,0.2,422.2,0,0,61,69,0,0.1,1.9,0.6,0.5,9.1,0,3.3,28,0.5,2.4,2,90.8,0.1,36.875
2000,tomatoes in tomato juice canned,tomat dalam jus tomat kalengan,41,0.3,9.6,5.7,1.9,2.4,0,0.3,226.3,0,0.1,83,0,0.1,1.7,0.3,0.3,22.3,0,1.6,24,74.4,2.3,26.4,45.6,451.2,0.3,113.2
2001,asparagus canned,asparagus kalengan,62,0.7,10.2,4.1,7.4,4.1,0,0.1,387.7,0,0.2,0.3,0,0.4,3.5,0.5,0.4,67.8,0,1.2,0.2,61.7,2.5,37,156.2,706.9,1.9,154.4
2002,sweet red peppers canned,paprika merah manis kalengan,25,0.4,5.5,0,1.1,1.7,0,1.9,127.8,0,66,97,0,88,0.8,24,0.2,65.1,0,0,0,57.4,1.1,15.4,28,204.4,0.3,132.3
2003,onions canned,bawang bombay kalengan,12,84,2.5,1.4,0.5,0.8,0,0.2,59.3,0,49,22,0,1,62,48,95,2.7,0,38,87,28.4,11,3.8,17.6,69.9,0.2,34.925
2004,turnip greens canned,lobak hijau kalengan,27,0.4,4,0.6,2,1.9,0,82,136.4,0,17,0.1,0,78,0.5,0.3,98,22.3,0,2.1,0.4,169.9,2.2,28.8,30.2,203,0.3,202.7
2005,hearts of palm,hati palem,9,0.2,1.5,0,0.8,0.8,0,0.1,29.8,0,54,18,0,12,0.1,72,0.08,2.6,0,0,0,19.1,1,12.5,21.5,58.4,0.4,26
2006,iceberg lettuce,selada gunung es,8,45,1.7,1.1,0.5,0.7,0,22,54.5,0,0,15,0.07,0,59,61,46,42,1.6,0,0.1,79,33,0.2,61,11.4,7,3.064
2007,cornsalad,salad jagung,12,0.2,2,0,1.1,0,0,67,52,0,0,96,2,0,72,0.2,24,0.2,21.4,0,0,0,92,1.2,0.2,29.7,6,3.593
2008,side salad mcdonalds,salad sampingan mcdonalds,17,0.2,3.7,1.9,0.9,1.4,0,37,81.7,0,98,59,0,42,0.2,0,0,13.7,0,0,0,20.9,0.6,0,0,191.4,0,41.4
2009,celtuce,selada kol,1,88,0.3,0,71,0.1,0,94,7.6,0,33,91,0,31,0.02,47,34,1.6,0,0,0,3.1,79,2.2,3.1,26.4,45,5.255
2010,arugula,arugula,5,0.1,0.7,0.4,0.5,0.3,0,18,18.3,0,15,55,0,53,0.07,35,44,3,0,43,67,32,0.3,9.4,10.4,73.8,91,36.9
2011,coleslaw,salad kol,292,18.9,28.4,23.3,1.8,3.6,7.6,0.4,140.2,18,75,0.03,0,0,17,0.4,0.5,0.2,27.9,0,1,0.1,39,0.4,0.2,38.2,0,53.118
2012,shiitake mushrooms raw,jamur shiitake mentah,6,39,1.3,0.5,0.4,0.5,0,96,17.1,0,12,0.05,0,23,0.7,0.3,53,0,38,0,0,0.4,0.05,3.8,21.3,57.8,0.2,2.788
2013,crimini mushrooms,jamur crimini,1,18,0.3,0.1,0.2,64,0,86,5.5,0,0,87,74,41,76,0.2,94,1,0,99,15,0,98,7,48,7.2,38,681
2014,mushrooms raw,jamur mentah,15,0.2,2.3,1.4,2.2,0.7,0,53,64.7,0,0.05,93,0,0.3,2.5,1,25,1.5,5,26,0,2.1,0.4,6.3,60.2,222.6,0.4,9.4
2015,maitake mushrooms,jamur maitake,0,17,72,43,16,41,0,59,1,0,0,3,64,0,3,0.03,26,0.08,0,42,34,0,13,88,82,0.8,35,374
2016,chanterelle mushrooms,jamur chanterelle,2,63,0.4,76,33,0.2,0,28,4.9,0,0,2,77,0,52,0.2,83,0.01,0,48,0,0,67,0.2,24,3.1,64,757
2017,truffles,jamur truffle,61,4.1,5.4,4.6,0.7,0.3,6.4,34,1.6,64,49,82,61,28,86,13,45,19,0,0.2,82,18.8,0.2,5.8,20.5,35.6,0.2,29.59
2018,jews ear,telinga orang yahudi,25,95,6.7,0,0.5,0,0,27,91.7,0,2,9,0,0.2,12,2,82,0.6,0,0,0,15.8,0.6,24.8,13.9,42.6,0.7,24.249
2019,enoki mushrooms,jamur enoki,1,99,0.2,34,62,89,0,84,2.7,0,0,87,31,0,21,0.2,0,95,0,72,88,0,99,34,15,3.2,96,433
2020,morel mushrooms,jamur morel,4,0.07,0.7,96,0.4,0.4,0,0.08,11.6,0,0,62,74,0,8,0.3,28,55,0,5,0,0,56,1.6,0.06,25,69,1.727
2021,portabella mushrooms raw,jamur portabella mentah,19,0.3,3.3,2.2,1.8,1.1,0,14,79.8,0,64,75,0.06,0.1,3.9,1,0.1,0,0.08,49,0,2.6,0.3,0,92.9,313,0.5,9.4
2022,oyster mushroom,jamur tiram,5,35,0.9,0.2,0.5,0.3,0,98,13.4,0,0,16,17,0,77,0.7,0.2,56,0,97,0,0,8,0.2,55,18,48,1.804